# 
# Wavefront OBJ file
# Created with Kaydara FBX
# 
mtllib asm1.mtl

g Asm1
v -63.023315 37.183444 34.627278
v -63.019362 37.382226 34.627278
v -63.019362 37.382226 -0.000000
v -63.035168 36.984975 34.627278
v -63.023315 37.183444 -0.000000
v -63.054902 36.787135 34.627278
v -63.035168 36.984975 -0.000000
v -63.082486 36.590236 34.627278
v -63.054902 36.787135 -0.000000
v -63.117875 36.394589 34.627278
v -63.082486 36.590236 -0.000000
v -63.161016 36.200504 34.627278
v -63.117875 36.394589 -0.000000
v -63.211838 36.008287 34.627278
v -63.161016 36.200504 -0.000000
v -63.270262 35.818243 34.627278
v -63.211838 36.008287 -0.000000
v -63.336195 35.630672 34.627278
v -63.270262 35.818243 -0.000000
v -63.409533 35.445870 34.627278
v -63.336195 35.630672 -0.000000
v -63.490160 35.264131 34.627278
v -63.409533 35.445870 -0.000000
v -63.577949 35.085740 34.627278
v -63.490160 35.264131 -0.000000
v -63.672761 34.910980 34.627278
v -63.577949 35.085740 -0.000000
v -63.774446 34.740128 34.627278
v -63.672761 34.910980 -0.000000
v -63.882842 34.573454 34.627278
v -63.774446 34.740128 -0.000000
v -63.997780 34.411221 34.627278
v -63.882842 34.573454 -0.000000
v -64.119076 34.253686 34.627278
v -63.997780 34.411221 -0.000000
v -64.246539 34.101098 34.627278
v -64.119076 34.253686 -0.000000
v -64.379968 33.953697 34.627278
v -64.246539 34.101098 -0.000000
v -64.519152 33.811718 34.627278
v -64.379968 33.953697 -0.000000
v -64.663870 33.675385 34.627278
v -64.519152 33.811718 -0.000000
v -64.813894 33.544913 34.627278
v -64.663870 33.675385 -0.000000
v -64.968987 33.420509 34.627278
v -64.813894 33.544913 -0.000000
v -65.128902 33.302368 34.627278
v -64.968987 33.420509 -0.000000
v -65.293388 33.190679 34.627278
v -65.128902 33.302368 -0.000000
v -65.462185 33.085618 34.627278
v -65.293388 33.190679 -0.000000
v -65.635025 32.987350 34.627278
v -65.462185 33.085618 -0.000000
v -65.811635 32.896032 34.627278
v -65.635025 32.987350 -0.000000
v -65.991736 32.811807 34.627278
v -65.811635 32.896032 -0.000000
v -66.175043 32.734809 34.627278
v -65.991736 32.811807 -0.000000
v -66.361266 32.665160 34.627278
v -66.175043 32.734809 -0.000000
v -66.550111 32.602969 34.627278
v -66.361266 32.665160 -0.000000
v -66.741279 32.548335 34.627278
v -66.550111 32.602969 -0.000000
v -66.934468 32.501345 34.627278
v -66.741279 32.548335 -0.000000
v -67.129373 32.462072 34.627278
v -66.934468 32.501345 -0.000000
v -67.325685 32.430579 34.627278
v -67.129373 32.462072 -0.000000
v -67.523093 32.406916 34.627278
v -67.325685 32.430579 -0.000000
v -67.721287 32.391119 34.627278
v -67.523093 32.406916 -0.000000
v -67.919951 32.383215 34.627278
v -67.721287 32.391119 -0.000000
v -68.118773 32.383215 34.627278
v -67.919951 32.383215 -0.000000
v -68.317438 32.391119 34.627278
v -68.118773 32.383215 -0.000000
v -68.515631 32.406916 34.627278
v -68.317438 32.391119 -0.000000
v -68.713040 32.430579 34.627278
v -68.515631 32.406916 -0.000000
v -68.909352 32.462072 34.627278
v -68.713040 32.430579 -0.000000
v -69.104256 32.501345 34.627278
v -68.909352 32.462072 -0.000000
v -69.297445 32.548335 34.627278
v -69.104256 32.501345 -0.000000
v -69.488614 32.602969 34.627278
v -69.297445 32.548335 -0.000000
v -69.677459 32.665160 34.627278
v -69.488614 32.602969 -0.000000
v -69.863682 32.734809 34.627278
v -69.677459 32.665160 -0.000000
v -70.046989 32.811807 34.627278
v -69.863682 32.734809 -0.000000
v -70.227090 32.896032 34.627278
v -70.046989 32.811807 -0.000000
v -70.403700 32.987350 34.627278
v -70.227090 32.896032 -0.000000
v -70.576540 33.085618 34.627278
v -70.403700 32.987350 -0.000000
v -70.745336 33.190679 34.627278
v -70.576540 33.085618 -0.000000
v -70.909822 33.302368 34.627278
v -70.745336 33.190679 -0.000000
v -71.069738 33.420509 34.627278
v -70.909822 33.302368 -0.000000
v -71.224831 33.544913 34.627278
v -71.069738 33.420509 -0.000000
v -71.374854 33.675385 34.627278
v -71.224831 33.544913 -0.000000
v -71.519573 33.811718 34.627278
v -71.374854 33.675385 -0.000000
v -71.658756 33.953697 34.627278
v -71.519573 33.811718 -0.000000
v -71.792185 34.101098 34.627278
v -71.658756 33.953697 -0.000000
v -71.919649 34.253686 34.627278
v -71.792185 34.101098 -0.000000
v -72.040945 34.411221 34.627278
v -71.919649 34.253686 -0.000000
v -72.155882 34.573454 34.627278
v -72.040945 34.411221 -0.000000
v -72.264279 34.740128 34.627278
v -72.155882 34.573454 -0.000000
v -72.365964 34.910980 34.627278
v -72.264279 34.740128 -0.000000
v -72.460775 35.085740 34.627278
v -72.365964 34.910980 -0.000000
v -72.548564 35.264131 34.627278
v -72.460775 35.085740 -0.000000
v -72.629192 35.445870 34.627278
v -72.548564 35.264131 -0.000000
v -72.702530 35.630672 34.627278
v -72.629192 35.445870 -0.000000
v -72.768463 35.818243 34.627278
v -72.702530 35.630672 -0.000000
v -72.826887 36.008287 34.627278
v -72.768463 35.818243 -0.000000
v -72.877709 36.200504 34.627278
v -72.826887 36.008287 -0.000000
v -72.920849 36.394589 34.627278
v -72.877709 36.200504 -0.000000
v -72.956239 36.590236 34.627278
v -72.920849 36.394589 -0.000000
v -72.983823 36.787135 34.627278
v -72.956239 36.590236 -0.000000
v -73.003557 36.984975 34.627278
v -72.983823 36.787135 -0.000000
v -73.015409 37.183444 34.627278
v -73.003557 36.984975 -0.000000
v -73.019362 37.382226 34.627278
v -73.015409 37.183444 -0.000000
v -73.015409 37.581009 34.627278
v -73.019362 37.382226 -0.000000
v -73.003557 37.779477 34.627278
v -73.015409 37.581009 -0.000000
v -72.983823 37.977317 34.627278
v -73.003557 37.779477 -0.000000
v -72.956239 38.174216 34.627278
v -72.983823 37.977317 -0.000000
v -72.920849 38.369863 34.627278
v -72.956239 38.174216 -0.000000
v -72.877709 38.563948 34.627278
v -72.920849 38.369863 -0.000000
v -72.826887 38.756165 34.627278
v -72.877709 38.563948 -0.000000
v -72.768463 38.946209 34.627278
v -72.826887 38.756165 -0.000000
v -72.702530 39.133781 34.627278
v -72.768463 38.946209 -0.000000
v -72.629192 39.318582 34.627278
v -72.702530 39.133781 -0.000000
v -72.548564 39.500322 34.627278
v -72.629192 39.318582 -0.000000
v -72.460775 39.678713 34.627278
v -72.548564 39.500322 -0.000000
v -72.365964 39.853472 34.627278
v -72.460775 39.678713 -0.000000
v -72.264279 40.024324 34.627278
v -72.365964 39.853472 -0.000000
v -72.155882 40.190998 34.627278
v -72.264279 40.024324 -0.000000
v -72.040945 40.353231 34.627278
v -72.155882 40.190998 -0.000000
v -71.919649 40.510767 34.627278
v -72.040945 40.353231 -0.000000
v -71.792185 40.663355 34.627278
v -71.919649 40.510767 -0.000000
v -71.658756 40.810755 34.627278
v -71.792185 40.663355 -0.000000
v -71.519573 40.952734 34.627278
v -71.658756 40.810755 -0.000000
v -71.374854 41.089068 34.627278
v -71.519573 40.952734 -0.000000
v -71.224831 41.219540 34.627278
v -71.374854 41.089068 -0.000000
v -71.069738 41.343944 34.627278
v -71.224831 41.219540 -0.000000
v -70.909822 41.462084 34.627278
v -71.069738 41.343944 -0.000000
v -70.745336 41.573773 34.627278
v -70.909822 41.462084 -0.000000
v -70.576540 41.678835 34.627278
v -70.745336 41.573773 -0.000000
v -70.403700 41.777102 34.627278
v -70.576540 41.678835 -0.000000
v -70.227090 41.868421 34.627278
v -70.403700 41.777102 -0.000000
v -70.046989 41.952645 34.627278
v -70.227090 41.868421 -0.000000
v -69.863682 42.029643 34.627278
v -70.046989 41.952645 -0.000000
v -69.677459 42.099293 34.627278
v -69.863682 42.029643 -0.000000
v -69.488614 42.161484 34.627278
v -69.677459 42.099293 -0.000000
v -69.297445 42.216117 34.627278
v -69.488614 42.161484 -0.000000
v -69.104256 42.263108 34.627278
v -69.297445 42.216117 -0.000000
v -68.909352 42.302381 34.627278
v -69.104256 42.263108 -0.000000
v -68.713040 42.333874 34.627278
v -68.909352 42.302381 -0.000000
v -68.515631 42.357537 34.627278
v -68.713040 42.333874 -0.000000
v -68.317438 42.373333 34.627278
v -68.515631 42.357537 -0.000000
v -68.118773 42.381238 34.627278
v -68.317438 42.373333 -0.000000
v -67.919951 42.381238 34.627278
v -68.118773 42.381238 -0.000000
v -67.721287 42.373333 34.627278
v -67.919951 42.381238 -0.000000
v -67.523093 42.357537 34.627278
v -67.721287 42.373333 -0.000000
v -67.325685 42.333874 34.627278
v -67.523093 42.357537 -0.000000
v -67.129373 42.302381 34.627278
v -67.325685 42.333874 -0.000000
v -66.934468 42.263108 34.627278
v -67.129373 42.302381 -0.000000
v -66.741279 42.216117 34.627278
v -66.934468 42.263108 -0.000000
v -66.550111 42.161484 34.627278
v -66.741279 42.216117 -0.000000
v -66.361266 42.099293 34.627278
v -66.550111 42.161484 -0.000000
v -66.175043 42.029643 34.627278
v -66.361266 42.099293 -0.000000
v -65.991736 41.952645 34.627278
v -66.175043 42.029643 -0.000000
v -65.811635 41.868421 34.627278
v -65.991736 41.952645 -0.000000
v -65.635025 41.777102 34.627278
v -65.811635 41.868421 -0.000000
v -65.462185 41.678835 34.627278
v -65.635025 41.777102 -0.000000
v -65.293388 41.573773 34.627278
v -65.462185 41.678835 -0.000000
v -65.128902 41.462084 34.627278
v -65.293388 41.573773 -0.000000
v -64.968987 41.343944 34.627278
v -65.128902 41.462084 -0.000000
v -64.813894 41.219540 34.627278
v -64.968987 41.343944 -0.000000
v -64.663870 41.089068 34.627278
v -64.813894 41.219540 -0.000000
v -64.519152 40.952734 34.627278
v -64.663870 41.089068 -0.000000
v -64.379968 40.810755 34.627278
v -64.519152 40.952734 -0.000000
v -64.246539 40.663355 34.627278
v -64.379968 40.810755 -0.000000
v -64.119076 40.510767 34.627278
v -64.246539 40.663355 -0.000000
v -63.997780 40.353231 34.627278
v -64.119076 40.510767 -0.000000
v -63.882842 40.190998 34.627278
v -63.997780 40.353231 -0.000000
v -63.774446 40.024324 34.627278
v -63.882842 40.190998 -0.000000
v -63.672761 39.853472 34.627278
v -63.774446 40.024324 -0.000000
v -63.577949 39.678713 34.627278
v -63.672761 39.853472 -0.000000
v -63.490160 39.500322 34.627278
v -63.577949 39.678713 -0.000000
v -63.409533 39.318582 34.627278
v -63.490160 39.500322 -0.000000
v -63.336195 39.133781 34.627278
v -63.409533 39.318582 -0.000000
v -63.270262 38.946209 34.627278
v -63.336195 39.133781 -0.000000
v -63.211838 38.756165 34.627278
v -63.270262 38.946209 -0.000000
v -63.161016 38.563948 34.627278
v -63.211838 38.756165 -0.000000
v -63.117875 38.369863 34.627278
v -63.161016 38.563948 -0.000000
v -63.082486 38.174216 34.627278
v -63.117875 38.369863 -0.000000
v -63.054902 37.977317 34.627278
v -63.082486 38.174216 -0.000000
v -63.035168 37.779477 34.627278
v -63.054902 37.977317 -0.000000
v -63.023315 37.581009 34.627278
v -63.035168 37.779477 -0.000000
v -63.023315 37.581009 -0.000000
v -65.549997 -20.551574 34.627278
v -65.358828 -20.606208 34.627278
v 62.925503 -29.204143 34.627278
v 46.489736 29.579979 34.627278
v 46.293424 29.548486 34.627278
v 47.068998 29.720876 34.627278
v 63.124167 -29.212047 34.627278
v 63.322361 -29.227844 34.627278
v -65.169983 -20.668399 34.627278
v -66.331811 -20.410154 34.627278
v -66.530004 -20.394358 34.627278
v 46.096015 29.524822 34.627278
v 45.897822 29.509026 34.627278
v 46.877829 29.666242 34.627278
v 46.684640 29.619252 34.627278
v 63.519769 -29.251507 34.627278
v -62.583163 -22.743367 34.627278
v 45.699157 29.501121 34.627278
v -64.983760 -20.738048 34.627278
v -65.938090 -20.465311 34.627278
v -65.743186 -20.504584 34.627278
v -66.134402 -20.433818 34.627278
v 47.444066 29.852716 34.627278
v 65.210429 -29.808279 34.627278
v 65.383269 -29.906546 34.627278
v 64.104175 -29.369264 34.627278
v 64.295343 -29.423897 34.627278
v -68.855706 -20.815046 34.627278
v -68.672399 -20.738048 34.627278
v -69.718540 -21.305607 34.627278
v -69.554054 -21.193918 34.627278
v -62.691560 -22.576693 34.627278
v -62.481478 -22.914219 34.627278
v 45.301671 29.509026 34.627278
v -64.102106 -21.193918 34.627278
v -67.324349 -20.410154 34.627278
v -67.126155 -20.394358 34.627278
v -67.718069 -20.465311 34.627278
v -67.521757 -20.433818 34.627278
v -68.106163 -20.551574 34.627278
v -67.912974 -20.504584 34.627278
v -68.486176 -20.668399 34.627278
v -68.297331 -20.606208 34.627278
v 65.552066 -30.011608 34.627278
v 65.716552 -30.123297 34.627278
v 64.670411 -29.555738 34.627278
v 64.853718 -29.632736 34.627278
v 64.484188 -29.486088 34.627278
v 63.716081 -29.283000 34.627278
v 63.910986 -29.322273 34.627278
v 47.257843 29.783067 34.627278
v 66.962612 -31.394383 34.627278
v 48.955238 30.793292 34.627278
v 48.805215 30.662820 34.627278
v -69.212417 -20.990589 34.627278
v -69.035807 -20.899271 34.627278
v -69.385257 -21.088857 34.627278
v -70.849663 -22.414460 34.627278
v -70.728366 -22.256925 34.627278
v 45.500335 29.501121 34.627278
v -64.443742 -20.990589 34.627278
v -64.270902 -21.088857 34.627278
v -64.800453 -20.815046 34.627278
v -64.620352 -20.899271 34.627278
v -66.927491 -20.386454 34.627278
v -66.728669 -20.386454 34.627278
v 65.876468 -30.241437 34.627278
v 65.033819 -29.716960 34.627278
v 47.807474 30.013939 34.627278
v 47.627373 29.929714 34.627278
v 48.156924 30.203525 34.627278
v 47.984084 30.105257 34.627278
v 48.490206 30.420275 34.627278
v 48.325720 30.308586 34.627278
v 48.650122 30.538415 34.627278
v 49.946348 32.028887 34.627278
v 49.844663 31.858035 34.627278
v -62.481478 -27.856711 34.627278
v 59.935632 -38.283013 34.627278
v 59.775716 -38.164872 34.627278
v -70.183572 -21.678624 34.627278
v -70.033548 -21.548152 34.627278
v -70.600903 -22.104336 34.627278
v -70.467474 -21.956936 34.627278
v -62.020555 -24.011526 34.627278
v -61.969733 -24.203743 34.627278
v -62.144912 -23.633911 34.627278
v -62.078979 -23.821482 34.627278
v -62.218250 -23.449109 34.627278
v -63.937620 -21.305607 34.627278
v 66.465486 -30.774626 34.627278
v 66.598915 -30.922026 34.627278
v 66.181584 -30.496313 34.627278
v 66.326302 -30.632647 34.627278
v 49.239140 31.071604 34.627278
v 49.099957 30.929625 34.627278
v 49.500033 31.371593 34.627278
v 49.372569 31.219004 34.627278
v 49.736266 31.691361 34.627278
v 49.621329 31.529128 34.627278
v 50.209576 32.563777 34.627278
v 50.128948 32.382037 34.627278
v 50.458093 33.318411 34.627278
v 50.407271 33.126194 34.627278
v 59.620624 -38.040468 34.627278
v 59.470600 -37.909996 34.627278
v 84.552047 -62.904172 34.627278
v 60.981772 -38.850572 34.627278
v 60.798465 -38.773574 34.627278
v 65.716552 -38.283013 34.627278
v 65.552066 -38.394702 34.627278
v -69.878455 -21.423747 34.627278
v -61.926593 -24.397828 34.627278
v -61.891203 -24.593475 34.627278
v -62.386667 -23.088979 34.627278
v -62.298878 -23.267369 34.627278
v -63.188686 -21.956936 34.627278
v -63.055257 -22.104336 34.627278
v -63.472588 -21.678624 34.627278
v -63.327869 -21.814957 34.627278
v -63.777704 -21.423747 34.627278
v 66.726378 -31.074614 34.627278
v 66.847675 -31.232150 34.627278
v 66.031560 -30.365841 34.627278
v 50.041159 32.203647 34.627278
v 50.348847 32.936150 34.627278
v 50.282914 32.748579 34.627278
v 84.552047 65.400616 34.627278
v 50.501233 33.512496 34.627278
v 59.325881 -37.773663 34.627278
v 60.268914 -38.499763 34.627278
v 60.100118 -38.394702 34.627278
v 60.618364 -38.689349 34.627278
v 65.876468 -38.164872 34.627278
v 66.181584 -37.909996 34.627278
v 66.031560 -38.040468 34.627278
v -89.487596 65.400616 34.627278
v -70.328290 -21.814957 34.627278
v -62.927793 -22.256925 34.627278
v -62.806497 -22.414460 34.627278
v -63.622612 -21.548152 34.627278
v 50.583941 34.102882 34.627278
v 50.564207 33.905042 34.627278
v 59.186698 -37.631684 34.627278
v 61.741198 -39.084036 34.627278
v 61.548009 -39.037046 34.627278
v 62.528016 -39.194262 34.627278
v 62.329823 -39.178465 34.627278
v 66.465486 -37.631684 34.627278
v 66.326302 -37.773663 34.627278
v -61.863619 -24.790374 34.627278
v 50.536623 33.708143 34.627278
v -71.729567 -24.397828 34.627278
v -71.686426 -24.203743 34.627278
v -89.487596 -62.904172 34.627278
v -65.549997 -30.219356 34.627278
v -65.743186 -30.266347 34.627278
v -65.169983 -30.102532 34.627278
v -65.358828 -30.164723 34.627278
v 57.841898 -34.600405 34.627278
v -62.020555 -26.759404 34.627278
v -62.078979 -26.949448 34.627278
v 58.925805 -37.331695 34.627278
v 58.804509 -37.174160 34.627278
v 59.053269 -37.484283 34.627278
v 60.441754 -38.598031 34.627278
v 61.356840 -38.982412 34.627278
v 61.167995 -38.920221 34.627278
v 62.132414 -39.154802 34.627278
v 65.383269 -38.499763 34.627278
v 65.210429 -38.598031 34.627278
v 42.394278 38.337446 34.627278
v 42.549371 38.461851 34.627278
v -71.437909 -23.449109 34.627278
v -71.357282 -23.267369 34.627278
v -71.764956 -24.593475 34.627278
v -71.635604 -24.011526 34.627278
v -67.126155 -30.376572 34.627278
v -67.324349 -30.360776 34.627278
v -66.331811 -30.360776 34.627278
v -66.530004 -30.376572 34.627278
v -65.938090 -30.305620 34.627278
v -66.134402 -30.337113 34.627278
v -64.800453 -29.955884 34.627278
v -64.983760 -30.032882 34.627278
v -62.298878 -27.503561 34.627278
v -62.386667 -27.681952 34.627278
v -61.969733 -26.567187 34.627278
v -62.144912 -27.137019 34.627278
v -61.828080 -25.385465 34.627278
v 57.830045 -34.401937 34.627278
v 57.826092 -34.203155 34.627278
v 58.216263 -36.139511 34.627278
v 58.142924 -35.954709 34.627278
v 58.689572 -37.011927 34.627278
v 61.936102 -39.123309 34.627278
v 64.484188 -38.920221 34.627278
v 64.295343 -38.982412 34.627278
v 65.033819 -38.689349 34.627278
v 64.853718 -38.773574 34.627278
v 66.962612 -37.011927 34.627278
v 66.847675 -37.174160 34.627278
v 67.172693 -36.674401 34.627278
v 67.071009 -36.845253 34.627278
v 43.392019 38.986327 34.627278
v 43.572120 39.070552 34.627278
v 42.873772 38.691680 34.627278
v 43.042569 38.796742 34.627278
v 42.709286 38.579991 34.627278
v 41.158333 32.203647 34.627278
v 41.070544 32.382037 34.627278
v -71.174681 -22.914219 34.627278
v -71.072997 -22.743367 34.627278
v -71.511247 -23.633911 34.627278
v -71.269493 -23.088979 34.627278
v -71.577180 -23.821482 34.627278
v -71.812274 -24.988214 34.627278
v -71.792540 -24.790374 34.627278
v -71.686426 -26.567187 34.627278
v -71.729567 -26.373102 34.627278
v -71.577180 -26.949448 34.627278
v -71.635604 -26.759404 34.627278
v -70.183572 -29.092307 34.627278
v -70.328290 -28.955973 34.627278
v -67.718069 -30.305620 34.627278
v -67.912974 -30.266347 34.627278
v -67.521757 -30.337113 34.627278
v -66.728669 -30.384477 34.627278
v -66.927491 -30.384477 34.627278
v -62.218250 -27.321821 34.627278
v -61.891203 -26.177455 34.627278
v -61.926593 -26.373102 34.627278
v -61.843886 -25.782716 34.627278
v -61.863619 -25.980556 34.627278
v 57.830045 -34.004372 34.627278
v 57.841898 -33.805904 34.627278
v -61.832033 -25.584248 34.627278
v 57.967745 -35.384877 34.627278
v 57.924605 -35.190792 34.627278
v 58.296890 -36.321250 34.627278
v 58.076991 -35.767138 34.627278
v 63.124167 -39.194262 34.627278
v 62.925503 -39.202166 34.627278
v 63.519769 -39.154802 34.627278
v 63.322361 -39.178465 34.627278
v 64.670411 -38.850572 34.627278
v 66.726378 -37.331695 34.627278
v 66.598915 -37.484283 34.627278
v 67.727579 -35.190792 34.627278
v 67.684439 -35.384877 34.627278
v 67.810286 -34.600405 34.627278
v 67.790552 -34.798246 34.627278
v 45.897822 39.491240 34.627278
v 46.096015 39.475444 34.627278
v 43.215409 38.895009 34.627278
v 43.755427 39.147550 34.627278
v 41.960352 37.928662 34.627278
v 42.099536 38.070641 34.627278
v 41.699460 37.628674 34.627278
v 41.826923 37.781262 34.627278
v 40.698260 35.487770 34.627278
v 40.741400 35.681855 34.627278
v 40.792222 33.126194 34.627278
v 40.741400 33.318411 34.627278
v 41.253145 32.028887 34.627278
v 40.989917 32.563777 34.627278
v 43.755427 29.852716 34.627278
v 43.572120 29.929714 34.627278
v 44.321663 29.666242 34.627278
v 44.130495 29.720876 34.627278
v 44.709757 29.579979 34.627278
v 44.514852 29.619252 34.627278
v -61.843886 -24.988214 34.627278
v -61.832033 -25.186683 34.627278
v -70.964600 -22.576693 34.627278
v -71.764956 -26.177455 34.627278
v -71.792540 -25.980556 34.627278
v -70.467474 -28.813994 34.627278
v -70.600903 -28.666594 34.627278
v -69.878455 -29.347183 34.627278
v -70.033548 -29.222779 34.627278
v -68.106163 -30.219356 34.627278
v -64.270902 -29.682074 34.627278
v -64.443742 -29.780341 34.627278
v -63.327869 -28.955973 34.627278
v -63.472588 -29.092307 34.627278
v 58.076991 -32.639172 34.627278
v 58.142924 -32.451600 34.627278
v 57.967745 -33.021432 34.627278
v 58.018567 -32.829216 34.627278
v 57.889215 -33.411165 34.627278
v 57.924605 -33.215518 34.627278
v 57.861631 -33.608064 34.627278
v 58.018567 -35.577093 34.627278
v 57.889215 -34.995145 34.627278
v 62.726681 -39.202166 34.627278
v 63.716081 -39.123309 34.627278
v 64.104175 -39.037046 34.627278
v 63.910986 -39.084036 34.627278
v 67.633616 -35.577093 34.627278
v 67.575192 -35.767138 34.627278
v 67.762969 -34.995145 34.627278
v 47.068998 39.279390 34.627278
v 47.257843 39.217200 34.627278
v 46.684640 39.381015 34.627278
v 46.877829 39.334024 34.627278
v 46.293424 39.451780 34.627278
v 44.514852 39.381015 34.627278
v 44.709757 39.420287 34.627278
v 43.941650 39.217200 34.627278
v 42.244254 38.206974 34.627278
v 41.463226 37.308905 34.627278
v 41.578164 37.471138 34.627278
v 41.253145 36.971379 34.627278
v 41.354830 37.142231 34.627278
v 40.989917 36.436489 34.627278
v 41.070544 36.618229 34.627278
v 40.850646 36.064116 34.627278
v 40.916579 36.251687 34.627278
v 40.792222 35.874072 34.627278
v 40.615552 34.897384 34.627278
v 40.635286 35.095224 34.627278
v 40.603699 34.301351 34.627278
v 40.599746 34.500133 34.627278
v 40.850646 32.936150 34.627278
v 40.698260 33.512496 34.627278
v 40.916579 32.748579 34.627278
v 42.549371 30.538415 34.627278
v 42.394278 30.662820 34.627278
v 43.941650 29.783067 34.627278
v 43.392019 30.013939 34.627278
v -71.828080 -25.385465 34.627278
v -71.824127 -25.186683 34.627278
v -71.437909 -27.321821 34.627278
v -71.511247 -27.137019 34.627278
v -71.174681 -27.856711 34.627278
v -71.269493 -27.681952 34.627278
v -70.849663 -28.356470 34.627278
v -70.964600 -28.194237 34.627278
v -69.554054 -29.577012 34.627278
v -69.718540 -29.465323 34.627278
v -69.212417 -29.780341 34.627278
v -69.385257 -29.682074 34.627278
v -68.855706 -29.955884 34.627278
v -69.035807 -29.871660 34.627278
v -68.486176 -30.102532 34.627278
v -68.672399 -30.032882 34.627278
v -68.297331 -30.164723 34.627278
v -64.620352 -29.871660 34.627278
v -63.622612 -29.222779 34.627278
v -63.777704 -29.347183 34.627278
v -62.583163 -28.027563 34.627278
v 58.216263 -32.266799 34.627278
v 57.861631 -34.798246 34.627278
v 58.479490 -36.674401 34.627278
v 58.384679 -36.499641 34.627278
v 58.581175 -36.845253 34.627278
v 67.355294 -36.321250 34.627278
v 67.267505 -36.499641 34.627278
v 67.509259 -35.954709 34.627278
v 50.407271 35.874072 34.627278
v 50.458093 35.681855 34.627278
v 50.209576 36.436489 34.627278
v 50.282914 36.251687 34.627278
v 47.807474 38.986327 34.627278
v 47.984084 38.895009 34.627278
v 47.444066 39.147550 34.627278
v 46.489736 39.420287 34.627278
v 44.906069 39.451780 34.627278
v 45.103477 39.475444 34.627278
v 44.130495 39.279390 34.627278
v 41.158333 36.796620 34.627278
v 40.662870 35.292123 34.627278
v 40.615552 34.102882 34.627278
v 40.603699 34.698916 34.627278
v 41.463226 31.691361 34.627278
v 41.354830 31.858035 34.627278
v 42.709286 30.420275 34.627278
v 42.244254 30.793292 34.627278
v 43.215409 30.105257 34.627278
v 62.132414 -29.251507 34.627278
v 62.329823 -29.227844 34.627278
v 61.548009 -29.369264 34.627278
v 61.741198 -29.322273 34.627278
v 60.618364 -29.716960 34.627278
v 60.798465 -29.632736 34.627278
v 60.100118 -30.011608 34.627278
v 60.268914 -29.906546 34.627278
v 50.599746 34.500133 34.627278
v 50.595793 34.301351 34.627278
v -71.812274 -25.782716 34.627278
v -71.824127 -25.584248 34.627278
v -71.357282 -27.503561 34.627278
v -71.072997 -28.027563 34.627278
v -63.188686 -28.813994 34.627278
v -62.806497 -28.356470 34.627278
v -62.927793 -28.514006 34.627278
v -62.691560 -28.194237 34.627278
v 50.501233 35.487770 34.627278
v 50.348847 36.064116 34.627278
v 48.156924 38.796742 34.627278
v 47.627373 39.070552 34.627278
v 45.500335 39.499145 34.627278
v 45.699157 39.499145 34.627278
v 45.301671 39.491240 34.627278
v 44.321663 39.334024 34.627278
v 40.662870 33.708143 34.627278
v 40.635286 33.905042 34.627278
v 42.873772 30.308586 34.627278
v 43.042569 30.203525 34.627278
v 45.103477 29.524822 34.627278
v 44.906069 29.548486 34.627278
v 62.528016 -29.212047 34.627278
v 62.726681 -29.204143 34.627278
v 61.936102 -29.283000 34.627278
v 61.356840 -29.423897 34.627278
v 60.441754 -29.808279 34.627278
v 60.981772 -29.555738 34.627278
v 59.935632 -30.123297 34.627278
v 58.925805 -31.074614 34.627278
v 59.053269 -30.922026 34.627278
v -70.728366 -28.514006 34.627278
v -63.055257 -28.666594 34.627278
v 58.296890 -32.085059 34.627278
v 58.384679 -31.906668 34.627278
v 67.435921 -36.139511 34.627278
v 50.536623 35.292123 34.627278
v 50.564207 35.095224 34.627278
v 50.041159 36.796620 34.627278
v 50.128948 36.618229 34.627278
v 49.844663 37.142231 34.627278
v 49.946348 36.971379 34.627278
v 49.239140 37.928662 34.627278
v 49.372569 37.781262 34.627278
v 48.805215 38.337446 34.627278
v 48.955238 38.206974 34.627278
v 48.490206 38.579991 34.627278
v 48.650122 38.461851 34.627278
v 48.325720 38.691680 34.627278
v 42.099536 30.929625 34.627278
v 41.960352 31.071604 34.627278
v 61.167995 -29.486088 34.627278
v 59.325881 -30.632647 34.627278
v 59.470600 -30.496313 34.627278
v 59.186698 -30.774626 34.627278
v -64.102106 -29.577012 34.627278
v -63.937620 -29.465323 34.627278
v 58.479490 -31.731909 34.627278
v 67.826092 -34.203155 34.627278
v 67.822139 -34.401937 34.627278
v 49.621329 37.471138 34.627278
v 49.736266 37.308905 34.627278
v 49.500033 37.628674 34.627278
v 49.099957 38.070641 34.627278
v 41.699460 31.371593 34.627278
v 41.578164 31.529128 34.627278
v 41.826923 31.219004 34.627278
v 67.633616 -32.829216 34.627278
v 67.684439 -33.021432 34.627278
v 59.620624 -30.365841 34.627278
v 59.775716 -30.241437 34.627278
v 50.583941 34.897384 34.627278
v 50.595793 34.698916 34.627278
v 67.762969 -33.411165 34.627278
v 67.790552 -33.608064 34.627278
v 67.575192 -32.639172 34.627278
v 67.727579 -33.215518 34.627278
v 67.435921 -32.266799 34.627278
v 67.509259 -32.451600 34.627278
v 58.689572 -31.394383 34.627278
v 58.804509 -31.232150 34.627278
v 58.581175 -31.561057 34.627278
v 67.810286 -33.805904 34.627278
v 67.172693 -31.731909 34.627278
v 67.267505 -31.906668 34.627278
v 67.822139 -34.004372 34.627278
v 67.355294 -32.085059 34.627278
v 67.071009 -31.561057 34.627278
v -68.106163 -20.551574 -0.000000
v -68.297331 -20.606208 -0.000000
v -67.718069 -20.465311 -0.000000
v -67.912974 -20.504584 -0.000000
v -68.486176 -20.668399 -0.000000
v -68.672399 -20.738048 -0.000000
v -67.126155 -20.394358 -0.000000
v -67.324349 -20.410154 -0.000000
v -65.169983 -20.668399 -0.000000
v -65.358828 -20.606208 -0.000000
v -64.800453 -20.815046 -0.000000
v -64.983760 -20.738048 -0.000000
v -67.521757 -20.433818 -0.000000
v -66.331811 -20.410154 -0.000000
v -66.530004 -20.394358 -0.000000
v -65.938090 -20.465311 -0.000000
v -66.134402 -20.433818 -0.000000
v -65.549997 -20.551574 -0.000000
v -65.743186 -20.504584 -0.000000
v -69.212417 -20.990589 -0.000000
v -69.385257 -21.088857 -0.000000
v -66.728669 -20.386454 -0.000000
v -66.927491 -20.386454 -0.000000
v -69.554054 -21.193918 -0.000000
v -69.718540 -21.305607 -0.000000
v -68.855706 -20.815046 -0.000000
v -69.035807 -20.899271 -0.000000
v -64.443742 -20.990589 -0.000000
v -64.620352 -20.899271 -0.000000
v -64.102106 -21.193918 -0.000000
v -64.270902 -21.088857 -0.000000
v -63.777704 -21.423747 -0.000000
v -63.937620 -21.305607 -0.000000
v -69.878455 -21.423747 -0.000000
v -63.472588 -21.678624 -0.000000
v -63.622612 -21.548152 -0.000000
v -62.927793 -22.256925 -0.000000
v -63.055257 -22.104336 -0.000000
v -70.033548 -21.548152 -0.000000
v -70.183572 -21.678624 -0.000000
v -62.806497 -22.414460 -0.000000
v -63.188686 -21.956936 -0.000000
v 58.479490 -31.731909 -0.000000
v -62.691560 -22.576693 -0.000000
v -62.386667 -23.088979 -0.000000
v -62.481478 -22.914219 -0.000000
v -62.218250 -23.449109 -0.000000
v -62.298878 -23.267369 -0.000000
v -62.020555 -24.011526 -0.000000
v -62.078979 -23.821482 -0.000000
v 40.916579 32.748579 -0.000000
v 62.528016 -29.212047 -0.000000
v 62.329823 -29.227844 -0.000000
v 63.124167 -29.212047 -0.000000
v 62.925503 -29.204143 -0.000000
v -70.600903 -22.104336 -0.000000
v -70.728366 -22.256925 -0.000000
v -63.327869 -21.814957 -0.000000
v -62.583163 -22.743367 -0.000000
v -62.144912 -23.633911 -0.000000
v 58.216263 -32.266799 -0.000000
v -62.020555 -26.759404 -0.000000
v -61.969733 -26.567187 -0.000000
v -62.144912 -27.137019 -0.000000
v -62.078979 -26.949448 -0.000000
v -62.481478 -27.856711 -0.000000
v -62.386667 -27.681952 -0.000000
v 57.826092 -34.203155 -0.000000
v -65.549997 -30.219356 -0.000000
v -65.358828 -30.164723 -0.000000
v -65.938090 -30.305620 -0.000000
v -65.743186 -30.266347 -0.000000
v -66.728669 -30.384477 -0.000000
v -66.530004 -30.376572 -0.000000
v 61.167995 -29.486088 -0.000000
v 40.850646 32.936150 -0.000000
v 61.936102 -29.283000 -0.000000
v 61.741198 -29.322273 -0.000000
v 62.132414 -29.251507 -0.000000
v 62.726681 -29.204143 -0.000000
v 63.716081 -29.283000 -0.000000
v 63.519769 -29.251507 -0.000000
v 67.172693 -31.731909 -0.000000
v 48.490206 30.420275 -0.000000
v 48.650122 30.538415 -0.000000
v 47.444066 29.852716 -0.000000
v 47.627373 29.929714 -0.000000
v -70.467474 -21.956936 -0.000000
v -70.849663 -22.414460 -0.000000
v -70.328290 -21.814957 -0.000000
v -61.969733 -24.203743 -0.000000
v -61.891203 -24.593475 -0.000000
v -61.926593 -24.397828 -0.000000
v -61.843886 -24.988214 -0.000000
v -61.863619 -24.790374 -0.000000
v -61.832033 -25.584248 -0.000000
v 58.384679 -31.906668 -0.000000
v -61.926593 -26.373102 -0.000000
v -62.298878 -27.503561 -0.000000
v -62.218250 -27.321821 -0.000000
v -65.169983 -30.102532 -0.000000
v -64.983760 -30.032882 -0.000000
v -66.331811 -30.360776 -0.000000
v -66.134402 -30.337113 -0.000000
v 40.741400 33.318411 -0.000000
v 40.792222 33.126194 -0.000000
v 61.356840 -29.423897 -0.000000
v 61.548009 -29.369264 -0.000000
v 63.322361 -29.227844 -0.000000
v 64.484188 -29.486088 -0.000000
v 64.295343 -29.423897 -0.000000
v 43.755427 39.147550 -0.000000
v 43.572120 39.070552 -0.000000
v 49.621329 31.529128 -0.000000
v 49.736266 31.691361 -0.000000
v 48.805215 30.662820 -0.000000
v 48.156924 30.203525 -0.000000
v 48.325720 30.308586 -0.000000
v 47.807474 30.013939 -0.000000
v 47.984084 30.105257 -0.000000
v 45.897822 29.509026 -0.000000
v 46.096015 29.524822 -0.000000
v 44.321663 29.666242 -0.000000
v 44.514852 29.619252 -0.000000
v 43.572120 29.929714 -0.000000
v 43.755427 29.852716 -0.000000
v 84.552047 -62.904172 0.000000
v 65.876468 -38.164872 -0.000000
v 66.031560 -38.040468 -0.000000
v -89.487596 -62.904172 0.000000
v 59.620624 -38.040468 -0.000000
v 59.775716 -38.164872 -0.000000
v -89.487596 65.400616 0.000000
v 58.076991 -32.639172 -0.000000
v 58.018567 -32.829216 -0.000000
v 58.142924 -32.451600 -0.000000
v -61.828080 -25.385465 -0.000000
v -61.843886 -25.782716 -0.000000
v 58.296890 -32.085059 -0.000000
v -64.800453 -29.955884 -0.000000
v 59.620624 -30.365841 -0.000000
v 59.470600 -30.496313 -0.000000
v 40.662870 33.708143 -0.000000
v 40.698260 33.512496 -0.000000
v 60.441754 -29.808279 -0.000000
v 60.268914 -29.906546 -0.000000
v 60.981772 -29.555738 -0.000000
v 60.798465 -29.632736 -0.000000
v 64.104175 -29.369264 -0.000000
v 63.910986 -29.322273 -0.000000
v 64.670411 -29.555738 -0.000000
v 40.599746 34.500133 -0.000000
v 42.244254 38.206974 -0.000000
v 42.099536 38.070641 -0.000000
v 43.215409 38.895009 -0.000000
v 43.042569 38.796742 -0.000000
v 43.392019 38.986327 -0.000000
v 84.552047 65.400616 0.000000
v 50.348847 32.936150 -0.000000
v 50.407271 33.126194 -0.000000
v 50.041159 32.203647 -0.000000
v 50.128948 32.382037 -0.000000
v 49.500033 31.371593 -0.000000
v 49.844663 31.858035 -0.000000
v 49.239140 31.071604 -0.000000
v 49.372569 31.219004 -0.000000
v 48.955238 30.793292 -0.000000
v 49.099957 30.929625 -0.000000
v 46.489736 29.579979 -0.000000
v 46.684640 29.619252 -0.000000
v 46.293424 29.548486 -0.000000
v 45.301671 29.509026 -0.000000
v 45.500335 29.501121 -0.000000
v 44.709757 29.579979 -0.000000
v 44.906069 29.548486 -0.000000
v 44.130495 29.720876 -0.000000
v 43.941650 29.783067 -0.000000
v 43.042569 30.203525 -0.000000
v 43.215409 30.105257 -0.000000
v 42.244254 30.793292 -0.000000
v 42.394278 30.662820 -0.000000
v 65.716552 -38.283013 -0.000000
v 65.383269 -38.499763 -0.000000
v 65.552066 -38.394702 -0.000000
v 60.618364 -38.689349 -0.000000
v 60.798465 -38.773574 -0.000000
v 59.470600 -37.909996 -0.000000
v 59.935632 -38.283013 -0.000000
v 57.967745 -33.021432 -0.000000
v 57.924605 -33.215518 -0.000000
v -61.832033 -25.186683 -0.000000
v -61.891203 -26.177455 -0.000000
v -61.863619 -25.980556 -0.000000
v -63.055257 -28.666594 -0.000000
v -62.927793 -28.514006 -0.000000
v 40.635286 33.905042 -0.000000
v 59.775716 -30.241437 -0.000000
v 60.100118 -30.011608 -0.000000
v 60.618364 -29.716960 -0.000000
v 64.853718 -29.632736 -0.000000
v 40.989917 32.563777 -0.000000
v 65.383269 -29.906546 -0.000000
v 65.210429 -29.808279 -0.000000
v 42.394278 38.337446 -0.000000
v 41.960352 37.928662 -0.000000
v 42.709286 38.579991 -0.000000
v 42.549371 38.461851 -0.000000
v 42.873772 38.691680 -0.000000
v 44.130495 39.279390 -0.000000
v 43.941650 39.217200 -0.000000
v 50.407271 35.874072 -0.000000
v 50.348847 36.064116 -0.000000
v 50.536623 35.292123 -0.000000
v 50.501233 35.487770 -0.000000
v 50.282914 32.748579 -0.000000
v 50.458093 33.318411 -0.000000
v 49.946348 32.028887 -0.000000
v 50.209576 32.563777 -0.000000
v 45.699157 29.501121 -0.000000
v 45.103477 29.524822 -0.000000
v 43.392019 30.013939 -0.000000
v 42.549371 30.538415 -0.000000
v 42.709286 30.420275 -0.000000
v 66.181584 -37.909996 -0.000000
v 66.326302 -37.773663 -0.000000
v 61.167995 -38.920221 -0.000000
v 61.356840 -38.982412 -0.000000
v 60.441754 -38.598031 -0.000000
v 60.981772 -38.850572 -0.000000
v 60.100118 -38.394702 -0.000000
v 59.325881 -37.773663 -0.000000
v 58.689572 -37.011927 -0.000000
v 58.804509 -37.174160 -0.000000
v 57.889215 -33.411165 -0.000000
v 57.861631 -33.608064 -0.000000
v -62.691560 -28.194237 -0.000000
v -62.583163 -28.027563 -0.000000
v -63.188686 -28.813994 -0.000000
v -62.806497 -28.356470 -0.000000
v -63.622612 -29.222779 -0.000000
v -63.472588 -29.092307 -0.000000
v -64.620352 -29.871660 -0.000000
v -66.927491 -30.384477 -0.000000
v 59.186698 -30.774626 -0.000000
v 59.053269 -30.922026 -0.000000
v 59.325881 -30.632647 -0.000000
v 59.935632 -30.123297 -0.000000
v 65.033819 -29.716960 -0.000000
v 65.552066 -30.011608 -0.000000
v 40.989917 36.436489 -0.000000
v 40.792222 35.874072 -0.000000
v 40.741400 35.681855 -0.000000
v 40.916579 36.251687 -0.000000
v 41.158333 36.796620 -0.000000
v 41.070544 36.618229 -0.000000
v 41.463226 37.308905 -0.000000
v 41.354830 37.142231 -0.000000
v 41.699460 37.628674 -0.000000
v 41.578164 37.471138 -0.000000
v 41.826923 37.781262 -0.000000
v 45.301671 39.491240 -0.000000
v 45.103477 39.475444 -0.000000
v 50.282914 36.251687 -0.000000
v 50.458093 35.681855 -0.000000
v 50.501233 33.512496 -0.000000
v 50.536623 33.708143 -0.000000
v 47.068998 29.720876 -0.000000
v 47.257843 29.783067 -0.000000
v 46.877829 29.666242 -0.000000
v 42.873772 30.308586 -0.000000
v 41.826923 31.219004 -0.000000
v 41.960352 31.071604 -0.000000
v 41.463226 31.691361 -0.000000
v 41.578164 31.529128 -0.000000
v 65.033819 -38.689349 -0.000000
v 65.210429 -38.598031 -0.000000
v 62.132414 -39.154802 -0.000000
v 62.329823 -39.178465 -0.000000
v 61.741198 -39.084036 -0.000000
v 61.936102 -39.123309 -0.000000
v 61.548009 -39.037046 -0.000000
v 60.268914 -38.499763 -0.000000
v 59.053269 -37.484283 -0.000000
v 59.186698 -37.631684 -0.000000
v 58.925805 -37.331695 -0.000000
v -71.635604 -24.011526 -0.000000
v -71.686426 -24.203743 -0.000000
v -70.964600 -22.576693 -0.000000
v -71.072997 -22.743367 -0.000000
v 57.841898 -33.805904 -0.000000
v 57.830045 -34.004372 -0.000000
v -63.327869 -28.955973 -0.000000
v -63.777704 -29.347183 -0.000000
v -64.102106 -29.577012 -0.000000
v -63.937620 -29.465323 -0.000000
v -64.443742 -29.780341 -0.000000
v 58.581175 -31.561057 -0.000000
v 58.925805 -31.074614 -0.000000
v 65.876468 -30.241437 -0.000000
v 65.716552 -30.123297 -0.000000
v 66.181584 -30.496313 -0.000000
v 66.031560 -30.365841 -0.000000
v 66.726378 -31.074614 -0.000000
v 66.598915 -30.922026 -0.000000
v 40.615552 34.897384 -0.000000
v 40.603699 34.698916 -0.000000
v 40.698260 35.487770 -0.000000
v 40.662870 35.292123 -0.000000
v 40.850646 36.064116 -0.000000
v 41.253145 36.971379 -0.000000
v 44.514852 39.381015 -0.000000
v 44.321663 39.334024 -0.000000
v 44.906069 39.451780 -0.000000
v 44.709757 39.420287 -0.000000
v 47.444066 39.147550 -0.000000
v 47.257843 39.217200 -0.000000
v 48.156924 38.796742 -0.000000
v 47.984084 38.895009 -0.000000
v 48.490206 38.579991 -0.000000
v 48.325720 38.691680 -0.000000
v 50.041159 36.796620 -0.000000
v 49.946348 36.971379 -0.000000
v 50.209576 36.436489 -0.000000
v 50.128948 36.618229 -0.000000
v 50.583941 34.897384 -0.000000
v 50.564207 35.095224 -0.000000
v 50.564207 33.905042 -0.000000
v 50.583941 34.102882 -0.000000
v 42.099536 30.929625 -0.000000
v 41.699460 31.371593 -0.000000
v 67.727579 -33.215518 -0.000000
v 67.684439 -33.021432 -0.000000
v 66.962612 -37.011927 -0.000000
v 67.071009 -36.845253 -0.000000
v 66.726378 -37.331695 -0.000000
v 66.847675 -37.174160 -0.000000
v 64.670411 -38.850572 -0.000000
v 64.853718 -38.773574 -0.000000
v 64.104175 -39.037046 -0.000000
v 64.295343 -38.982412 -0.000000
v 62.528016 -39.194262 -0.000000
v -71.729567 -24.397828 -0.000000
v -71.764956 -24.593475 -0.000000
v -71.577180 -23.821482 -0.000000
v -71.437909 -23.449109 -0.000000
v -71.511247 -23.633911 -0.000000
v -71.269493 -23.088979 -0.000000
v -71.357282 -23.267369 -0.000000
v -71.174681 -22.914219 -0.000000
v -64.270902 -29.682074 -0.000000
v 58.689572 -31.394383 -0.000000
v 58.804509 -31.232150 -0.000000
v 66.847675 -31.232150 -0.000000
v 66.465486 -30.774626 -0.000000
v 40.635286 35.095224 -0.000000
v 46.293424 39.451780 -0.000000
v 46.096015 39.475444 -0.000000
v 46.684640 39.381015 -0.000000
v 46.489736 39.420287 -0.000000
v 47.068998 39.279390 -0.000000
v 46.877829 39.334024 -0.000000
v 47.807474 38.986327 -0.000000
v 48.805215 38.337446 -0.000000
v 48.650122 38.461851 -0.000000
v 49.239140 37.928662 -0.000000
v 49.099957 38.070641 -0.000000
v 49.621329 37.471138 -0.000000
v 49.500033 37.628674 -0.000000
v 50.599746 34.500133 -0.000000
v 50.595793 34.698916 -0.000000
v 50.595793 34.301351 -0.000000
v 67.071009 -31.561057 -0.000000
v 41.070544 32.382037 -0.000000
v 67.762969 -33.411165 -0.000000
v 67.633616 -32.829216 -0.000000
v 67.810286 -33.805904 -0.000000
v 67.790552 -33.608064 -0.000000
v 67.727579 -35.190792 -0.000000
v 67.762969 -34.995145 -0.000000
v 67.575192 -35.767138 -0.000000
v 67.633616 -35.577093 -0.000000
v 66.465486 -37.631684 -0.000000
v 66.598915 -37.484283 -0.000000
v 64.484188 -38.920221 -0.000000
v 63.124167 -39.194262 -0.000000
v 63.322361 -39.178465 -0.000000
v 62.726681 -39.202166 -0.000000
v 58.296890 -36.321250 -0.000000
v 58.384679 -36.499641 -0.000000
v 58.076991 -35.767138 -0.000000
v 58.142924 -35.954709 -0.000000
v 57.967745 -35.384877 -0.000000
v 58.018567 -35.577093 -0.000000
v 57.830045 -34.401937 -0.000000
v -67.324349 -30.360776 -0.000000
v -67.126155 -30.376572 -0.000000
v -71.792540 -24.790374 -0.000000
v 66.326302 -30.632647 -0.000000
v 66.962612 -31.394383 -0.000000
v 45.699157 39.499145 -0.000000
v 45.500335 39.499145 -0.000000
v 45.897822 39.491240 -0.000000
v 48.955238 38.206974 -0.000000
v 49.372569 37.781262 -0.000000
v 49.844663 37.142231 -0.000000
v 49.736266 37.308905 -0.000000
v 67.575192 -32.639172 -0.000000
v 67.790552 -34.798246 -0.000000
v 67.810286 -34.600405 -0.000000
v 67.684439 -35.384877 -0.000000
v 63.716081 -39.123309 -0.000000
v 63.910986 -39.084036 -0.000000
v 63.519769 -39.154802 -0.000000
v 62.925503 -39.202166 -0.000000
v 58.216263 -36.139511 -0.000000
v 58.479490 -36.674401 -0.000000
v 57.889215 -34.995145 -0.000000
v 57.924605 -35.190792 -0.000000
v 57.841898 -34.600405 -0.000000
v 57.861631 -34.798246 -0.000000
v -67.718069 -30.305620 -0.000000
v -67.521757 -30.337113 -0.000000
v -68.106163 -30.219356 -0.000000
v -67.912974 -30.266347 -0.000000
v -68.486176 -30.102532 -0.000000
v -68.297331 -30.164723 -0.000000
v -70.600903 -28.666594 -0.000000
v -70.467474 -28.813994 -0.000000
v -71.812274 -24.988214 -0.000000
v 40.603699 34.301351 -0.000000
v 47.627373 39.070552 -0.000000
v 41.158333 32.203647 -0.000000
v 67.509259 -32.451600 -0.000000
v 67.435921 -36.139511 -0.000000
v 67.509259 -35.954709 -0.000000
v 67.172693 -36.674401 -0.000000
v 67.267505 -36.499641 -0.000000
v -68.855706 -29.955884 -0.000000
v -68.672399 -30.032882 -0.000000
v -70.183572 -29.092307 -0.000000
v -70.033548 -29.222779 -0.000000
v -70.328290 -28.955973 -0.000000
v -71.729567 -26.373102 -0.000000
v -71.686426 -26.567187 -0.000000
v -71.824127 -25.186683 -0.000000
v 40.615552 34.102882 -0.000000
v 41.253145 32.028887 -0.000000
v 41.354830 31.858035 -0.000000
v 67.826092 -34.203155 -0.000000
v 67.822139 -34.004372 -0.000000
v 58.581175 -36.845253 -0.000000
v -69.212417 -29.780341 -0.000000
v -69.035807 -29.871660 -0.000000
v -69.554054 -29.577012 -0.000000
v -69.385257 -29.682074 -0.000000
v -69.878455 -29.347183 -0.000000
v -69.718540 -29.465323 -0.000000
v -71.174681 -27.856711 -0.000000
v -71.072997 -28.027563 -0.000000
v -71.437909 -27.321821 -0.000000
v -71.357282 -27.503561 -0.000000
v -71.635604 -26.759404 -0.000000
v -71.792540 -25.980556 -0.000000
v -71.764956 -26.177455 -0.000000
v 67.822139 -34.401937 -0.000000
v 67.355294 -36.321250 -0.000000
v -70.964600 -28.194237 -0.000000
v -71.269493 -27.681952 -0.000000
v -71.577180 -26.949448 -0.000000
v -71.511247 -27.137019 -0.000000
v -71.828080 -25.385465 -0.000000
v -71.824127 -25.584248 -0.000000
v -70.849663 -28.356470 -0.000000
v -70.728366 -28.514006 -0.000000
v -71.812274 -25.782716 -0.000000
v 67.355294 -32.085059 -0.000000
v 67.267505 -31.906668 -0.000000
v 67.435921 -32.266799 -0.000000
v -128.443808 55.565629 128.436439
v -128.439855 55.764412 128.436439
v -128.439855 55.764412 93.809161
v -128.455661 55.367161 128.436439
v -128.443808 55.565629 93.809161
v -128.475394 55.169321 128.436439
v -128.455661 55.367161 93.809161
v -128.502978 54.972422 128.436439
v -128.475394 55.169321 93.809161
v -128.538368 54.776775 128.436439
v -128.502978 54.972422 93.809161
v -128.581508 54.582690 128.436439
v -128.538368 54.776775 93.809161
v -128.632330 54.390473 128.436439
v -128.581508 54.582690 93.809161
v -128.690754 54.200429 128.436439
v -128.632330 54.390473 93.809161
v -128.756687 54.012858 128.436439
v -128.690754 54.200429 93.809161
v -128.830025 53.828056 128.436439
v -128.756687 54.012858 93.809161
v -128.910653 53.646316 128.436439
v -128.830025 53.828056 93.809161
v -128.998442 53.467925 128.436439
v -128.910653 53.646316 93.809161
v -129.093253 53.293166 128.436439
v -128.998442 53.467925 93.809161
v -129.194938 53.122314 128.436439
v -129.093253 53.293166 93.809161
v -129.303335 52.955640 128.436439
v -129.194938 53.122314 93.809161
v -129.418272 52.793407 128.436439
v -129.303335 52.955640 93.809161
v -129.539568 52.635872 128.436439
v -129.418272 52.793407 93.809161
v -129.667032 52.483283 128.436439
v -129.539568 52.635872 93.809161
v -129.800461 52.335883 128.436439
v -129.667032 52.483283 93.809161
v -129.939644 52.193904 128.436439
v -129.800461 52.335883 93.809161
v -130.084363 52.057571 128.436439
v -129.939644 52.193904 93.809161
v -130.234387 51.927099 128.436439
v -130.084363 52.057571 93.809161
v -130.389479 51.802694 128.436439
v -130.234387 51.927099 93.809161
v -130.549395 51.684554 128.436439
v -130.389479 51.802694 93.809161
v -130.713881 51.572865 128.436439
v -130.549395 51.684554 93.809161
v -130.882677 51.467804 128.436439
v -130.713881 51.572865 93.809161
v -131.055517 51.369536 128.436439
v -130.882677 51.467804 93.809161
v -131.232127 51.278218 128.436439
v -131.055517 51.369536 93.809161
v -131.412228 51.193993 128.436439
v -131.232127 51.278218 93.809161
v -131.595535 51.116995 128.436439
v -131.412228 51.193993 93.809161
v -131.781758 51.047345 128.436439
v -131.595535 51.116995 93.809161
v -131.970603 50.985155 128.436439
v -131.781758 51.047345 93.809161
v -132.161772 50.930521 128.436439
v -131.970603 50.985155 93.809161
v -132.354961 50.883530 128.436439
v -132.161772 50.930521 93.809161
v -132.549865 50.844258 128.436439
v -132.354961 50.883530 93.809161
v -132.746177 50.812765 128.436439
v -132.549865 50.844258 93.809161
v -132.943586 50.789101 128.436439
v -132.746177 50.812765 93.809161
v -133.141779 50.773305 128.436439
v -132.943586 50.789101 93.809161
v -133.340444 50.765400 128.436439
v -133.141779 50.773305 93.809161
v -133.539266 50.765400 128.436439
v -133.340444 50.765400 93.809161
v -133.737930 50.773305 128.436439
v -133.539266 50.765400 93.809161
v -133.936124 50.789101 128.436439
v -133.737930 50.773305 93.809161
v -134.133532 50.812765 128.436439
v -133.936124 50.789101 93.809161
v -134.329844 50.844258 128.436439
v -134.133532 50.812765 93.809161
v -134.524749 50.883530 128.436439
v -134.329844 50.844258 93.809161
v -134.717938 50.930521 128.436439
v -134.524749 50.883530 93.809161
v -134.909106 50.985155 128.436439
v -134.717938 50.930521 93.809161
v -135.097951 51.047345 128.436439
v -134.909106 50.985155 93.809161
v -135.284174 51.116995 128.436439
v -135.097951 51.047345 93.809161
v -135.467481 51.193993 128.436439
v -135.284174 51.116995 93.809161
v -135.647582 51.278218 128.436439
v -135.467481 51.193993 93.809161
v -135.824192 51.369536 128.436439
v -135.647582 51.278218 93.809161
v -135.997032 51.467804 128.436439
v -135.824192 51.369536 93.809161
v -136.165829 51.572865 128.436439
v -135.997032 51.467804 93.809161
v -136.330315 51.684554 128.436439
v -136.165829 51.572865 93.809161
v -136.490230 51.802694 128.436439
v -136.330315 51.684554 93.809161
v -136.645323 51.927099 128.436439
v -136.490230 51.802694 93.809161
v -136.795347 52.057571 128.436439
v -136.645323 51.927099 93.809161
v -136.940065 52.193904 128.436439
v -136.795347 52.057571 93.809161
v -137.079249 52.335883 128.436439
v -136.940065 52.193904 93.809161
v -137.212678 52.483283 128.436439
v -137.079249 52.335883 93.809161
v -137.340141 52.635872 128.436439
v -137.212678 52.483283 93.809161
v -137.461438 52.793407 128.436439
v -137.340141 52.635872 93.809161
v -137.576375 52.955640 128.436439
v -137.461438 52.793407 93.809161
v -137.684772 53.122314 128.436439
v -137.576375 52.955640 93.809161
v -137.786456 53.293166 128.436439
v -137.684772 53.122314 93.809161
v -137.881268 53.467925 128.436439
v -137.786456 53.293166 93.809161
v -137.969057 53.646316 128.436439
v -137.881268 53.467925 93.809161
v -138.049684 53.828056 128.436439
v -137.969057 53.646316 93.809161
v -138.123022 54.012858 128.436439
v -138.049684 53.828056 93.809161
v -138.188955 54.200429 128.436439
v -138.123022 54.012858 93.809161
v -138.247379 54.390473 128.436439
v -138.188955 54.200429 93.809161
v -138.298201 54.582690 128.436439
v -138.247379 54.390473 93.809161
v -138.341342 54.776775 128.436439
v -138.298201 54.582690 93.809161
v -138.376731 54.972422 128.436439
v -138.341342 54.776775 93.809161
v -138.404315 55.169321 128.436439
v -138.376731 54.972422 93.809161
v -138.424049 55.367161 128.436439
v -138.404315 55.169321 93.809161
v -138.435902 55.565629 128.436439
v -138.424049 55.367161 93.809161
v -138.439855 55.764412 128.436439
v -138.435902 55.565629 93.809161
v -138.435902 55.963194 128.436439
v -138.439855 55.764412 93.809161
v -138.424049 56.161663 128.436439
v -138.435902 55.963194 93.809161
v -138.404315 56.359503 128.436439
v -138.424049 56.161663 93.809161
v -138.376731 56.556402 128.436439
v -138.404315 56.359503 93.809161
v -138.341342 56.752049 128.436439
v -138.376731 56.556402 93.809161
v -138.298201 56.946134 128.436439
v -138.341342 56.752049 93.809161
v -138.247379 57.138351 128.436439
v -138.298201 56.946134 93.809161
v -138.188955 57.328395 128.436439
v -138.247379 57.138351 93.809161
v -138.123022 57.515966 128.436439
v -138.188955 57.328395 93.809161
v -138.049684 57.700768 128.436439
v -138.123022 57.515966 93.809161
v -137.969057 57.882508 128.436439
v -138.049684 57.700768 93.809161
v -137.881268 58.060898 128.436439
v -137.969057 57.882508 93.809161
v -137.786456 58.235658 128.436439
v -137.881268 58.060898 93.809161
v -137.684772 58.406510 128.436439
v -137.786456 58.235658 93.809161
v -137.576375 58.573184 128.436439
v -137.684772 58.406510 93.809161
v -137.461438 58.735417 128.436439
v -137.576375 58.573184 93.809161
v -137.340141 58.892952 128.436439
v -137.461438 58.735417 93.809161
v -137.212678 59.045541 128.436439
v -137.340141 58.892952 93.809161
v -137.079249 59.192941 128.436439
v -137.212678 59.045541 93.809161
v -136.940065 59.334920 128.436439
v -137.079249 59.192941 93.809161
v -136.795347 59.471253 128.436439
v -136.940065 59.334920 93.809161
v -136.645323 59.601725 128.436439
v -136.795347 59.471253 93.809161
v -136.490230 59.726130 128.436439
v -136.645323 59.601725 93.809161
v -136.330315 59.844270 128.436439
v -136.490230 59.726130 93.809161
v -136.165829 59.955959 128.436439
v -136.330315 59.844270 93.809161
v -135.997032 60.061020 128.436439
v -136.165829 59.955959 93.809161
v -135.824192 60.159288 128.436439
v -135.997032 60.061020 93.809161
v -135.647582 60.250606 128.436439
v -135.824192 60.159288 93.809161
v -135.467481 60.334831 128.436439
v -135.647582 60.250606 93.809161
v -135.284174 60.411829 128.436439
v -135.467481 60.334831 93.809161
v -135.097951 60.481478 128.436439
v -135.284174 60.411829 93.809161
v -134.909106 60.543669 128.436439
v -135.097951 60.481478 93.809161
v -134.717938 60.598303 128.436439
v -134.909106 60.543669 93.809161
v -134.524749 60.645293 128.436439
v -134.717938 60.598303 93.809161
v -134.329844 60.684566 128.436439
v -134.524749 60.645293 93.809161
v -134.133532 60.716059 128.436439
v -134.329844 60.684566 93.809161
v -133.936124 60.739723 128.436439
v -134.133532 60.716059 93.809161
v -133.737930 60.755519 128.436439
v -133.936124 60.739723 93.809161
v -133.539266 60.763424 128.436439
v -133.737930 60.755519 93.809161
v -133.340444 60.763424 128.436439
v -133.539266 60.763424 93.809161
v -133.141779 60.755519 128.436439
v -133.340444 60.763424 93.809161
v -132.943586 60.739723 128.436439
v -133.141779 60.755519 93.809161
v -132.746177 60.716059 128.436439
v -132.943586 60.739723 93.809161
v -132.549865 60.684566 128.436439
v -132.746177 60.716059 93.809161
v -132.354961 60.645293 128.436439
v -132.549865 60.684566 93.809161
v -132.161772 60.598303 128.436439
v -132.354961 60.645293 93.809161
v -131.970603 60.543669 128.436439
v -132.161772 60.598303 93.809161
v -131.781758 60.481478 128.436439
v -131.970603 60.543669 93.809161
v -131.595535 60.411829 128.436439
v -131.781758 60.481478 93.809161
v -131.412228 60.334831 128.436439
v -131.595535 60.411829 93.809161
v -131.232127 60.250606 128.436439
v -131.412228 60.334831 93.809161
v -131.055517 60.159288 128.436439
v -131.232127 60.250606 93.809161
v -130.882677 60.061020 128.436439
v -131.055517 60.159288 93.809161
v -130.713881 59.955959 128.436439
v -130.882677 60.061020 93.809161
v -130.549395 59.844270 128.436439
v -130.713881 59.955959 93.809161
v -130.389479 59.726130 128.436439
v -130.549395 59.844270 93.809161
v -130.234387 59.601725 128.436439
v -130.389479 59.726130 93.809161
v -130.084363 59.471253 128.436439
v -130.234387 59.601725 93.809161
v -129.939644 59.334920 128.436439
v -130.084363 59.471253 93.809161
v -129.800461 59.192941 128.436439
v -129.939644 59.334920 93.809161
v -129.667032 59.045541 128.436439
v -129.800461 59.192941 93.809161
v -129.539568 58.892952 128.436439
v -129.667032 59.045541 93.809161
v -129.418272 58.735417 128.436439
v -129.539568 58.892952 93.809161
v -129.303335 58.573184 128.436439
v -129.418272 58.735417 93.809161
v -129.194938 58.406510 128.436439
v -129.303335 58.573184 93.809161
v -129.093253 58.235658 128.436439
v -129.194938 58.406510 93.809161
v -128.998442 58.060898 128.436439
v -129.093253 58.235658 93.809161
v -128.910653 57.882508 128.436439
v -128.998442 58.060898 93.809161
v -128.830025 57.700768 128.436439
v -128.910653 57.882508 93.809161
v -128.756687 57.515966 128.436439
v -128.830025 57.700768 93.809161
v -128.690754 57.328395 128.436439
v -128.756687 57.515966 93.809161
v -128.632330 57.138351 128.436439
v -128.690754 57.328395 93.809161
v -128.581508 56.946134 128.436439
v -128.632330 57.138351 93.809161
v -128.538368 56.752049 128.436439
v -128.581508 56.946134 93.809161
v -128.502978 56.556402 128.436439
v -128.538368 56.752049 93.809161
v -128.475394 56.359503 128.436439
v -128.502978 56.556402 93.809161
v -128.455661 56.161663 128.436439
v -128.475394 56.359503 93.809161
v -128.443808 55.963194 128.436439
v -128.455661 56.161663 93.809161
v -128.443808 55.963194 93.809161
v -133.526655 -2.169388 93.809161
v -133.717823 -2.224022 93.809161
v -133.138562 -2.083125 93.809161
v -133.333466 -2.122398 93.809161
v -133.906669 -2.286213 93.809161
v -134.092892 -2.355863 93.809161
v -132.546648 -2.012172 93.809161
v -132.744841 -2.027969 93.809161
v -130.590476 -2.286213 93.809161
v -130.779321 -2.224022 93.809161
v -130.220946 -2.432861 93.809161
v -130.404252 -2.355863 93.809161
v -132.942250 -2.051632 93.809161
v -131.752303 -2.027969 93.809161
v -131.950496 -2.012172 93.809161
v -131.358583 -2.083125 93.809161
v -131.554894 -2.051632 93.809161
v -130.970489 -2.169388 93.809161
v -131.163678 -2.122398 93.809161
v -134.632910 -2.608404 93.809161
v -134.805750 -2.706671 93.809161
v -132.149161 -2.004268 93.809161
v -132.347983 -2.004268 93.809161
v -134.974546 -2.811733 93.809161
v -135.139032 -2.923422 93.809161
v -134.276199 -2.432861 93.809161
v -134.456300 -2.517085 93.809161
v -129.864235 -2.608404 93.809161
v -130.040845 -2.517085 93.809161
v -129.522598 -2.811733 93.809161
v -129.691395 -2.706671 93.809161
v -129.198196 -3.041562 93.809161
v -129.358112 -2.923422 93.809161
v -135.298948 -3.041562 93.809161
v -128.893080 -3.296438 93.809161
v -129.043104 -3.165966 93.809161
v -128.348286 -3.874739 93.809161
v -128.475749 -3.722151 93.809161
v -135.454040 -3.165966 93.809161
v -135.604064 -3.296438 93.809161
v -128.226989 -4.032274 93.809161
v -128.609178 -3.574751 93.809161
v -6.941002 -13.349723 93.809161
v -128.112052 -4.194507 93.809161
v -127.807159 -4.706793 93.809161
v -127.901971 -4.532034 93.809161
v -127.638743 -5.066924 93.809161
v -127.719370 -4.885184 93.809161
v -127.441048 -5.629341 93.809161
v -127.499471 -5.439297 93.809161
v -24.503914 51.130765 93.809161
v -2.892476 -10.829862 93.809161
v -3.090670 -10.845658 93.809161
v -2.296325 -10.829862 93.809161
v -2.494990 -10.821957 93.809161
v -136.021395 -3.722151 93.809161
v -136.148859 -3.874739 93.809161
v -128.748362 -3.432772 93.809161
v -128.003655 -4.361182 93.809161
v -127.565405 -5.251725 93.809161
v -7.204230 -13.884613 93.809161
v -127.441048 -8.377218 93.809161
v -127.390225 -8.185002 93.809161
v -127.565405 -8.754834 93.809161
v -127.499471 -8.567263 93.809161
v -127.901971 -9.474526 93.809161
v -127.807159 -9.299766 93.809161
v -7.594401 -15.820969 93.809161
v -130.970489 -11.837171 93.809161
v -130.779321 -11.782537 93.809161
v -131.358583 -11.923434 93.809161
v -131.163678 -11.884161 93.809161
v -132.149161 -12.002291 93.809161
v -131.950496 -11.994387 93.809161
v -4.252497 -11.103903 93.809161
v -24.569847 51.318336 93.809161
v -3.484390 -10.900815 93.809161
v -3.679295 -10.940087 93.809161
v -3.288078 -10.869322 93.809161
v -2.693812 -10.821957 93.809161
v -1.704411 -10.900815 93.809161
v -1.900723 -10.869322 93.809161
v 1.752201 -13.349723 93.809161
v -16.930286 48.802461 93.809161
v -16.770370 48.920601 93.809161
v -17.976426 48.234902 93.809161
v -17.793119 48.311900 93.809161
v -135.887966 -3.574751 93.809161
v -136.270155 -4.032274 93.809161
v -135.748782 -3.432772 93.809161
v -127.390225 -5.821557 93.809161
v -127.311695 -6.211289 93.809161
v -127.347085 -6.015643 93.809161
v -127.264378 -6.606029 93.809161
v -127.284112 -6.408189 93.809161
v -127.252525 -7.202062 93.809161
v -7.035814 -13.524483 93.809161
v -127.347085 -7.990917 93.809161
v -127.719370 -9.121375 93.809161
v -127.638743 -8.939635 93.809161
v -130.590476 -11.720346 93.809161
v -130.404252 -11.650697 93.809161
v -131.752303 -11.978590 93.809161
v -131.554894 -11.954927 93.809161
v -24.679093 51.700597 93.809161
v -24.628271 51.508380 93.809161
v -4.063652 -11.041712 93.809161
v -3.872484 -10.987078 93.809161
v -2.098132 -10.845658 93.809161
v -0.936304 -11.103903 93.809161
v -1.125149 -11.041712 93.809161
v -21.665066 57.529736 93.809161
v -21.848373 57.452738 93.809161
v -15.799163 49.911314 93.809161
v -15.684226 50.073547 93.809161
v -16.615278 49.045005 93.809161
v -17.263569 48.585710 93.809161
v -17.094772 48.690772 93.809161
v -17.613019 48.396124 93.809161
v -17.436409 48.487443 93.809161
v -19.522670 47.891212 93.809161
v -19.324477 47.907008 93.809161
v -21.098829 48.048428 93.809161
v -20.905640 48.001437 93.809161
v -21.848373 48.311900 93.809161
v -21.665066 48.234902 93.809161
v 19.131554 -44.521986 93.809161
v 0.455975 -19.782687 93.809161
v 0.611068 -19.658282 93.809161
v -154.908089 -44.521986 93.809161
v -5.799869 -19.658282 93.809161
v -5.644776 -19.782687 93.809161
v -154.908089 83.782801 93.809161
v -7.343501 -14.256986 93.809161
v -7.401925 -14.447030 93.809161
v -7.277568 -14.069415 93.809161
v -127.248572 -7.003280 93.809161
v -127.264378 -7.400530 93.809161
v -7.123603 -13.702873 93.809161
v -130.220946 -11.573699 93.809161
v -5.799869 -11.983656 93.809161
v -5.949893 -12.114128 93.809161
v -24.757623 52.090329 93.809161
v -24.722233 51.894682 93.809161
v -4.978738 -11.426093 93.809161
v -5.151578 -11.524361 93.809161
v -4.438720 -11.173552 93.809161
v -4.622027 -11.250550 93.809161
v -1.316317 -10.987078 93.809161
v -1.509507 -10.940087 93.809161
v -0.750081 -11.173552 93.809161
v -24.820746 52.882319 93.809161
v -23.176238 56.589160 93.809161
v -23.320956 56.452827 93.809161
v -22.205084 57.277195 93.809161
v -22.377923 57.178927 93.809161
v -22.028474 57.368513 93.809161
v 19.131554 83.782801 93.809161
v -15.071645 51.318336 93.809161
v -15.013222 51.508380 93.809161
v -15.379333 50.585832 93.809161
v -15.291544 50.764223 93.809161
v -15.920460 49.753778 93.809161
v -15.575829 50.240221 93.809161
v -16.181352 49.453790 93.809161
v -16.047923 49.601190 93.809161
v -16.465254 49.175477 93.809161
v -16.320536 49.311811 93.809161
v -18.930757 47.962164 93.809161
v -18.735852 48.001437 93.809161
v -19.127068 47.930671 93.809161
v -20.118822 47.891212 93.809161
v -19.920157 47.883307 93.809161
v -20.710736 47.962164 93.809161
v -20.514424 47.930671 93.809161
v -21.289997 48.103061 93.809161
v -21.478842 48.165252 93.809161
v -22.377923 48.585710 93.809161
v -22.205084 48.487443 93.809161
v -23.176238 49.175477 93.809161
v -23.026214 49.045005 93.809161
v 0.296059 -19.900827 93.809161
v -0.037223 -20.117577 93.809161
v 0.131573 -20.012516 93.809161
v -4.802128 -20.307163 93.809161
v -4.622027 -20.391388 93.809161
v -5.949893 -19.527810 93.809161
v -5.484861 -19.900827 93.809161
v -7.452747 -14.639247 93.809161
v -7.495887 -14.833332 93.809161
v -127.252525 -6.804497 93.809161
v -127.311695 -7.795270 93.809161
v -127.284112 -7.598371 93.809161
v -128.475749 -10.284408 93.809161
v -128.348286 -10.131820 93.809161
v -24.785206 52.287228 93.809161
v -5.644776 -11.859251 93.809161
v -5.320374 -11.629422 93.809161
v -4.802128 -11.334775 93.809161
v -0.566774 -11.250550 93.809161
v -24.430575 50.945963 93.809161
v -0.037223 -11.524361 93.809161
v -0.210063 -11.426093 93.809161
v -23.026214 56.719632 93.809161
v -23.460140 56.310848 93.809161
v -22.711206 56.962177 93.809161
v -22.871122 56.844037 93.809161
v -22.546720 57.073866 93.809161
v -21.289997 57.661576 93.809161
v -21.478842 57.599385 93.809161
v -15.013222 54.256258 93.809161
v -15.071645 54.446302 93.809161
v -14.883869 53.674309 93.809161
v -14.919259 53.869956 93.809161
v -15.137579 51.130765 93.809161
v -14.962399 51.700597 93.809161
v -15.474145 50.411073 93.809161
v -15.210917 50.945963 93.809161
v -19.721335 47.883307 93.809161
v -20.317015 47.907008 93.809161
v -22.028474 48.396124 93.809161
v -22.871122 48.920601 93.809161
v -22.711206 48.802461 93.809161
v 0.761092 -19.527810 93.809161
v 0.905810 -19.391477 93.809161
v -4.252497 -20.538036 93.809161
v -4.063652 -20.600226 93.809161
v -4.978738 -20.215845 93.809161
v -4.438720 -20.468386 93.809161
v -5.320374 -20.012516 93.809161
v -6.094611 -19.391477 93.809161
v -6.730921 -18.629741 93.809161
v -6.615983 -18.791974 93.809161
v -7.531277 -15.028979 93.809161
v -7.558861 -15.225878 93.809161
v -128.112052 -9.812052 93.809161
v -128.003655 -9.645377 93.809161
v -128.609178 -10.431809 93.809161
v -128.226989 -9.974285 93.809161
v -129.043104 -10.840593 93.809161
v -128.893080 -10.710121 93.809161
v -130.040845 -11.489474 93.809161
v -132.347983 -12.002291 93.809161
v -6.233795 -12.392440 93.809161
v -6.367224 -12.539840 93.809161
v -6.094611 -12.250461 93.809161
v -5.484861 -11.741111 93.809161
v -0.386673 -11.334775 93.809161
v 0.131573 -11.629422 93.809161
v -24.430575 54.818675 93.809161
v -24.628271 54.256258 93.809161
v -24.679093 54.064041 93.809161
v -24.503914 54.633873 93.809161
v -24.262159 55.178805 93.809161
v -24.349948 55.000414 93.809161
v -23.957266 55.691091 93.809161
v -24.065663 55.524417 93.809161
v -23.721033 56.010859 93.809161
v -23.842329 55.853324 93.809161
v -23.593569 56.163448 93.809161
v -20.118822 57.873426 93.809161
v -20.317015 57.857630 93.809161
v -15.137579 54.633873 93.809161
v -14.962399 54.064041 93.809161
v -14.919259 51.894682 93.809161
v -14.883869 52.090329 93.809161
v -18.351495 48.103061 93.809161
v -18.162650 48.165252 93.809161
v -18.542663 48.048428 93.809161
v -22.546720 48.690772 93.809161
v -23.593569 49.601190 93.809161
v -23.460140 49.453790 93.809161
v -23.957266 50.073547 93.809161
v -23.842329 49.911314 93.809161
v -0.386673 -20.307163 93.809161
v -0.210063 -20.215845 93.809161
v -3.288078 -20.772616 93.809161
v -3.090670 -20.796280 93.809161
v -3.679295 -20.701851 93.809161
v -3.484390 -20.741123 93.809161
v -3.872484 -20.654860 93.809161
v -5.151578 -20.117577 93.809161
v -6.367224 -19.102098 93.809161
v -6.233795 -19.249498 93.809161
v -6.494687 -18.949509 93.809161
v -137.056097 -5.629341 93.809161
v -137.106919 -5.821557 93.809161
v -136.385092 -4.194507 93.809161
v -136.493489 -4.361182 93.809161
v -7.578595 -15.423718 93.809161
v -7.590448 -15.622186 93.809161
v -128.748362 -10.573788 93.809161
v -129.198196 -10.964997 93.809161
v -129.522598 -11.194827 93.809161
v -129.358112 -11.083138 93.809161
v -129.864235 -11.398156 93.809161
v -6.839317 -13.178871 93.809161
v -6.494687 -12.692429 93.809161
v 0.455975 -11.859251 93.809161
v 0.296059 -11.741111 93.809161
v 0.761092 -12.114128 93.809161
v 0.611068 -11.983656 93.809161
v 1.305886 -12.692429 93.809161
v 1.178423 -12.539840 93.809161
v -24.804940 53.279570 93.809161
v -24.816793 53.081101 93.809161
v -24.722233 53.869956 93.809161
v -24.757623 53.674309 93.809161
v -24.569847 54.446302 93.809161
v -24.167347 55.353565 93.809161
v -20.905640 57.763200 93.809161
v -21.098829 57.716210 93.809161
v -20.514424 57.833966 93.809161
v -20.710736 57.802473 93.809161
v -17.976426 57.529736 93.809161
v -18.162650 57.599385 93.809161
v -17.263569 57.178927 93.809161
v -17.436409 57.277195 93.809161
v -16.930286 56.962177 93.809161
v -17.094772 57.073866 93.809161
v -15.379333 55.178805 93.809161
v -15.474145 55.353565 93.809161
v -15.210917 54.818675 93.809161
v -15.291544 55.000414 93.809161
v -14.836552 53.279570 93.809161
v -14.856286 53.477410 93.809161
v -14.856286 52.287228 93.809161
v -14.836552 52.485068 93.809161
v -23.320956 49.311811 93.809161
v -23.721033 49.753778 93.809161
v 2.307086 -14.833332 93.809161
v 2.263946 -14.639247 93.809161
v 1.542120 -18.629741 93.809161
v 1.650516 -18.463067 93.809161
v 1.305886 -18.949509 93.809161
v 1.427182 -18.791974 93.809161
v -0.750081 -20.468386 93.809161
v -0.566774 -20.391388 93.809161
v -1.316317 -20.654860 93.809161
v -1.125149 -20.600226 93.809161
v -2.892476 -20.812076 93.809161
v -137.150059 -6.015643 93.809161
v -137.185449 -6.211289 93.809161
v -136.997673 -5.439297 93.809161
v -136.858401 -5.066924 93.809161
v -136.931740 -5.251725 93.809161
v -136.689985 -4.706793 93.809161
v -136.777774 -4.885184 93.809161
v -136.595173 -4.532034 93.809161
v -129.691395 -11.299888 93.809161
v -6.730921 -13.012197 93.809161
v -6.615983 -12.849964 93.809161
v 1.427182 -12.849964 93.809161
v 1.044993 -12.392440 93.809161
v -24.785206 53.477410 93.809161
v -19.127068 57.833966 93.809161
v -19.324477 57.857630 93.809161
v -18.735852 57.763200 93.809161
v -18.930757 57.802473 93.809161
v -18.351495 57.661576 93.809161
v -18.542663 57.716210 93.809161
v -17.613019 57.368513 93.809161
v -16.615278 56.719632 93.809161
v -16.770370 56.844037 93.809161
v -16.181352 56.310848 93.809161
v -16.320536 56.452827 93.809161
v -15.799163 55.853324 93.809161
v -15.920460 56.010859 93.809161
v -14.820746 52.882319 93.809161
v -14.824699 53.081101 93.809161
v -14.824699 52.683536 93.809161
v 1.650516 -13.178871 93.809161
v -24.349948 50.764223 93.809161
v 2.342476 -15.028979 93.809161
v 2.213124 -14.447030 93.809161
v 2.389794 -15.423718 93.809161
v 2.370060 -15.225878 93.809161
v 2.307086 -16.808606 93.809161
v 2.342476 -16.612959 93.809161
v 2.154700 -17.384952 93.809161
v 2.213124 -17.194908 93.809161
v 1.044993 -19.249498 93.809161
v 1.178423 -19.102098 93.809161
v -0.936304 -20.538036 93.809161
v -2.296325 -20.812076 93.809161
v -2.098132 -20.796280 93.809161
v -2.693812 -20.819981 93.809161
v -7.123603 -17.939065 93.809161
v -7.035814 -18.117455 93.809161
v -7.343501 -17.384952 93.809161
v -7.277568 -17.572523 93.809161
v -7.452747 -17.002691 93.809161
v -7.401925 -17.194908 93.809161
v -7.590448 -16.019752 93.809161
v -132.744841 -11.978590 93.809161
v -132.546648 -11.994387 93.809161
v -137.213032 -6.408189 93.809161
v 0.905810 -12.250461 93.809161
v 1.542120 -13.012197 93.809161
v -19.721335 57.881330 93.809161
v -19.920157 57.881330 93.809161
v -19.522670 57.873426 93.809161
v -16.465254 56.589160 93.809161
v -16.047923 56.163448 93.809161
v -15.575829 55.524417 93.809161
v -15.684226 55.691091 93.809161
v 2.154700 -14.256986 93.809161
v 2.370060 -16.416060 93.809161
v 2.389794 -16.218220 93.809161
v 2.263946 -17.002691 93.809161
v -1.704411 -20.741123 93.809161
v -1.509507 -20.701851 93.809161
v -1.900723 -20.772616 93.809161
v -2.494990 -20.819981 93.809161
v -7.204230 -17.757325 93.809161
v -6.941002 -18.292215 93.809161
v -7.531277 -16.612959 93.809161
v -7.495887 -16.808606 93.809161
v -7.578595 -16.218220 93.809161
v -7.558861 -16.416060 93.809161
v -133.138562 -11.923434 93.809161
v -132.942250 -11.954927 93.809161
v -133.526655 -11.837171 93.809161
v -133.333466 -11.884161 93.809161
v -133.906669 -11.720346 93.809161
v -133.717823 -11.782537 93.809161
v -136.021395 -10.284408 93.809161
v -135.887966 -10.431809 93.809161
v -137.232766 -6.606029 93.809161
v -24.816793 52.683536 93.809161
v -17.793119 57.452738 93.809161
v -24.262159 50.585832 93.809161
v 2.088767 -14.069415 93.809161
v 2.015429 -17.757325 93.809161
v 2.088767 -17.572523 93.809161
v 1.752201 -18.292215 93.809161
v 1.847012 -18.117455 93.809161
v -134.276199 -11.573699 93.809161
v -134.092892 -11.650697 93.809161
v -135.604064 -10.710121 93.809161
v -135.454040 -10.840593 93.809161
v -135.748782 -10.573788 93.809161
v -137.150059 -7.990917 93.809161
v -137.106919 -8.185002 93.809161
v -137.244619 -6.804497 93.809161
v -24.804940 52.485068 93.809161
v -24.167347 50.411073 93.809161
v -24.065663 50.240221 93.809161
v 2.405599 -15.820969 93.809161
v 2.401646 -15.622186 93.809161
v -6.839317 -18.463067 93.809161
v -134.632910 -11.398156 93.809161
v -134.456300 -11.489474 93.809161
v -134.974546 -11.194827 93.809161
v -134.805750 -11.299888 93.809161
v -135.298948 -10.964997 93.809161
v -135.139032 -11.083138 93.809161
v -136.595173 -9.474526 93.809161
v -136.493489 -9.645377 93.809161
v -136.858401 -8.939635 93.809161
v -136.777774 -9.121375 93.809161
v -137.056097 -8.377218 93.809161
v -137.213032 -7.598371 93.809161
v -137.185449 -7.795270 93.809161
v 2.401646 -16.019752 93.809161
v 1.934801 -17.939065 93.809161
v -136.385092 -9.812052 93.809161
v -136.689985 -9.299766 93.809161
v -136.997673 -8.567263 93.809161
v -136.931740 -8.754834 93.809161
v -137.248572 -7.003280 93.809161
v -137.244619 -7.202062 93.809161
v -136.270155 -9.974285 93.809161
v -136.148859 -10.131820 93.809161
v -137.232766 -7.400530 93.809161
v 1.934801 -13.702873 93.809161
v 1.847012 -13.524483 93.809161
v 2.015429 -13.884613 93.809161
v -154.908089 -44.521986 128.436439
v -154.908089 22.939520 128.436439
v -154.908089 83.782801 128.436439
v -45.790639 83.782801 128.436439
v 19.131554 83.782801 128.436439
v 19.131554 22.939520 128.436439
v 19.131554 -44.521986 128.436439
v -45.790639 -44.521986 128.436439
v -14.824699 52.683536 128.436439
v -14.820746 52.882319 128.436439
v -14.836552 52.485068 128.436439
v -14.856286 52.287228 128.436439
v -14.883869 52.090329 128.436439
v -14.919259 51.894682 128.436439
v -14.962399 51.700597 128.436439
v -15.013222 51.508380 128.436439
v -15.071645 51.318336 128.436439
v -15.137579 51.130765 128.436439
v -15.210917 50.945963 128.436439
v -15.291544 50.764223 128.436439
v -15.379333 50.585832 128.436439
v -15.474145 50.411073 128.436439
v -15.575829 50.240221 128.436439
v -15.684226 50.073547 128.436439
v -15.799163 49.911314 128.436439
v -15.920460 49.753778 128.436439
v -16.047923 49.601190 128.436439
v -16.181352 49.453790 128.436439
v -16.320536 49.311811 128.436439
v -16.465254 49.175477 128.436439
v -16.615278 49.045005 128.436439
v -16.770370 48.920601 128.436439
v -16.930286 48.802461 128.436439
v -17.094772 48.690772 128.436439
v -17.263569 48.585710 128.436439
v -17.436409 48.487443 128.436439
v -17.613019 48.396124 128.436439
v -17.793119 48.311900 128.436439
v -17.976426 48.234902 128.436439
v -18.162650 48.165252 128.436439
v -18.351495 48.103061 128.436439
v -18.542663 48.048428 128.436439
v -18.735852 48.001437 128.436439
v -18.930757 47.962164 128.436439
v -19.127068 47.930671 128.436439
v -19.324477 47.907008 128.436439
v -19.522670 47.891212 128.436439
v -19.721335 47.883307 128.436439
v -19.920157 47.883307 128.436439
v -20.118822 47.891212 128.436439
v -20.317015 47.907008 128.436439
v -20.514424 47.930671 128.436439
v -20.710736 47.962164 128.436439
v -20.905640 48.001437 128.436439
v -21.098829 48.048428 128.436439
v -21.289997 48.103061 128.436439
v -21.478842 48.165252 128.436439
v -21.665066 48.234902 128.436439
v -21.848373 48.311900 128.436439
v -22.028474 48.396124 128.436439
v -22.205084 48.487443 128.436439
v -22.377923 48.585710 128.436439
v -22.546720 48.690772 128.436439
v -22.711206 48.802461 128.436439
v -22.871122 48.920601 128.436439
v -23.026214 49.045005 128.436439
v -23.176238 49.175477 128.436439
v -23.320956 49.311811 128.436439
v -23.460140 49.453790 128.436439
v -23.593569 49.601190 128.436439
v -23.721033 49.753778 128.436439
v -23.842329 49.911314 128.436439
v -23.957266 50.073547 128.436439
v -24.065663 50.240221 128.436439
v -24.167347 50.411073 128.436439
v -24.262159 50.585832 128.436439
v -24.349948 50.764223 128.436439
v -24.430575 50.945963 128.436439
v -24.503914 51.130765 128.436439
v -24.569847 51.318336 128.436439
v -24.628271 51.508380 128.436439
v -24.679093 51.700597 128.436439
v -24.722233 51.894682 128.436439
v -24.757623 52.090329 128.436439
v -24.785206 52.287228 128.436439
v -24.804940 52.485068 128.436439
v -24.816793 52.683536 128.436439
v -24.820746 52.882319 128.436439
v -24.816793 53.081101 128.436439
v -24.804940 53.279570 128.436439
v -24.785206 53.477410 128.436439
v -24.757623 53.674309 128.436439
v -24.722233 53.869956 128.436439
v -24.679093 54.064041 128.436439
v -24.628271 54.256258 128.436439
v -24.569847 54.446302 128.436439
v -24.503914 54.633873 128.436439
v -24.430575 54.818675 128.436439
v -24.349948 55.000414 128.436439
v -24.262159 55.178805 128.436439
v -24.167347 55.353565 128.436439
v -24.065663 55.524417 128.436439
v -23.957266 55.691091 128.436439
v -23.842329 55.853324 128.436439
v -23.721033 56.010859 128.436439
v -23.593569 56.163448 128.436439
v -23.460140 56.310848 128.436439
v -23.320956 56.452827 128.436439
v -23.176238 56.589160 128.436439
v -23.026214 56.719632 128.436439
v -22.871122 56.844037 128.436439
v -22.711206 56.962177 128.436439
v -22.546720 57.073866 128.436439
v -22.377923 57.178927 128.436439
v -22.205084 57.277195 128.436439
v -22.028474 57.368513 128.436439
v -21.848373 57.452738 128.436439
v -21.665066 57.529736 128.436439
v -21.478842 57.599385 128.436439
v -21.289997 57.661576 128.436439
v -21.098829 57.716210 128.436439
v -20.905640 57.763200 128.436439
v -20.710736 57.802473 128.436439
v -20.514424 57.833966 128.436439
v -20.317015 57.857630 128.436439
v -20.118822 57.873426 128.436439
v -19.920157 57.881330 128.436439
v -19.721335 57.881330 128.436439
v -19.522670 57.873426 128.436439
v -19.324477 57.857630 128.436439
v -19.127068 57.833966 128.436439
v -18.930757 57.802473 128.436439
v -18.735852 57.763200 128.436439
v -18.542663 57.716210 128.436439
v -18.351495 57.661576 128.436439
v -18.162650 57.599385 128.436439
v -17.976426 57.529736 128.436439
v -17.793119 57.452738 128.436439
v -17.613019 57.368513 128.436439
v -17.436409 57.277195 128.436439
v -17.263569 57.178927 128.436439
v -17.094772 57.073866 128.436439
v -16.930286 56.962177 128.436439
v -16.770370 56.844037 128.436439
v -16.615278 56.719632 128.436439
v -16.465254 56.589160 128.436439
v -16.320536 56.452827 128.436439
v -16.181352 56.310848 128.436439
v -16.047923 56.163448 128.436439
v -15.920460 56.010859 128.436439
v -15.799163 55.853324 128.436439
v -15.684226 55.691091 128.436439
v -15.575829 55.524417 128.436439
v -15.474145 55.353565 128.436439
v -15.379333 55.178805 128.436439
v -15.291544 55.000414 128.436439
v -15.210917 54.818675 128.436439
v -15.137579 54.633873 128.436439
v -15.071645 54.446302 128.436439
v -15.013222 54.256258 128.436439
v -14.962399 54.064041 128.436439
v -14.919259 53.869956 128.436439
v -14.883869 53.674309 128.436439
v -14.856286 53.477410 128.436439
v -14.836552 53.279570 128.436439
v -14.824699 53.081101 128.436439
v -127.252525 -7.202062 128.436439
v -127.248572 -7.003280 128.436439
v -127.264378 -7.400530 128.436439
v -127.284112 -7.598371 128.436439
v -127.311695 -7.795270 128.436439
v -127.347085 -7.990917 128.436439
v -127.390225 -8.185002 128.436439
v -127.441048 -8.377218 128.436439
v -127.499471 -8.567263 128.436439
v -127.565405 -8.754834 128.436439
v -127.638743 -8.939635 128.436439
v -127.719370 -9.121375 128.436439
v -127.807159 -9.299766 128.436439
v -127.901971 -9.474526 128.436439
v -128.003655 -9.645377 128.436439
v -128.112052 -9.812052 128.436439
v -128.226989 -9.974285 128.436439
v -128.348286 -10.131820 128.436439
v -128.475749 -10.284408 128.436439
v -128.609178 -10.431809 128.436439
v -128.748362 -10.573788 128.436439
v -128.893080 -10.710121 128.436439
v -129.043104 -10.840593 128.436439
v -129.198196 -10.964997 128.436439
v -129.358112 -11.083138 128.436439
v -129.522598 -11.194827 128.436439
v -129.691395 -11.299888 128.436439
v -129.864235 -11.398156 128.436439
v -130.040845 -11.489474 128.436439
v -130.220946 -11.573699 128.436439
v -130.404252 -11.650697 128.436439
v -130.590476 -11.720346 128.436439
v -130.779321 -11.782537 128.436439
v -130.970489 -11.837171 128.436439
v -131.163678 -11.884161 128.436439
v -131.358583 -11.923434 128.436439
v -131.554894 -11.954927 128.436439
v -131.752303 -11.978590 128.436439
v -131.950496 -11.994387 128.436439
v -132.149161 -12.002291 128.436439
v -132.347983 -12.002291 128.436439
v -132.546648 -11.994387 128.436439
v -132.744841 -11.978590 128.436439
v -132.942250 -11.954927 128.436439
v -133.138562 -11.923434 128.436439
v -133.333466 -11.884161 128.436439
v -133.526655 -11.837171 128.436439
v -133.717823 -11.782537 128.436439
v -133.906669 -11.720346 128.436439
v -134.092892 -11.650697 128.436439
v -134.276199 -11.573699 128.436439
v -134.456300 -11.489474 128.436439
v -134.632910 -11.398156 128.436439
v -134.805750 -11.299888 128.436439
v -134.974546 -11.194827 128.436439
v -135.139032 -11.083138 128.436439
v -135.298948 -10.964997 128.436439
v -135.454040 -10.840593 128.436439
v -135.604064 -10.710121 128.436439
v -135.748782 -10.573788 128.436439
v -135.887966 -10.431809 128.436439
v -136.021395 -10.284408 128.436439
v -136.148859 -10.131820 128.436439
v -136.270155 -9.974285 128.436439
v -136.385092 -9.812052 128.436439
v -136.493489 -9.645377 128.436439
v -136.595173 -9.474526 128.436439
v -136.689985 -9.299766 128.436439
v -136.777774 -9.121375 128.436439
v -136.858401 -8.939635 128.436439
v -136.931740 -8.754834 128.436439
v -136.997673 -8.567263 128.436439
v -137.056097 -8.377218 128.436439
v -137.106919 -8.185002 128.436439
v -137.150059 -7.990917 128.436439
v -137.185449 -7.795270 128.436439
v -137.213032 -7.598371 128.436439
v -137.232766 -7.400530 128.436439
v -137.244619 -7.202062 128.436439
v -137.248572 -7.003280 128.436439
v -137.244619 -6.804497 128.436439
v -137.232766 -6.606029 128.436439
v -137.213032 -6.408189 128.436439
v -137.185449 -6.211289 128.436439
v -137.150059 -6.015643 128.436439
v -137.106919 -5.821557 128.436439
v -137.056097 -5.629341 128.436439
v -136.997673 -5.439297 128.436439
v -136.931740 -5.251725 128.436439
v -136.858401 -5.066924 128.436439
v -136.777774 -4.885184 128.436439
v -136.689985 -4.706793 128.436439
v -136.595173 -4.532034 128.436439
v -136.493489 -4.361182 128.436439
v -136.385092 -4.194507 128.436439
v -136.270155 -4.032274 128.436439
v -136.148859 -3.874739 128.436439
v -136.021395 -3.722151 128.436439
v -135.887966 -3.574751 128.436439
v -135.748782 -3.432772 128.436439
v -135.604064 -3.296438 128.436439
v -135.454040 -3.165966 128.436439
v -135.298948 -3.041562 128.436439
v -135.139032 -2.923422 128.436439
v -134.974546 -2.811733 128.436439
v -134.805750 -2.706671 128.436439
v -134.632910 -2.608404 128.436439
v -134.456300 -2.517085 128.436439
v -134.276199 -2.432861 128.436439
v -134.092892 -2.355863 128.436439
v -133.906669 -2.286213 128.436439
v -133.717823 -2.224022 128.436439
v -133.526655 -2.169388 128.436439
v -133.333466 -2.122398 128.436439
v -133.138562 -2.083125 128.436439
v -132.942250 -2.051632 128.436439
v -132.744841 -2.027969 128.436439
v -132.546648 -2.012172 128.436439
v -132.347983 -2.004268 128.436439
v -132.149161 -2.004268 128.436439
v -131.950496 -2.012172 128.436439
v -131.752303 -2.027969 128.436439
v -131.554894 -2.051632 128.436439
v -131.358583 -2.083125 128.436439
v -131.163678 -2.122398 128.436439
v -130.970489 -2.169388 128.436439
v -130.779321 -2.224022 128.436439
v -130.590476 -2.286213 128.436439
v -130.404252 -2.355863 128.436439
v -130.220946 -2.432861 128.436439
v -130.040845 -2.517085 128.436439
v -129.864235 -2.608404 128.436439
v -129.691395 -2.706671 128.436439
v -129.522598 -2.811733 128.436439
v -129.358112 -2.923422 128.436439
v -129.198196 -3.041562 128.436439
v -129.043104 -3.165966 128.436439
v -128.893080 -3.296438 128.436439
v -128.748362 -3.432772 128.436439
v -128.609178 -3.574751 128.436439
v -128.475749 -3.722151 128.436439
v -128.348286 -3.874739 128.436439
v -128.226989 -4.032274 128.436439
v -128.112052 -4.194507 128.436439
v -128.003655 -4.361182 128.436439
v -127.901971 -4.532034 128.436439
v -127.807159 -4.706793 128.436439
v -127.719370 -4.885184 128.436439
v -127.638743 -5.066924 128.436439
v -127.565405 -5.251725 128.436439
v -127.499471 -5.439297 128.436439
v -127.441048 -5.629341 128.436439
v -127.390225 -5.821557 128.436439
v -127.347085 -6.015643 128.436439
v -127.311695 -6.211289 128.436439
v -127.284112 -6.408189 128.436439
v -127.264378 -6.606029 128.436439
v -127.252525 -6.804497 128.436439
v 2.401646 -16.019752 128.436439
v 2.405599 -15.820969 128.436439
v 2.389794 -16.218220 128.436439
v 2.370060 -16.416060 128.436439
v 2.342476 -16.612959 128.436439
v 2.307086 -16.808606 128.436439
v 2.263946 -17.002691 128.436439
v 2.213124 -17.194908 128.436439
v 2.154700 -17.384952 128.436439
v 2.088767 -17.572523 128.436439
v 2.015429 -17.757325 128.436439
v 1.934801 -17.939065 128.436439
v 1.847012 -18.117455 128.436439
v 1.752201 -18.292215 128.436439
v 1.650516 -18.463067 128.436439
v 1.542120 -18.629741 128.436439
v 1.427182 -18.791974 128.436439
v 1.305886 -18.949509 128.436439
v 1.178423 -19.102098 128.436439
v 1.044993 -19.249498 128.436439
v 0.905810 -19.391477 128.436439
v 0.761092 -19.527810 128.436439
v 0.611068 -19.658282 128.436439
v 0.455975 -19.782687 128.436439
v 0.296059 -19.900827 128.436439
v 0.131573 -20.012516 128.436439
v -0.037223 -20.117577 128.436439
v -0.210063 -20.215845 128.436439
v -0.386673 -20.307163 128.436439
v -0.566774 -20.391388 128.436439
v -0.750081 -20.468386 128.436439
v -0.936304 -20.538036 128.436439
v -1.125149 -20.600226 128.436439
v -1.316317 -20.654860 128.436439
v -1.509507 -20.701851 128.436439
v -1.704411 -20.741123 128.436439
v -1.900723 -20.772616 128.436439
v -2.098132 -20.796280 128.436439
v -2.296325 -20.812076 128.436439
v -2.494990 -20.819981 128.436439
v -2.693812 -20.819981 128.436439
v -2.892476 -20.812076 128.436439
v -3.090670 -20.796280 128.436439
v -3.288078 -20.772616 128.436439
v -3.484390 -20.741123 128.436439
v -3.679295 -20.701851 128.436439
v -3.872484 -20.654860 128.436439
v -4.063652 -20.600226 128.436439
v -4.252497 -20.538036 128.436439
v -4.438720 -20.468386 128.436439
v -4.622027 -20.391388 128.436439
v -4.802128 -20.307163 128.436439
v -4.978738 -20.215845 128.436439
v -5.151578 -20.117577 128.436439
v -5.320374 -20.012516 128.436439
v -5.484861 -19.900827 128.436439
v -5.644776 -19.782687 128.436439
v -5.799869 -19.658282 128.436439
v -5.949893 -19.527810 128.436439
v -6.094611 -19.391477 128.436439
v -6.233795 -19.249498 128.436439
v -6.367224 -19.102098 128.436439
v -6.494687 -18.949509 128.436439
v -6.615983 -18.791974 128.436439
v -6.730921 -18.629741 128.436439
v -6.839317 -18.463067 128.436439
v -6.941002 -18.292215 128.436439
v -7.035814 -18.117455 128.436439
v -7.123603 -17.939065 128.436439
v -7.204230 -17.757325 128.436439
v -7.277568 -17.572523 128.436439
v -7.343501 -17.384952 128.436439
v -7.401925 -17.194908 128.436439
v -7.452747 -17.002691 128.436439
v -7.495887 -16.808606 128.436439
v -7.531277 -16.612959 128.436439
v -7.558861 -16.416060 128.436439
v -7.578595 -16.218220 128.436439
v -7.590448 -16.019752 128.436439
v -7.594401 -15.820969 128.436439
v -7.590448 -15.622186 128.436439
v -7.578595 -15.423718 128.436439
v -7.558861 -15.225878 128.436439
v -7.531277 -15.028979 128.436439
v -7.495887 -14.833332 128.436439
v -7.452747 -14.639247 128.436439
v -7.401925 -14.447030 128.436439
v -7.343501 -14.256986 128.436439
v -7.277568 -14.069415 128.436439
v -7.204230 -13.884613 128.436439
v -7.123603 -13.702873 128.436439
v -7.035814 -13.524483 128.436439
v -6.941002 -13.349723 128.436439
v -6.839317 -13.178871 128.436439
v -6.730921 -13.012197 128.436439
v -6.615983 -12.849964 128.436439
v -6.494687 -12.692429 128.436439
v -6.367224 -12.539840 128.436439
v -6.233795 -12.392440 128.436439
v -6.094611 -12.250461 128.436439
v -5.949893 -12.114128 128.436439
v -5.799869 -11.983656 128.436439
v -5.644776 -11.859251 128.436439
v -5.484861 -11.741111 128.436439
v -5.320374 -11.629422 128.436439
v -5.151578 -11.524361 128.436439
v -4.978738 -11.426093 128.436439
v -4.802128 -11.334775 128.436439
v -4.622027 -11.250550 128.436439
v -4.438720 -11.173552 128.436439
v -4.252497 -11.103903 128.436439
v -4.063652 -11.041712 128.436439
v -3.872484 -10.987078 128.436439
v -3.679295 -10.940087 128.436439
v -3.484390 -10.900815 128.436439
v -3.288078 -10.869322 128.436439
v -3.090670 -10.845658 128.436439
v -2.892476 -10.829862 128.436439
v -2.693812 -10.821957 128.436439
v -2.494990 -10.821957 128.436439
v -2.296325 -10.829862 128.436439
v -2.098132 -10.845658 128.436439
v -1.900723 -10.869322 128.436439
v -1.704411 -10.900815 128.436439
v -1.509507 -10.940087 128.436439
v -1.316317 -10.987078 128.436439
v -1.125149 -11.041712 128.436439
v -0.936304 -11.103903 128.436439
v -0.750081 -11.173552 128.436439
v -0.566774 -11.250550 128.436439
v -0.386673 -11.334775 128.436439
v -0.210063 -11.426093 128.436439
v -0.037223 -11.524361 128.436439
v 0.131573 -11.629422 128.436439
v 0.296059 -11.741111 128.436439
v 0.455975 -11.859251 128.436439
v 0.611068 -11.983656 128.436439
v 0.761092 -12.114128 128.436439
v 0.905810 -12.250461 128.436439
v 1.044993 -12.392440 128.436439
v 1.178423 -12.539840 128.436439
v 1.305886 -12.692429 128.436439
v 1.427182 -12.849964 128.436439
v 1.542120 -13.012197 128.436439
v 1.650516 -13.178871 128.436439
v 1.752201 -13.349723 128.436439
v 1.847012 -13.524483 128.436439
v 1.934801 -13.702873 128.436439
v 2.015429 -13.884613 128.436439
v 2.088767 -14.069415 128.436439
v 2.154700 -14.256986 128.436439
v 2.213124 -14.447030 128.436439
v 2.263946 -14.639247 128.436439
v 2.307086 -14.833332 128.436439
v 2.342476 -15.028979 128.436439
v 2.370060 -15.225878 128.436439
v 2.389794 -15.423718 128.436439
v 2.401646 -15.622186 128.436439
v -99.373210 65.679317 128.436439
v -99.373210 22.939520 128.436439
v -66.760531 65.679317 128.436439
v -99.373210 -22.930285 128.436439
v -66.760531 -22.930285 128.436439
v -66.760531 22.939520 128.436439
v -45.790639 22.939520 128.436439
v -99.373210 -22.930285 191.699181
v -99.373210 65.679317 191.699181
v -66.760531 -22.930285 191.699181
v -66.760531 65.679317 191.699181
usemtl Asm1Material0
f 1 2 3
f 4 1 5
f 6 4 7
f 8 6 9
f 10 8 11
f 12 10 13
f 14 12 15
f 16 14 17
f 18 16 19
f 20 18 21
f 22 20 23
f 24 22 25
f 26 24 27
f 28 26 29
f 30 28 31
f 32 30 33
f 34 32 35
f 36 34 37
f 38 36 39
f 40 38 41
f 42 40 43
f 44 42 45
f 46 44 47
f 48 46 49
f 50 48 51
f 52 50 53
f 54 52 55
f 56 54 57
f 58 56 59
f 60 58 61
f 62 60 63
f 64 62 65
f 66 64 67
f 68 66 69
f 70 68 71
f 72 70 73
f 74 72 75
f 76 74 77
f 78 76 79
f 80 78 81
f 82 80 83
f 84 82 85
f 86 84 87
f 88 86 89
f 90 88 91
f 92 90 93
f 94 92 95
f 96 94 97
f 98 96 99
f 100 98 101
f 102 100 103
f 104 102 105
f 106 104 107
f 108 106 109
f 110 108 111
f 112 110 113
f 114 112 115
f 116 114 117
f 118 116 119
f 120 118 121
f 122 120 123
f 124 122 125
f 126 124 127
f 128 126 129
f 130 128 131
f 132 130 133
f 134 132 135
f 136 134 137
f 138 136 139
f 140 138 141
f 142 140 143
f 144 142 145
f 146 144 147
f 148 146 149
f 150 148 151
f 152 150 153
f 154 152 155
f 156 154 157
f 158 156 159
f 160 158 161
f 162 160 163
f 164 162 165
f 166 164 167
f 168 166 169
f 170 168 171
f 172 170 173
f 174 172 175
f 176 174 177
f 178 176 179
f 180 178 181
f 182 180 183
f 184 182 185
f 186 184 187
f 188 186 189
f 190 188 191
f 192 190 193
f 194 192 195
f 196 194 197
f 198 196 199
f 200 198 201
f 202 200 203
f 204 202 205
f 206 204 207
f 208 206 209
f 210 208 211
f 212 210 213
f 214 212 215
f 216 214 217
f 218 216 219
f 220 218 221
f 222 220 223
f 224 222 225
f 226 224 227
f 228 226 229
f 230 228 231
f 232 230 233
f 234 232 235
f 236 234 237
f 238 236 239
f 240 238 241
f 242 240 243
f 244 242 245
f 246 244 247
f 248 246 249
f 250 248 251
f 252 250 253
f 254 252 255
f 256 254 257
f 258 256 259
f 260 258 261
f 262 260 263
f 264 262 265
f 266 264 267
f 268 266 269
f 270 268 271
f 272 270 273
f 274 272 275
f 276 274 277
f 278 276 279
f 280 278 281
f 282 280 283
f 284 282 285
f 286 284 287
f 288 286 289
f 290 288 291
f 292 290 293
f 294 292 295
f 296 294 297
f 298 296 299
f 300 298 301
f 302 300 303
f 304 302 305
f 306 304 307
f 308 306 309
f 310 308 311
f 312 310 313
f 314 312 315
f 2 314 316
f 316 3 2
f 315 316 314
f 313 315 312
f 311 313 310
f 309 311 308
f 307 309 306
f 305 307 304
f 303 305 302
f 301 303 300
f 299 301 298
f 297 299 296
f 295 297 294
f 293 295 292
f 291 293 290
f 289 291 288
f 287 289 286
f 285 287 284
f 283 285 282
f 281 283 280
f 279 281 278
f 277 279 276
f 275 277 274
f 273 275 272
f 271 273 270
f 269 271 268
f 267 269 266
f 265 267 264
f 263 265 262
f 261 263 260
f 259 261 258
f 257 259 256
f 255 257 254
f 253 255 252
f 251 253 250
f 249 251 248
f 247 249 246
f 245 247 244
f 243 245 242
f 241 243 240
f 239 241 238
f 237 239 236
f 235 237 234
f 233 235 232
f 231 233 230
f 229 231 228
f 227 229 226
f 225 227 224
f 223 225 222
f 221 223 220
f 219 221 218
f 217 219 216
f 215 217 214
f 213 215 212
f 211 213 210
f 209 211 208
f 207 209 206
f 205 207 204
f 203 205 202
f 201 203 200
f 199 201 198
f 197 199 196
f 195 197 194
f 193 195 192
f 191 193 190
f 189 191 188
f 187 189 186
f 185 187 184
f 183 185 182
f 181 183 180
f 179 181 178
f 177 179 176
f 175 177 174
f 173 175 172
f 171 173 170
f 169 171 168
f 167 169 166
f 165 167 164
f 163 165 162
f 161 163 160
f 159 161 158
f 157 159 156
f 155 157 154
f 153 155 152
f 151 153 150
f 149 151 148
f 147 149 146
f 145 147 144
f 143 145 142
f 141 143 140
f 139 141 138
f 137 139 136
f 135 137 134
f 133 135 132
f 131 133 130
f 129 131 128
f 127 129 126
f 125 127 124
f 123 125 122
f 121 123 120
f 119 121 118
f 117 119 116
f 115 117 114
f 113 115 112
f 111 113 110
f 109 111 108
f 107 109 106
f 105 107 104
f 103 105 102
f 101 103 100
f 99 101 98
f 97 99 96
f 95 97 94
f 93 95 92
f 91 93 90
f 89 91 88
f 87 89 86
f 85 87 84
f 83 85 82
f 81 83 80
f 79 81 78
f 77 79 76
f 75 77 74
f 73 75 72
f 71 73 70
f 69 71 68
f 67 69 66
f 65 67 64
f 63 65 62
f 61 63 60
f 59 61 58
f 57 59 56
f 55 57 54
f 53 55 52
f 51 53 50
f 49 51 48
f 47 49 46
f 45 47 44
f 43 45 42
f 41 43 40
f 39 41 38
f 37 39 36
f 35 37 34
f 33 35 32
f 31 33 30
f 29 31 28
f 27 29 26
f 25 27 24
f 23 25 22
f 21 23 20
f 19 21 18
f 17 19 16
f 15 17 14
f 13 15 12
f 11 13 10
f 9 11 8
f 7 9 6
f 5 7 4
f 3 5 1
f 1 317 318
f 319 320 321
f 322 323 324
f 318 325 1
f 326 1 4
f 4 327 326
f 321 328 319
f 328 329 319
f 319 330 331
f 324 332 322
f 322 330 319
f 333 329 334
f 325 335 1
f 1 336 337
f 326 338 1
f 339 340 341
f 339 342 343
f 331 320 319
f 319 323 322
f 344 78 80
f 78 344 345
f 82 346 347
f 334 348 333
f 333 349 329
f 350 1 351
f 337 317 1
f 4 352 353
f 4 354 355
f 4 356 357
f 4 358 359
f 341 360 339
f 360 361 339
f 339 362 363
f 343 364 339
f 339 365 366
f 332 365 322
f 365 339 367
f 368 369 370
f 345 76 78
f 80 82 344
f 82 371 372
f 347 373 82
f 82 374 375
f 358 48 50
f 358 44 46
f 358 38 40
f 334 376 348
f 350 2 1
f 1 377 378
f 1 379 380
f 338 336 1
f 4 381 382
f 355 352 4
f 353 381 4
f 359 356 4
f 361 383 339
f 363 384 339
f 384 340 339
f 366 342 339
f 367 322 365
f 368 385 386
f 368 387 388
f 368 389 390
f 370 391 368
f 391 389 368
f 368 392 393
f 394 395 396
f 374 92 94
f 374 82 84
f 345 358 76
f 373 371 82
f 82 397 398
f 375 399 82
f 399 400 82
f 46 48 358
f 50 52 358
f 40 42 358
f 42 44 358
f 358 30 32
f 358 26 28
f 358 12 14
f 358 4 6
f 319 401 402
f 319 403 404
f 329 405 403
f 376 350 348
f 351 406 350
f 380 377 1
f 378 351 1
f 382 327 4
f 335 379 1
f 357 354 4
f 339 407 408
f 339 409 410
f 388 385 368
f 386 339 368
f 368 411 412
f 368 413 414
f 393 415 368
f 415 416 368
f 368 417 418
f 368 419 420
f 396 421 394
f 421 422 394
f 423 424 425
f 423 426 427
f 374 98 100
f 94 96 374
f 374 88 90
f 84 86 374
f 372 344 82
f 398 428 82
f 358 52 54
f 32 34 358
f 34 36 358
f 358 24 26
f 28 30 358
f 358 16 18
f 358 10 12
f 14 16 358
f 6 8 358
f 8 10 358
f 402 429 319
f 429 430 319
f 403 319 329
f 404 401 319
f 329 431 432
f 349 431 329
f 350 433 434
f 350 435 436
f 406 437 350
f 339 438 439
f 410 407 339
f 408 438 339
f 339 383 440
f 364 362 339
f 390 387 368
f 414 411 368
f 418 441 368
f 441 392 368
f 420 442 368
f 442 443 368
f 444 445 419
f 422 446 394
f 394 447 448
f 425 394 423
f 425 449 394
f 423 450 426
f 423 451 452
f 453 166 168
f 96 98 374
f 86 88 374
f 428 346 82
f 400 454 82
f 358 70 72
f 358 60 62
f 358 56 58
f 36 38 358
f 358 22 24
f 18 20 358
f 20 22 358
f 432 405 329
f 350 455 456
f 436 433 350
f 434 455 350
f 350 437 457
f 439 368 339
f 412 369 368
f 419 368 444
f 444 458 459
f 394 446 460
f 448 395 394
f 423 461 462
f 423 463 464
f 452 450 423
f 423 465 466
f 453 172 174
f 168 170 453
f 170 172 453
f 374 142 144
f 90 92 374
f 454 397 82
f 72 74 358
f 74 76 358
f 358 66 68
f 62 64 358
f 64 66 358
f 54 56 358
f 319 430 467
f 456 348 350
f 440 409 339
f 416 413 368
f 459 468 444
f 453 469 470
f 471 472 473
f 471 474 475
f 476 477 478
f 394 479 480
f 460 481 394
f 449 482 394
f 462 483 423
f 483 484 423
f 464 485 423
f 423 486 487
f 466 451 423
f 290 488 489
f 444 260 262
f 453 180 182
f 453 176 178
f 453 162 164
f 453 146 148
f 144 453 374
f 144 146 453
f 374 108 110
f 374 102 104
f 68 70 358
f 58 60 358
f 457 435 350
f 468 445 444
f 453 490 491
f 453 492 469
f 470 493 453
f 471 494 495
f 471 496 497
f 471 498 499
f 475 472 471
f 471 500 501
f 476 502 503
f 476 504 477
f 478 505 476
f 506 507 508
f 394 509 510
f 394 481 479
f 480 511 394
f 482 447 394
f 485 512 423
f 423 513 514
f 423 515 516
f 427 486 423
f 423 517 518
f 423 519 520
f 290 521 522
f 290 523 524
f 489 525 290
f 525 523 290
f 290 526 527
f 262 264 444
f 264 266 444
f 444 256 258
f 453 252 254
f 178 180 453
f 164 166 453
f 453 150 152
f 374 138 140
f 110 112 374
f 104 106 374
f 106 108 374
f 443 417 368
f 453 528 529
f 453 530 490
f 491 531 453
f 493 532 453
f 453 533 534
f 471 535 536
f 471 537 538
f 471 539 540
f 471 541 542
f 495 543 471
f 471 544 545
f 499 496 471
f 497 544 471
f 501 474 471
f 476 546 502
f 503 394 476
f 505 546 476
f 476 547 548
f 476 549 550
f 508 551 506
f 551 552 506
f 553 476 507
f 394 554 555
f 394 556 509
f 510 557 394
f 512 461 423
f 423 558 559
f 423 560 561
f 423 562 513
f 487 515 423
f 423 563 564
f 520 517 423
f 423 565 566
f 423 567 568
f 444 569 570
f 290 571 521
f 522 572 290
f 524 571 290
f 290 573 574
f 290 575 576
f 290 577 578
f 290 579 580
f 290 581 526
f 527 582 290
f 296 583 584
f 296 585 586
f 296 587 588
f 258 260 444
f 254 444 453
f 453 246 248
f 174 176 453
f 453 158 160
f 453 154 156
f 148 150 453
f 374 136 138
f 140 142 374
f 374 130 132
f 319 589 590
f 529 591 453
f 591 374 453
f 531 528 453
f 534 492 453
f 471 592 593
f 538 535 471
f 536 592 471
f 540 594 471
f 594 595 471
f 471 596 597
f 542 598 471
f 545 494 471
f 543 541 471
f 473 498 471
f 471 599 600
f 423 601 602
f 506 603 604
f 506 605 606
f 506 607 608
f 506 552 609
f 550 547 476
f 548 504 476
f 507 506 553
f 394 610 554
f 555 611 394
f 557 610 394
f 484 424 423
f 559 612 423
f 612 463 423
f 423 613 560
f 423 614 615
f 516 562 423
f 518 563 423
f 566 616 423
f 616 617 423
f 568 618 423
f 444 619 620
f 444 621 622
f 570 623 444
f 444 624 625
f 290 572 626
f 576 573 290
f 574 627 290
f 290 628 629
f 290 630 631
f 290 632 633
f 290 634 635
f 578 636 290
f 636 634 290
f 290 637 638
f 290 639 640
f 290 641 579
f 580 642 290
f 582 643 290
f 296 644 645
f 296 646 583
f 584 647 296
f 588 585 296
f 586 646 296
f 444 274 276
f 254 256 444
f 248 250 453
f 453 240 242
f 160 162 453
f 152 154 453
f 374 134 136
f 374 128 130
f 132 134 374
f 100 102 374
f 467 589 319
f 532 530 453
f 471 648 649
f 471 650 651
f 471 652 653
f 471 654 655
f 597 539 471
f 471 656 657
f 471 658 659
f 471 660 661
f 471 662 663
f 598 664 471
f 600 665 471
f 665 500 471
f 602 666 423
f 666 667 423
f 423 394 668
f 606 603 506
f 604 669 506
f 609 607 506
f 608 605 506
f 553 549 476
f 394 611 670
f 394 671 672
f 394 511 673
f 615 613 423
f 564 465 423
f 423 674 675
f 423 617 676
f 618 565 423
f 444 677 678
f 444 679 680
f 444 681 682
f 622 619 444
f 620 683 444
f 623 684 444
f 625 685 444
f 685 686 444
f 444 290 687
f 627 488 290
f 631 628 290
f 629 575 290
f 633 688 290
f 688 630 290
f 638 689 290
f 689 577 290
f 290 690 639
f 640 691 290
f 643 641 290
f 292 692 693
f 296 694 644
f 645 695 296
f 296 647 696
f 444 280 282
f 276 278 444
f 278 280 444
f 444 270 272
f 250 252 453
f 242 244 453
f 453 214 216
f 453 210 212
f 506 697 698
f 506 699 700
f 506 701 702
f 506 703 704
f 156 158 453
f 374 122 124
f 374 118 120
f 374 114 116
f 590 506 319
f 112 114 374
f 444 705 706
f 649 453 471
f 649 533 453
f 471 707 708
f 651 537 471
f 653 709 471
f 709 650 471
f 655 710 471
f 710 652 471
f 657 596 471
f 661 658 471
f 664 662 471
f 423 711 601
f 423 712 713
f 668 714 423
f 714 712 423
f 673 671 394
f 672 556 394
f 561 558 423
f 675 519 423
f 678 715 444
f 680 716 444
f 716 677 444
f 682 717 444
f 444 683 718
f 684 621 444
f 444 719 720
f 686 721 444
f 687 722 444
f 635 632 290
f 691 637 290
f 290 723 724
f 693 290 292
f 292 294 692
f 296 725 694
f 696 726 296
f 296 727 728
f 282 284 444
f 284 286 444
f 272 274 444
f 444 266 268
f 244 246 453
f 453 224 226
f 453 218 220
f 212 214 453
f 506 729 730
f 506 731 697
f 698 729 506
f 506 732 699
f 700 731 506
f 506 733 701
f 702 734 506
f 506 735 703
f 704 733 506
f 506 736 737
f 124 126 374
f 126 128 374
f 116 118 374
f 706 458 444
f 593 707 471
f 471 595 738
f 659 656 471
f 423 739 711
f 713 739 423
f 506 740 741
f 670 476 394
f 514 614 423
f 676 742 423
f 444 743 744
f 444 745 746
f 444 747 748
f 444 749 750
f 444 751 752
f 444 753 754
f 717 755 444
f 444 721 719
f 720 569 444
f 722 624 444
f 642 723 290
f 693 581 290
f 296 756 757
f 695 756 296
f 728 587 296
f 453 234 236
f 453 230 232
f 453 222 224
f 216 218 453
f 730 319 506
f 506 758 732
f 506 759 760
f 737 761 506
f 761 759 506
f 453 192 194
f 453 184 186
f 182 184 453
f 708 648 471
f 738 654 471
f 663 660 471
f 423 762 599
f 423 667 763
f 506 669 740
f 741 764 506
f 742 674 423
f 423 765 766
f 727 304 306
f 715 743 444
f 748 745 444
f 444 767 768
f 750 769 444
f 769 767 444
f 752 770 444
f 770 749 444
f 755 753 444
f 626 687 290
f 724 690 290
f 294 296 692
f 296 771 772
f 757 773 296
f 726 725 296
f 268 270 444
f 236 238 453
f 238 240 453
f 453 228 230
f 220 222 453
f 423 774 775
f 734 758 506
f 506 776 777
f 760 776 506
f 453 190 192
f 186 188 453
f 120 122 374
f 599 471 423
f 766 567 423
f 306 308 727
f 308 310 727
f 727 300 302
f 727 296 298
f 444 778 779
f 746 679 444
f 754 751 444
f 296 773 771
f 772 692 296
f 226 228 453
f 453 206 208
f 453 202 204
f 423 780 781
f 423 782 774
f 775 783 423
f 423 784 785
f 777 735 506
f 506 786 787
f 506 764 788
f 188 190 453
f 763 762 423
f 314 350 727
f 310 312 727
f 298 300 727
f 302 304 727
f 744 778 444
f 232 234 453
f 204 206 453
f 453 196 198
f 423 783 780
f 781 789 423
f 785 782 423
f 444 790 791
f 788 786 506
f 787 736 506
f 727 312 314
f 314 2 350
f 768 747 444
f 208 210 453
f 198 200 453
f 423 789 792
f 791 423 444
f 791 793 423
f 718 681 444
f 444 286 288
f 200 202 453
f 793 784 423
f 444 368 794
f 194 196 453
f 779 705 444
f 792 765 423
f 288 290 444
f 794 790 444
f 111 795 796
f 111 797 798
f 111 799 800
f 798 795 111
f 111 801 802
f 111 803 804
f 111 805 806
f 796 799 111
f 802 807 111
f 111 808 809
f 111 810 811
f 111 812 813
f 806 803 111
f 804 812 111
f 111 814 815
f 807 797 111
f 111 816 817
f 811 808 111
f 809 816 111
f 815 818 111
f 818 819 111
f 111 820 821
f 817 801 111
f 800 820 111
f 813 810 111
f 111 822 823
f 111 824 825
f 821 814 111
f 825 822 111
f 823 805 111
f 111 826 827
f 111 819 828
f 827 824 111
f 105 829 830
f 105 831 832
f 828 833 111
f 833 834 111
f 830 107 105
f 830 826 107
f 826 111 109
f 105 835 831
f 832 836 105
f 837 838 835
f 837 839 840
f 837 841 842
f 837 843 844
f 845 846 847
f 845 848 849
f 111 850 851
f 109 107 826
f 105 836 852
f 835 105 837
f 842 839 837
f 840 853 837
f 844 854 837
f 854 841 837
f 855 856 857
f 855 858 859
f 855 860 861
f 862 863 864
f 862 865 866
f 862 867 868
f 869 870 845
f 845 871 872
f 847 873 845
f 849 874 845
f 874 846 845
f 845 875 876
f 877 878 879
f 877 880 881
f 111 882 850
f 851 883 111
f 111 834 884
f 852 829 105
f 853 838 837
f 837 885 843
f 837 886 887
f 837 888 889
f 890 837 891
f 859 856 855
f 857 892 855
f 861 893 855
f 893 894 855
f 862 895 896
f 866 863 862
f 864 895 862
f 868 897 862
f 897 898 862
f 81 899 900
f 845 901 869
f 872 902 845
f 876 903 845
f 903 848 845
f 845 904 905
f 299 906 907
f 877 908 909
f 879 910 877
f 877 911 912
f 881 913 877
f 913 914 877
f 877 915 916
f 877 917 918
f 877 919 920
f 921 922 923
f 924 925 926
f 927 267 265
f 860 928 929
f 860 855 930
f 884 882 111
f 889 886 837
f 887 885 837
f 837 890 931
f 891 932 890
f 891 933 932
f 894 858 855
f 896 934 862
f 898 865 862
f 900 935 81
f 935 936 81
f 81 937 938
f 870 939 940
f 870 941 942
f 902 901 845
f 845 943 944
f 845 945 904
f 905 943 845
f 946 33 31
f 946 37 35
f 946 41 39
f 299 947 948
f 299 949 950
f 907 951 299
f 951 949 299
f 952 953 954
f 877 955 956
f 877 957 908
f 909 958 877
f 877 959 960
f 877 961 962
f 912 878 877
f 877 963 964
f 916 965 877
f 877 966 967
f 877 968 969
f 877 970 917
f 918 968 877
f 920 971 877
f 971 970 877
f 877 972 973
f 877 974 975
f 921 976 922
f 921 977 978
f 924 979 980
f 924 981 925
f 926 982 924
f 927 269 267
f 265 263 927
f 860 983 984
f 930 928 860
f 929 983 860
f 883 117 115
f 931 985 837
f 985 888 837
f 933 855 932
f 855 986 987
f 892 986 855
f 862 988 989
f 883 145 143
f 81 990 937
f 938 899 81
f 991 900 870
f 940 992 870
f 942 993 870
f 873 871 845
f 994 845 995
f 995 996 997
f 31 29 946
f 29 27 946
f 39 37 946
f 35 33 946
f 299 998 947
f 948 999 299
f 299 1000 1001
f 950 1002 299
f 299 1003 1004
f 952 1005 1006
f 952 1007 1008
f 952 1009 953
f 954 1010 952
f 877 1011 955
f 956 1012 877
f 958 1011 877
f 962 959 877
f 914 911 877
f 965 963 877
f 967 1013 877
f 1013 915 877
f 969 1014 877
f 973 1015 877
f 1015 919 877
f 975 1016 877
f 1016 1017 877
f 921 1018 1019
f 978 976 921
f 921 1020 1021
f 924 1022 979
f 980 1023 924
f 924 982 1024
f 924 1025 981
f 924 1026 1027
f 263 261 927
f 860 1028 1029
f 984 1028 860
f 115 113 883
f 113 111 883
f 862 1030 1031
f 862 1032 988
f 989 1033 862
f 862 1034 1035
f 862 934 1036
f 862 1037 867
f 883 139 137
f 143 141 883
f 141 139 883
f 883 149 147
f 883 153 151
f 927 157 155
f 81 1038 1039
f 936 1040 81
f 870 1041 991
f 993 939 870
f 944 875 845
f 995 1042 994
f 994 945 845
f 995 1043 996
f 997 1042 995
f 1044 311 309
f 3 1045 1046
f 3 1044 1047
f 946 11 9
f 946 19 17
f 946 23 21
f 946 51 49
f 946 55 53
f 946 79 77
f 299 1048 1049
f 299 1050 1051
f 299 1052 1053
f 999 1054 299
f 299 1002 1000
f 1001 998 299
f 1004 906 299
f 952 1055 1056
f 1006 1057 952
f 1008 1058 952
f 1058 1005 952
f 952 1059 1060
f 877 1012 1009
f 910 961 877
f 877 1061 1062
f 964 1063 877
f 1014 966 877
f 1017 1064 877
f 877 1065 1066
f 877 1067 1068
f 923 1018 921
f 921 1069 1070
f 921 1071 1072
f 921 1073 1074
f 1021 1075 921
f 924 1023 1020
f 924 1076 1022
f 1024 1076 924
f 924 1077 1078
f 1027 1079 924
f 1079 1077 924
f 927 217 215
f 927 221 219
f 927 255 253
f 927 259 257
f 261 259 927
f 924 1080 1081
f 927 1082 1083
f 860 1084 1085
f 987 932 855
f 883 125 123
f 862 1033 1030
f 1031 860 862
f 862 1086 1032
f 862 1087 1034
f 1035 1086 862
f 862 1088 1089
f 1036 1090 862
f 137 135 883
f 151 149 883
f 147 145 883
f 155 883 927
f 155 153 883
f 1091 105 103
f 81 1040 1038
f 1039 1092 81
f 991 935 900
f 869 941 870
f 995 1093 1094
f 995 1095 1096
f 995 1097 1098
f 1044 307 305
f 1044 313 311
f 309 307 1044
f 5 1099 1100
f 1046 1101 3
f 1101 1102 3
f 1047 1103 3
f 1103 1045 3
f 946 13 11
f 9 7 946
f 17 15 946
f 15 13 946
f 946 25 23
f 21 19 946
f 946 45 43
f 53 51 946
f 49 47 946
f 946 63 61
f 946 69 67
f 946 73 71
f 77 75 946
f 75 73 946
f 299 1104 1048
f 1049 1044 299
f 1053 1050 299
f 1051 1104 299
f 1054 1052 299
f 952 1105 1106
f 1056 1107 952
f 1107 1108 952
f 952 1109 1110
f 952 1111 1112
f 952 1113 1114
f 952 1115 1116
f 952 1117 1118
f 952 1119 1120
f 1060 1121 952
f 1121 1122 952
f 1009 952 877
f 1010 1059 952
f 960 957 877
f 1063 1061 877
f 1064 972 877
f 1066 1123 877
f 1123 974 877
f 1068 1124 877
f 1124 1065 877
f 952 1125 1126
f 921 1127 1128
f 921 1129 1130
f 1070 977 921
f 921 1131 1132
f 921 1133 1134
f 1074 1071 921
f 1072 1135 921
f 1020 921 924
f 1075 1073 921
f 1078 1025 924
f 219 217 927
f 927 225 223
f 927 231 229
f 927 249 247
f 253 251 927
f 251 249 927
f 1081 1136 924
f 1136 1137 924
f 927 1138 1080
f 927 1139 1140
f 927 1141 1142
f 1083 1143 927
f 1143 1141 927
f 1029 1084 860
f 123 121 883
f 121 119 883
f 1089 1087 862
f 1090 1144 862
f 883 133 131
f 135 133 883
f 927 161 159
f 1145 89 87
f 1145 99 97
f 103 1145 1091
f 1091 837 105
f 81 1092 1146
f 1096 1093 995
f 1094 1043 995
f 995 1147 1097
f 1098 1148 995
f 1044 303 301
f 305 303 1044
f 1044 3 316
f 1100 7 5
f 5 3 1099
f 3 1102 1149
f 27 25 946
f 946 47 45
f 43 41 946
f 946 57 55
f 61 59 946
f 59 57 946
f 67 65 946
f 65 63 946
f 71 69 946
f 1106 299 952
f 1106 1003 299
f 1108 1105 952
f 952 1150 1151
f 952 1152 1153
f 1110 1154 952
f 1154 1155 952
f 1114 1111 952
f 1112 1156 952
f 952 1157 1158
f 952 1159 1160
f 952 1161 1162
f 1118 1115 952
f 1120 1007 952
f 952 1163 1164
f 952 1122 1165
f 1062 880 877
f 1166 995 1167
f 952 1168 1125
f 1126 1169 952
f 921 1170 1171
f 921 1172 1173
f 921 1174 1175
f 1130 1127 921
f 921 1176 1177
f 1132 1069 921
f 1134 1178 921
f 921 1179 1180
f 921 1135 1181
f 924 1182 1183
f 924 1184 1185
f 924 1186 1187
f 1188 924 1037
f 924 1189 1190
f 223 221 927
f 229 227 927
f 927 237 235
f 247 245 927
f 245 243 927
f 257 255 927
f 952 273 271
f 952 281 279
f 924 1137 1191
f 1080 924 927
f 1142 1139 927
f 1140 1138 927
f 927 883 1082
f 1085 862 860
f 119 117 883
f 159 157 927
f 1145 91 89
f 87 85 1145
f 1145 95 93
f 1145 101 99
f 97 95 1145
f 103 101 1145
f 992 1041 870
f 995 1148 1192
f 995 1193 1147
f 316 315 1044
f 315 313 1044
f 1100 946 7
f 946 81 79
f 952 1194 1195
f 1153 1150 952
f 1151 1196 952
f 1158 1113 952
f 1160 1197 952
f 1162 1198 952
f 952 1199 1200
f 1057 1117 952
f 1165 1163 952
f 1164 1119 952
f 1167 877 1166
f 1166 1193 995
f 1169 1201 952
f 1171 952 921
f 1171 1168 952
f 1173 1202 921
f 1202 1203 921
f 1175 1204 921
f 1177 1129 921
f 1178 1131 921
f 921 1205 1206
f 1180 1207 921
f 1181 1208 921
f 1208 1179 921
f 924 1209 1182
f 1183 1210 924
f 1187 1184 924
f 1185 1209 924
f 924 1211 1212
f 924 1213 1214
f 1190 1037 924
f 1037 862 1188
f 924 1215 1216
f 924 1217 1218
f 924 1219 1220
f 924 1221 1222
f 227 225 927
f 235 233 927
f 927 243 241
f 271 927 952
f 271 269 927
f 952 277 275
f 952 283 281
f 279 277 952
f 1191 1223 924
f 1144 1088 862
f 883 129 127
f 93 91 1145
f 1146 1145 81
f 1192 1095 995
f 81 946 1224
f 301 299 1044
f 1149 1099 3
f 952 1196 1194
f 1195 1055 952
f 1155 1152 952
f 952 1156 1225
f 1197 1157 952
f 1200 1161 952
f 1167 1226 877
f 952 1201 1227
f 1204 1172 921
f 921 1228 1229
f 921 1230 1231
f 1019 1176 921
f 1207 1205 921
f 1214 1211 924
f 1212 1186 924
f 1216 1189 924
f 1220 1217 924
f 1218 1215 924
f 924 1232 1233
f 924 1234 1235
f 1222 1236 924
f 924 1237 1238
f 233 231 927
f 241 239 927
f 239 237 927
f 275 273 952
f 924 1223 1239
f 131 129 883
f 1145 85 83
f 1224 1240 81
f 1240 990 81
f 1225 1109 952
f 1198 1159 952
f 877 1241 1242
f 1226 1241 877
f 921 1243 1244
f 1229 1174 921
f 1128 1230 921
f 924 1210 1245
f 1188 1213 924
f 1233 1219 924
f 924 1246 1247
f 924 1248 1249
f 924 1250 1251
f 1236 1234 924
f 924 1252 1253
f 924 1254 1255
f 1238 1256 924
f 924 1257 1258
f 927 175 173
f 927 209 207
f 927 213 211
f 127 125 883
f 83 81 1145
f 1116 1199 952
f 1242 1067 877
f 1244 1170 921
f 921 1203 1259
f 921 1260 1228
f 1206 1133 921
f 1249 1246 924
f 1235 1250 924
f 1253 1261 924
f 1255 1262 924
f 924 1263 1264
f 1258 1237 924
f 1256 1263 924
f 924 1265 1266
f 173 171 927
f 927 179 177
f 927 203 201
f 211 209 927
f 952 287 285
f 1259 1243 921
f 1231 1260 921
f 1251 1248 924
f 924 1267 1268
f 1262 1252 924
f 1266 1269 924
f 1269 1257 924
f 927 169 167
f 177 175 927
f 927 183 181
f 927 187 185
f 927 205 203
f 215 213 927
f 952 289 287
f 285 283 952
f 952 293 291
f 952 297 295
f 1247 1232 924
f 1261 1267 924
f 1264 1254 924
f 171 169 927
f 185 183 927
f 927 191 189
f 927 199 197
f 207 205 927
f 291 289 952
f 952 299 297
f 295 293 952
f 1239 1265 924
f 952 1270 1271
f 1245 1026 924
f 927 165 163
f 181 179 927
f 927 193 191
f 197 195 927
f 201 199 927
f 952 1272 1270
f 1271 877 952
f 1268 1221 924
f 167 165 927
f 195 193 927
f 1227 1272 952
f 189 187 927
f 163 161 927
f 453 927 924
f 924 471 453
f 444 952 927
f 927 453 444
f 423 921 952
f 952 444 423
f 471 924 921
f 921 423 471
f 706 705 1163
f 458 706 1165
f 459 458 1122
f 468 459 1121
f 445 468 1060
f 419 445 1059
f 420 419 1010
f 442 420 954
f 443 442 953
f 417 443 1009
f 418 417 1012
f 441 418 956
f 392 441 955
f 393 392 1011
f 415 393 958
f 416 415 909
f 413 416 908
f 414 413 957
f 411 414 960
f 412 411 959
f 369 412 962
f 370 369 961
f 391 370 910
f 389 391 879
f 390 389 878
f 387 390 912
f 388 387 911
f 385 388 914
f 386 385 913
f 339 386 881
f 367 339 880
f 322 367 1062
f 330 322 1061
f 331 330 1063
f 320 331 964
f 321 320 963
f 328 321 965
f 329 328 916
f 334 329 915
f 376 334 1013
f 350 376 967
f 727 350 966
f 728 727 1014
f 587 728 969
f 588 587 968
f 585 588 918
f 586 585 917
f 646 586 970
f 583 646 971
f 584 583 920
f 647 584 919
f 696 647 1015
f 726 696 973
f 725 726 972
f 694 725 1064
f 644 694 1017
f 645 644 1016
f 695 645 975
f 756 695 974
f 757 756 1123
f 773 757 1066
f 771 773 1065
f 772 771 1124
f 692 772 1068
f 693 692 1067
f 581 693 1242
f 526 581 1241
f 527 526 1226
f 582 527 1167
f 643 582 995
f 641 643 845
f 579 641 870
f 580 579 900
f 642 580 899
f 723 642 938
f 724 723 937
f 690 724 990
f 639 690 1240
f 640 639 1224
f 691 640 946
f 637 691 1100
f 638 637 1099
f 689 638 1149
f 577 689 1102
f 578 577 1101
f 636 578 1046
f 634 636 1045
f 635 634 1103
f 632 635 1047
f 633 632 1044
f 688 633 1049
f 630 688 1048
f 631 630 1104
f 628 631 1051
f 629 628 1050
f 575 629 1053
f 576 575 1052
f 573 576 1054
f 574 573 999
f 627 574 948
f 488 627 947
f 489 488 998
f 525 489 1001
f 523 525 1000
f 524 523 1002
f 571 524 950
f 521 571 949
f 522 521 951
f 572 522 907
f 626 572 906
f 687 626 1004
f 722 687 1003
f 624 722 1106
f 625 624 1105
f 685 625 1108
f 686 685 1107
f 721 686 1056
f 719 721 1055
f 720 719 1195
f 569 720 1194
f 570 569 1196
f 623 570 1151
f 684 623 1150
f 621 684 1153
f 622 621 1152
f 619 622 1155
f 620 619 1154
f 683 620 1110
f 718 683 1109
f 681 718 1225
f 682 681 1156
f 717 682 1112
f 755 717 1111
f 753 755 1114
f 754 753 1113
f 751 754 1158
f 752 751 1157
f 770 752 1197
f 749 770 1160
f 750 749 1159
f 769 750 1198
f 767 769 1162
f 768 767 1161
f 747 768 1200
f 748 747 1199
f 745 748 1116
f 746 745 1115
f 679 746 1118
f 680 679 1117
f 716 680 1057
f 677 716 1006
f 678 677 1005
f 715 678 1058
f 743 715 1008
f 744 743 1007
f 778 744 1120
f 779 778 1119
f 705 779 1164
f 1164 1163 705
f 1119 1164 779
f 1120 1119 778
f 1007 1120 744
f 1008 1007 743
f 1058 1008 715
f 1005 1058 678
f 1006 1005 677
f 1057 1006 716
f 1117 1057 680
f 1118 1117 679
f 1115 1118 746
f 1116 1115 745
f 1199 1116 748
f 1200 1199 747
f 1161 1200 768
f 1162 1161 767
f 1198 1162 769
f 1159 1198 750
f 1160 1159 749
f 1197 1160 770
f 1157 1197 752
f 1158 1157 751
f 1113 1158 754
f 1114 1113 753
f 1111 1114 755
f 1112 1111 717
f 1156 1112 682
f 1225 1156 681
f 1109 1225 718
f 1110 1109 683
f 1154 1110 620
f 1155 1154 619
f 1152 1155 622
f 1153 1152 621
f 1150 1153 684
f 1151 1150 623
f 1196 1151 570
f 1194 1196 569
f 1195 1194 720
f 1055 1195 719
f 1056 1055 721
f 1107 1056 686
f 1108 1107 685
f 1105 1108 625
f 1106 1105 624
f 1003 1106 722
f 1004 1003 687
f 906 1004 626
f 907 906 572
f 951 907 522
f 949 951 521
f 950 949 571
f 1002 950 524
f 1000 1002 523
f 1001 1000 525
f 998 1001 489
f 947 998 488
f 948 947 627
f 999 948 574
f 1054 999 573
f 1052 1054 576
f 1053 1052 575
f 1050 1053 629
f 1051 1050 628
f 1104 1051 631
f 1048 1104 630
f 1049 1048 688
f 1044 1049 633
f 1047 1044 632
f 1103 1047 635
f 1045 1103 634
f 1046 1045 636
f 1101 1046 578
f 1102 1101 577
f 1149 1102 689
f 1099 1149 638
f 1100 1099 637
f 946 1100 691
f 1224 946 640
f 1240 1224 639
f 990 1240 690
f 937 990 724
f 938 937 723
f 899 938 642
f 900 899 580
f 870 900 579
f 845 870 641
f 995 845 643
f 1167 995 582
f 1226 1167 527
f 1241 1226 526
f 1242 1241 581
f 1067 1242 693
f 1068 1067 692
f 1124 1068 772
f 1065 1124 771
f 1066 1065 773
f 1123 1066 757
f 974 1123 756
f 975 974 695
f 1016 975 645
f 1017 1016 644
f 1064 1017 694
f 972 1064 725
f 973 972 726
f 1015 973 696
f 919 1015 647
f 920 919 584
f 971 920 583
f 970 971 646
f 917 970 586
f 918 917 585
f 968 918 588
f 969 968 587
f 1014 969 728
f 966 1014 727
f 967 966 350
f 1013 967 376
f 915 1013 334
f 916 915 329
f 965 916 328
f 963 965 321
f 964 963 320
f 1063 964 331
f 1061 1063 330
f 1062 1061 322
f 880 1062 367
f 881 880 339
f 913 881 386
f 914 913 385
f 911 914 388
f 912 911 387
f 878 912 390
f 879 878 389
f 910 879 391
f 961 910 370
f 962 961 369
f 959 962 412
f 960 959 411
f 957 960 414
f 908 957 413
f 909 908 416
f 958 909 415
f 1011 958 393
f 955 1011 392
f 956 955 441
f 1012 956 418
f 1009 1012 417
f 953 1009 443
f 954 953 442
f 1010 954 420
f 1059 1010 419
f 1060 1059 445
f 1121 1060 468
f 1122 1121 459
f 1165 1122 458
f 1163 1165 706
f 553 506 931
f 549 553 890
f 550 549 932
f 547 550 987
f 548 547 986
f 504 548 892
f 477 504 857
f 478 477 856
f 505 478 859
f 546 505 858
f 502 546 894
f 503 502 893
f 394 503 861
f 668 394 860
f 714 668 1031
f 712 714 1030
f 713 712 1033
f 739 713 989
f 711 739 988
f 601 711 1032
f 602 601 1086
f 666 602 1035
f 667 666 1034
f 763 667 1087
f 762 763 1089
f 599 762 1088
f 600 599 1144
f 665 600 1090
f 500 665 1036
f 501 500 934
f 474 501 896
f 475 474 895
f 472 475 864
f 473 472 863
f 498 473 866
f 499 498 865
f 496 499 898
f 497 496 897
f 544 497 868
f 545 544 867
f 494 545 1037
f 495 494 1190
f 543 495 1189
f 541 543 1216
f 542 541 1215
f 598 542 1218
f 664 598 1217
f 662 664 1220
f 663 662 1219
f 660 663 1233
f 661 660 1232
f 658 661 1247
f 659 658 1246
f 656 659 1249
f 657 656 1248
f 596 657 1251
f 597 596 1250
f 539 597 1235
f 540 539 1234
f 594 540 1236
f 595 594 1222
f 738 595 1221
f 654 738 1268
f 655 654 1267
f 710 655 1261
f 652 710 1253
f 653 652 1252
f 709 653 1262
f 650 709 1255
f 651 650 1254
f 537 651 1264
f 538 537 1263
f 535 538 1256
f 536 535 1238
f 592 536 1237
f 593 592 1258
f 707 593 1257
f 708 707 1269
f 648 708 1266
f 649 648 1265
f 533 649 1239
f 534 533 1223
f 492 534 1191
f 469 492 1137
f 470 469 1136
f 493 470 1081
f 532 493 1080
f 530 532 1138
f 490 530 1140
f 491 490 1139
f 531 491 1142
f 528 531 1141
f 529 528 1143
f 591 529 1083
f 374 591 1082
f 375 374 883
f 399 375 851
f 400 399 850
f 454 400 882
f 397 454 884
f 398 397 834
f 428 398 833
f 346 428 828
f 347 346 819
f 373 347 818
f 371 373 815
f 372 371 814
f 344 372 821
f 345 344 820
f 358 345 800
f 359 358 799
f 356 359 796
f 357 356 795
f 354 357 798
f 355 354 797
f 352 355 807
f 353 352 802
f 381 353 801
f 382 381 817
f 327 382 816
f 326 327 809
f 338 326 808
f 336 338 811
f 337 336 810
f 317 337 813
f 318 317 812
f 325 318 804
f 335 325 803
f 379 335 806
f 380 379 805
f 377 380 823
f 378 377 822
f 351 378 825
f 406 351 824
f 437 406 827
f 457 437 826
f 435 457 830
f 436 435 829
f 433 436 852
f 434 433 836
f 455 434 832
f 456 455 831
f 348 456 835
f 333 348 838
f 349 333 853
f 431 349 840
f 432 431 839
f 405 432 842
f 403 405 841
f 404 403 854
f 401 404 844
f 402 401 843
f 429 402 885
f 430 429 887
f 467 430 886
f 589 467 889
f 590 589 888
f 506 590 985
f 985 931 506
f 888 985 590
f 889 888 589
f 886 889 467
f 887 886 430
f 885 887 429
f 843 885 402
f 844 843 401
f 854 844 404
f 841 854 403
f 842 841 405
f 839 842 432
f 840 839 431
f 853 840 349
f 838 853 333
f 835 838 348
f 831 835 456
f 832 831 455
f 836 832 434
f 852 836 433
f 829 852 436
f 830 829 435
f 826 830 457
f 827 826 437
f 824 827 406
f 825 824 351
f 822 825 378
f 823 822 377
f 805 823 380
f 806 805 379
f 803 806 335
f 804 803 325
f 812 804 318
f 813 812 317
f 810 813 337
f 811 810 336
f 808 811 338
f 809 808 326
f 816 809 327
f 817 816 382
f 801 817 381
f 802 801 353
f 807 802 352
f 797 807 355
f 798 797 354
f 795 798 357
f 796 795 356
f 799 796 359
f 800 799 358
f 820 800 345
f 821 820 344
f 814 821 372
f 815 814 371
f 818 815 373
f 819 818 347
f 828 819 346
f 833 828 428
f 834 833 398
f 884 834 397
f 882 884 454
f 850 882 400
f 851 850 399
f 883 851 375
f 1082 883 374
f 1083 1082 591
f 1143 1083 529
f 1141 1143 528
f 1142 1141 531
f 1139 1142 491
f 1140 1139 490
f 1138 1140 530
f 1080 1138 532
f 1081 1080 493
f 1136 1081 470
f 1137 1136 469
f 1191 1137 492
f 1223 1191 534
f 1239 1223 533
f 1265 1239 649
f 1266 1265 648
f 1269 1266 708
f 1257 1269 707
f 1258 1257 593
f 1237 1258 592
f 1238 1237 536
f 1256 1238 535
f 1263 1256 538
f 1264 1263 537
f 1254 1264 651
f 1255 1254 650
f 1262 1255 709
f 1252 1262 653
f 1253 1252 652
f 1261 1253 710
f 1267 1261 655
f 1268 1267 654
f 1221 1268 738
f 1222 1221 595
f 1236 1222 594
f 1234 1236 540
f 1235 1234 539
f 1250 1235 597
f 1251 1250 596
f 1248 1251 657
f 1249 1248 656
f 1246 1249 659
f 1247 1246 658
f 1232 1247 661
f 1233 1232 660
f 1219 1233 663
f 1220 1219 662
f 1217 1220 664
f 1218 1217 598
f 1215 1218 542
f 1216 1215 541
f 1189 1216 543
f 1190 1189 495
f 1037 1190 494
f 867 1037 545
f 868 867 544
f 897 868 497
f 898 897 496
f 865 898 499
f 866 865 498
f 863 866 473
f 864 863 472
f 895 864 475
f 896 895 474
f 934 896 501
f 1036 934 500
f 1090 1036 665
f 1144 1090 600
f 1088 1144 599
f 1089 1088 762
f 1087 1089 763
f 1034 1087 667
f 1035 1034 666
f 1086 1035 602
f 1032 1086 601
f 988 1032 711
f 989 988 739
f 1033 989 713
f 1030 1033 712
f 1031 1030 714
f 860 1031 668
f 861 860 394
f 893 861 503
f 894 893 502
f 858 894 546
f 859 858 505
f 856 859 478
f 857 856 477
f 892 857 504
f 986 892 548
f 987 986 547
f 932 987 550
f 890 932 549
f 931 890 553
f 766 765 1243
f 567 766 1259
f 568 567 1203
f 618 568 1202
f 565 618 1173
f 566 565 1172
f 616 566 1204
f 617 616 1175
f 676 617 1174
f 742 676 1229
f 674 742 1228
f 675 674 1260
f 519 675 1231
f 520 519 1230
f 517 520 1128
f 518 517 1127
f 563 518 1130
f 564 563 1129
f 465 564 1177
f 466 465 1176
f 451 466 1019
f 452 451 1018
f 450 452 923
f 426 450 922
f 427 426 976
f 486 427 978
f 487 486 977
f 515 487 1070
f 516 515 1069
f 562 516 1132
f 513 562 1131
f 514 513 1178
f 614 514 1134
f 615 614 1133
f 613 615 1206
f 560 613 1205
f 561 560 1207
f 558 561 1180
f 559 558 1179
f 612 559 1208
f 463 612 1181
f 464 463 1135
f 485 464 1072
f 512 485 1071
f 461 512 1074
f 462 461 1073
f 483 462 1075
f 484 483 1021
f 424 484 1020
f 425 424 1023
f 449 425 980
f 482 449 979
f 447 482 1022
f 448 447 1076
f 395 448 1024
f 396 395 982
f 421 396 926
f 422 421 925
f 446 422 981
f 460 446 1025
f 481 460 1078
f 479 481 1077
f 480 479 1079
f 511 480 1027
f 673 511 1026
f 671 673 1245
f 672 671 1210
f 556 672 1183
f 509 556 1182
f 510 509 1209
f 557 510 1185
f 610 557 1184
f 554 610 1187
f 555 554 1186
f 611 555 1212
f 670 611 1211
f 476 670 1214
f 507 476 1213
f 508 507 1188
f 551 508 862
f 552 551 1085
f 609 552 1084
f 607 609 1029
f 608 607 1028
f 605 608 984
f 606 605 983
f 603 606 929
f 604 603 928
f 669 604 930
f 740 669 855
f 741 740 933
f 764 741 891
f 788 764 837
f 786 788 1091
f 787 786 1145
f 736 787 1146
f 737 736 1092
f 761 737 1039
f 759 761 1038
f 760 759 1040
f 776 760 936
f 777 776 935
f 735 777 991
f 703 735 1041
f 704 703 992
f 733 704 940
f 701 733 939
f 702 701 993
f 734 702 942
f 758 734 941
f 732 758 869
f 699 732 901
f 700 699 902
f 731 700 872
f 697 731 871
f 698 697 873
f 729 698 847
f 730 729 846
f 319 730 874
f 323 319 849
f 324 323 848
f 332 324 903
f 365 332 876
f 366 365 875
f 342 366 944
f 343 342 943
f 364 343 905
f 362 364 904
f 363 362 945
f 384 363 994
f 340 384 1042
f 341 340 997
f 360 341 996
f 361 360 1043
f 383 361 1094
f 440 383 1093
f 409 440 1096
f 410 409 1095
f 407 410 1192
f 408 407 1148
f 438 408 1098
f 439 438 1097
f 368 439 1147
f 794 368 1193
f 790 794 1166
f 791 790 877
f 793 791 1271
f 784 793 1270
f 785 784 1272
f 782 785 1227
f 774 782 1201
f 775 774 1169
f 783 775 1126
f 780 783 1125
f 781 780 1168
f 789 781 1171
f 792 789 1170
f 765 792 1244
f 1244 1243 765
f 1170 1244 792
f 1171 1170 789
f 1168 1171 781
f 1125 1168 780
f 1126 1125 783
f 1169 1126 775
f 1201 1169 774
f 1227 1201 782
f 1272 1227 785
f 1270 1272 784
f 1271 1270 793
f 877 1271 791
f 1166 877 790
f 1193 1166 794
f 1147 1193 368
f 1097 1147 439
f 1098 1097 438
f 1148 1098 408
f 1192 1148 407
f 1095 1192 410
f 1096 1095 409
f 1093 1096 440
f 1094 1093 383
f 1043 1094 361
f 996 1043 360
f 997 996 341
f 1042 997 340
f 994 1042 384
f 945 994 363
f 904 945 362
f 905 904 364
f 943 905 343
f 944 943 342
f 875 944 366
f 876 875 365
f 903 876 332
f 848 903 324
f 849 848 323
f 874 849 319
f 846 874 730
f 847 846 729
f 873 847 698
f 871 873 697
f 872 871 731
f 902 872 700
f 901 902 699
f 869 901 732
f 941 869 758
f 942 941 734
f 993 942 702
f 939 993 701
f 940 939 733
f 992 940 704
f 1041 992 703
f 991 1041 735
f 935 991 777
f 936 935 776
f 1040 936 760
f 1038 1040 759
f 1039 1038 761
f 1092 1039 737
f 1146 1092 736
f 1145 1146 787
f 1091 1145 786
f 837 1091 788
f 891 837 764
f 933 891 741
f 855 933 740
f 930 855 669
f 928 930 604
f 929 928 603
f 983 929 606
f 984 983 605
f 1028 984 608
f 1029 1028 607
f 1084 1029 609
f 1085 1084 552
f 862 1085 551
f 1188 862 508
f 1213 1188 507
f 1214 1213 476
f 1211 1214 670
f 1212 1211 611
f 1186 1212 555
f 1187 1186 554
f 1184 1187 610
f 1185 1184 557
f 1209 1185 510
f 1182 1209 509
f 1183 1182 556
f 1210 1183 672
f 1245 1210 671
f 1026 1245 673
f 1027 1026 511
f 1079 1027 480
f 1077 1079 479
f 1078 1077 481
f 1025 1078 460
f 981 1025 446
f 925 981 422
f 926 925 421
f 982 926 396
f 1024 982 395
f 1076 1024 448
f 1022 1076 447
f 979 1022 482
f 980 979 449
f 1023 980 425
f 1020 1023 424
f 1021 1020 484
f 1075 1021 483
f 1073 1075 462
f 1074 1073 461
f 1071 1074 512
f 1072 1071 485
f 1135 1072 464
f 1181 1135 463
f 1208 1181 612
f 1179 1208 559
f 1180 1179 558
f 1207 1180 561
f 1205 1207 560
f 1206 1205 613
f 1133 1206 615
f 1134 1133 614
f 1178 1134 514
f 1131 1178 513
f 1132 1131 562
f 1069 1132 516
f 1070 1069 515
f 977 1070 487
f 978 977 486
f 976 978 427
f 922 976 426
f 923 922 450
f 1018 923 452
f 1019 1018 451
f 1176 1019 466
f 1177 1176 465
f 1129 1177 564
f 1130 1129 563
f 1127 1130 518
f 1128 1127 517
f 1230 1128 520
f 1231 1230 519
f 1260 1231 675
f 1228 1260 674
f 1229 1228 742
f 1174 1229 676
f 1175 1174 617
f 1204 1175 616
f 1172 1204 566
f 1173 1172 565
f 1202 1173 618
f 1203 1202 568
f 1259 1203 567
f 1243 1259 766
usemtl Asm1Material1
f 1273 1274 1275
f 1276 1273 1277
f 1278 1276 1279
f 1280 1278 1281
f 1282 1280 1283
f 1284 1282 1285
f 1286 1284 1287
f 1288 1286 1289
f 1290 1288 1291
f 1292 1290 1293
f 1294 1292 1295
f 1296 1294 1297
f 1298 1296 1299
f 1300 1298 1301
f 1302 1300 1303
f 1304 1302 1305
f 1306 1304 1307
f 1308 1306 1309
f 1310 1308 1311
f 1312 1310 1313
f 1314 1312 1315
f 1316 1314 1317
f 1318 1316 1319
f 1320 1318 1321
f 1322 1320 1323
f 1324 1322 1325
f 1326 1324 1327
f 1328 1326 1329
f 1330 1328 1331
f 1332 1330 1333
f 1334 1332 1335
f 1336 1334 1337
f 1338 1336 1339
f 1340 1338 1341
f 1342 1340 1343
f 1344 1342 1345
f 1346 1344 1347
f 1348 1346 1349
f 1350 1348 1351
f 1352 1350 1353
f 1354 1352 1355
f 1356 1354 1357
f 1358 1356 1359
f 1360 1358 1361
f 1362 1360 1363
f 1364 1362 1365
f 1366 1364 1367
f 1368 1366 1369
f 1370 1368 1371
f 1372 1370 1373
f 1374 1372 1375
f 1376 1374 1377
f 1378 1376 1379
f 1380 1378 1381
f 1382 1380 1383
f 1384 1382 1385
f 1386 1384 1387
f 1388 1386 1389
f 1390 1388 1391
f 1392 1390 1393
f 1394 1392 1395
f 1396 1394 1397
f 1398 1396 1399
f 1400 1398 1401
f 1402 1400 1403
f 1404 1402 1405
f 1406 1404 1407
f 1408 1406 1409
f 1410 1408 1411
f 1412 1410 1413
f 1414 1412 1415
f 1416 1414 1417
f 1418 1416 1419
f 1420 1418 1421
f 1422 1420 1423
f 1424 1422 1425
f 1426 1424 1427
f 1428 1426 1429
f 1430 1428 1431
f 1432 1430 1433
f 1434 1432 1435
f 1436 1434 1437
f 1438 1436 1439
f 1440 1438 1441
f 1442 1440 1443
f 1444 1442 1445
f 1446 1444 1447
f 1448 1446 1449
f 1450 1448 1451
f 1452 1450 1453
f 1454 1452 1455
f 1456 1454 1457
f 1458 1456 1459
f 1460 1458 1461
f 1462 1460 1463
f 1464 1462 1465
f 1466 1464 1467
f 1468 1466 1469
f 1470 1468 1471
f 1472 1470 1473
f 1474 1472 1475
f 1476 1474 1477
f 1478 1476 1479
f 1480 1478 1481
f 1482 1480 1483
f 1484 1482 1485
f 1486 1484 1487
f 1488 1486 1489
f 1490 1488 1491
f 1492 1490 1493
f 1494 1492 1495
f 1496 1494 1497
f 1498 1496 1499
f 1500 1498 1501
f 1502 1500 1503
f 1504 1502 1505
f 1506 1504 1507
f 1508 1506 1509
f 1510 1508 1511
f 1512 1510 1513
f 1514 1512 1515
f 1516 1514 1517
f 1518 1516 1519
f 1520 1518 1521
f 1522 1520 1523
f 1524 1522 1525
f 1526 1524 1527
f 1528 1526 1529
f 1530 1528 1531
f 1532 1530 1533
f 1534 1532 1535
f 1536 1534 1537
f 1538 1536 1539
f 1540 1538 1541
f 1542 1540 1543
f 1544 1542 1545
f 1546 1544 1547
f 1548 1546 1549
f 1550 1548 1551
f 1552 1550 1553
f 1554 1552 1555
f 1556 1554 1557
f 1558 1556 1559
f 1560 1558 1561
f 1562 1560 1563
f 1564 1562 1565
f 1566 1564 1567
f 1568 1566 1569
f 1570 1568 1571
f 1572 1570 1573
f 1574 1572 1575
f 1576 1574 1577
f 1578 1576 1579
f 1580 1578 1581
f 1582 1580 1583
f 1584 1582 1585
f 1586 1584 1587
f 1274 1586 1588
f 1588 1275 1274
f 1587 1588 1586
f 1585 1587 1584
f 1583 1585 1582
f 1581 1583 1580
f 1579 1581 1578
f 1577 1579 1576
f 1575 1577 1574
f 1573 1575 1572
f 1571 1573 1570
f 1569 1571 1568
f 1567 1569 1566
f 1565 1567 1564
f 1563 1565 1562
f 1561 1563 1560
f 1559 1561 1558
f 1557 1559 1556
f 1555 1557 1554
f 1553 1555 1552
f 1551 1553 1550
f 1549 1551 1548
f 1547 1549 1546
f 1545 1547 1544
f 1543 1545 1542
f 1541 1543 1540
f 1539 1541 1538
f 1537 1539 1536
f 1535 1537 1534
f 1533 1535 1532
f 1531 1533 1530
f 1529 1531 1528
f 1527 1529 1526
f 1525 1527 1524
f 1523 1525 1522
f 1521 1523 1520
f 1519 1521 1518
f 1517 1519 1516
f 1515 1517 1514
f 1513 1515 1512
f 1511 1513 1510
f 1509 1511 1508
f 1507 1509 1506
f 1505 1507 1504
f 1503 1505 1502
f 1501 1503 1500
f 1499 1501 1498
f 1497 1499 1496
f 1495 1497 1494
f 1493 1495 1492
f 1491 1493 1490
f 1489 1491 1488
f 1487 1489 1486
f 1485 1487 1484
f 1483 1485 1482
f 1481 1483 1480
f 1479 1481 1478
f 1477 1479 1476
f 1475 1477 1474
f 1473 1475 1472
f 1471 1473 1470
f 1469 1471 1468
f 1467 1469 1466
f 1465 1467 1464
f 1463 1465 1462
f 1461 1463 1460
f 1459 1461 1458
f 1457 1459 1456
f 1455 1457 1454
f 1453 1455 1452
f 1451 1453 1450
f 1449 1451 1448
f 1447 1449 1446
f 1445 1447 1444
f 1443 1445 1442
f 1441 1443 1440
f 1439 1441 1438
f 1437 1439 1436
f 1435 1437 1434
f 1433 1435 1432
f 1431 1433 1430
f 1429 1431 1428
f 1427 1429 1426
f 1425 1427 1424
f 1423 1425 1422
f 1421 1423 1420
f 1419 1421 1418
f 1417 1419 1416
f 1415 1417 1414
f 1413 1415 1412
f 1411 1413 1410
f 1409 1411 1408
f 1407 1409 1406
f 1405 1407 1404
f 1403 1405 1402
f 1401 1403 1400
f 1399 1401 1398
f 1397 1399 1396
f 1395 1397 1394
f 1393 1395 1392
f 1391 1393 1390
f 1389 1391 1388
f 1387 1389 1386
f 1385 1387 1384
f 1383 1385 1382
f 1381 1383 1380
f 1379 1381 1378
f 1377 1379 1376
f 1375 1377 1374
f 1373 1375 1372
f 1371 1373 1370
f 1369 1371 1368
f 1367 1369 1366
f 1365 1367 1364
f 1363 1365 1362
f 1361 1363 1360
f 1359 1361 1358
f 1357 1359 1356
f 1355 1357 1354
f 1353 1355 1352
f 1351 1353 1350
f 1349 1351 1348
f 1347 1349 1346
f 1345 1347 1344
f 1343 1345 1342
f 1341 1343 1340
f 1339 1341 1338
f 1337 1339 1336
f 1335 1337 1334
f 1333 1335 1332
f 1331 1333 1330
f 1329 1331 1328
f 1327 1329 1326
f 1325 1327 1324
f 1323 1325 1322
f 1321 1323 1320
f 1319 1321 1318
f 1317 1319 1316
f 1315 1317 1314
f 1313 1315 1312
f 1311 1313 1310
f 1309 1311 1308
f 1307 1309 1306
f 1305 1307 1304
f 1303 1305 1302
f 1301 1303 1300
f 1299 1301 1298
f 1297 1299 1296
f 1295 1297 1294
f 1293 1295 1292
f 1291 1293 1290
f 1289 1291 1288
f 1287 1289 1286
f 1285 1287 1284
f 1283 1285 1282
f 1281 1283 1280
f 1279 1281 1278
f 1277 1279 1276
f 1275 1277 1273
f 1383 1589 1590
f 1383 1591 1592
f 1383 1593 1594
f 1592 1589 1383
f 1383 1595 1596
f 1383 1597 1598
f 1383 1599 1600
f 1590 1593 1383
f 1596 1601 1383
f 1383 1602 1603
f 1383 1604 1605
f 1383 1606 1607
f 1600 1597 1383
f 1598 1606 1383
f 1383 1608 1609
f 1601 1591 1383
f 1383 1610 1611
f 1605 1602 1383
f 1603 1610 1383
f 1609 1612 1383
f 1612 1613 1383
f 1383 1614 1615
f 1611 1595 1383
f 1594 1614 1383
f 1607 1604 1383
f 1383 1616 1617
f 1383 1618 1619
f 1615 1608 1383
f 1619 1616 1383
f 1617 1599 1383
f 1383 1620 1621
f 1383 1613 1622
f 1621 1618 1383
f 1377 1623 1624
f 1377 1625 1626
f 1622 1627 1383
f 1627 1628 1383
f 1624 1379 1377
f 1624 1620 1379
f 1620 1383 1381
f 1377 1629 1625
f 1626 1630 1377
f 1631 1632 1629
f 1631 1633 1634
f 1631 1635 1636
f 1631 1637 1638
f 1639 1640 1641
f 1639 1642 1643
f 1383 1644 1645
f 1381 1379 1620
f 1377 1630 1646
f 1629 1377 1631
f 1636 1633 1631
f 1634 1647 1631
f 1638 1648 1631
f 1648 1635 1631
f 1649 1650 1651
f 1649 1652 1653
f 1649 1654 1655
f 1656 1657 1658
f 1656 1659 1660
f 1656 1661 1662
f 1663 1664 1639
f 1639 1665 1666
f 1641 1667 1639
f 1643 1668 1639
f 1668 1640 1639
f 1639 1669 1670
f 1671 1672 1673
f 1671 1674 1675
f 1383 1676 1644
f 1645 1677 1383
f 1383 1628 1678
f 1646 1623 1377
f 1647 1632 1631
f 1631 1679 1637
f 1631 1680 1681
f 1631 1682 1683
f 1684 1631 1685
f 1653 1650 1649
f 1651 1686 1649
f 1655 1687 1649
f 1687 1688 1649
f 1656 1689 1690
f 1660 1657 1656
f 1658 1689 1656
f 1662 1691 1656
f 1691 1692 1656
f 1353 1693 1694
f 1639 1695 1663
f 1666 1696 1639
f 1670 1697 1639
f 1697 1642 1639
f 1639 1698 1699
f 1571 1700 1701
f 1671 1702 1703
f 1673 1704 1671
f 1671 1705 1706
f 1675 1707 1671
f 1707 1708 1671
f 1671 1709 1710
f 1671 1711 1712
f 1671 1713 1714
f 1715 1716 1717
f 1718 1719 1720
f 1721 1539 1537
f 1654 1722 1723
f 1654 1649 1724
f 1678 1676 1383
f 1683 1680 1631
f 1681 1679 1631
f 1631 1684 1725
f 1685 1726 1684
f 1685 1727 1726
f 1688 1652 1649
f 1690 1728 1656
f 1692 1659 1656
f 1694 1729 1353
f 1729 1730 1353
f 1353 1731 1732
f 1664 1733 1734
f 1664 1735 1736
f 1696 1695 1639
f 1639 1737 1738
f 1639 1739 1698
f 1699 1737 1639
f 1740 1305 1303
f 1740 1309 1307
f 1740 1313 1311
f 1571 1741 1742
f 1571 1743 1744
f 1701 1745 1571
f 1745 1743 1571
f 1746 1747 1748
f 1671 1749 1750
f 1671 1751 1702
f 1703 1752 1671
f 1671 1753 1754
f 1671 1755 1756
f 1706 1672 1671
f 1671 1757 1758
f 1710 1759 1671
f 1671 1760 1761
f 1671 1762 1763
f 1671 1764 1711
f 1712 1762 1671
f 1714 1765 1671
f 1765 1764 1671
f 1671 1766 1767
f 1671 1768 1769
f 1715 1770 1716
f 1715 1771 1772
f 1718 1773 1774
f 1718 1775 1719
f 1720 1776 1718
f 1721 1541 1539
f 1537 1535 1721
f 1654 1777 1778
f 1724 1722 1654
f 1723 1777 1654
f 1677 1389 1387
f 1725 1779 1631
f 1779 1682 1631
f 1727 1649 1726
f 1649 1780 1781
f 1686 1780 1649
f 1656 1782 1783
f 1677 1417 1415
f 1353 1784 1731
f 1732 1693 1353
f 1785 1694 1664
f 1734 1786 1664
f 1736 1787 1664
f 1667 1665 1639
f 1788 1639 1789
f 1789 1790 1791
f 1303 1301 1740
f 1301 1299 1740
f 1311 1309 1740
f 1307 1305 1740
f 1571 1792 1741
f 1742 1793 1571
f 1571 1794 1795
f 1744 1796 1571
f 1571 1797 1798
f 1746 1799 1800
f 1746 1801 1802
f 1746 1803 1747
f 1748 1804 1746
f 1671 1805 1749
f 1750 1806 1671
f 1752 1805 1671
f 1756 1753 1671
f 1708 1705 1671
f 1759 1757 1671
f 1761 1807 1671
f 1807 1709 1671
f 1763 1808 1671
f 1767 1809 1671
f 1809 1713 1671
f 1769 1810 1671
f 1810 1811 1671
f 1715 1812 1813
f 1772 1770 1715
f 1715 1814 1815
f 1718 1816 1773
f 1774 1817 1718
f 1718 1776 1818
f 1718 1819 1775
f 1718 1820 1821
f 1535 1533 1721
f 1654 1822 1823
f 1778 1822 1654
f 1387 1385 1677
f 1385 1383 1677
f 1656 1824 1825
f 1656 1826 1782
f 1783 1827 1656
f 1656 1828 1829
f 1656 1728 1830
f 1656 1831 1661
f 1677 1411 1409
f 1415 1413 1677
f 1413 1411 1677
f 1677 1421 1419
f 1677 1425 1423
f 1721 1429 1427
f 1353 1832 1833
f 1730 1834 1353
f 1664 1835 1785
f 1787 1733 1664
f 1738 1669 1639
f 1789 1836 1788
f 1788 1739 1639
f 1789 1837 1790
f 1791 1836 1789
f 1838 1583 1581
f 1275 1839 1840
f 1275 1838 1841
f 1740 1283 1281
f 1740 1291 1289
f 1740 1295 1293
f 1740 1323 1321
f 1740 1327 1325
f 1740 1351 1349
f 1571 1842 1843
f 1571 1844 1845
f 1571 1846 1847
f 1793 1848 1571
f 1571 1796 1794
f 1795 1792 1571
f 1798 1700 1571
f 1746 1849 1850
f 1800 1851 1746
f 1802 1852 1746
f 1852 1799 1746
f 1746 1853 1854
f 1671 1806 1803
f 1704 1755 1671
f 1671 1855 1856
f 1758 1857 1671
f 1808 1760 1671
f 1811 1858 1671
f 1671 1859 1860
f 1671 1861 1862
f 1717 1812 1715
f 1715 1863 1864
f 1715 1865 1866
f 1715 1867 1868
f 1815 1869 1715
f 1718 1817 1814
f 1718 1870 1816
f 1818 1870 1718
f 1718 1871 1872
f 1821 1873 1718
f 1873 1871 1718
f 1721 1489 1487
f 1721 1493 1491
f 1721 1527 1525
f 1721 1531 1529
f 1533 1531 1721
f 1718 1874 1875
f 1721 1876 1877
f 1654 1878 1879
f 1781 1726 1649
f 1677 1397 1395
f 1656 1827 1824
f 1825 1654 1656
f 1656 1880 1826
f 1656 1881 1828
f 1829 1880 1656
f 1656 1882 1883
f 1830 1884 1656
f 1409 1407 1677
f 1423 1421 1677
f 1419 1417 1677
f 1427 1677 1721
f 1427 1425 1677
f 1885 1377 1375
f 1353 1834 1832
f 1833 1886 1353
f 1785 1729 1694
f 1663 1735 1664
f 1789 1887 1888
f 1789 1889 1890
f 1789 1891 1892
f 1838 1579 1577
f 1838 1585 1583
f 1581 1579 1838
f 1277 1893 1894
f 1840 1895 1275
f 1895 1896 1275
f 1841 1897 1275
f 1897 1839 1275
f 1740 1285 1283
f 1281 1279 1740
f 1289 1287 1740
f 1287 1285 1740
f 1740 1297 1295
f 1293 1291 1740
f 1740 1317 1315
f 1325 1323 1740
f 1321 1319 1740
f 1740 1335 1333
f 1740 1341 1339
f 1740 1345 1343
f 1349 1347 1740
f 1347 1345 1740
f 1571 1898 1842
f 1843 1838 1571
f 1847 1844 1571
f 1845 1898 1571
f 1848 1846 1571
f 1746 1899 1900
f 1850 1901 1746
f 1901 1902 1746
f 1746 1903 1904
f 1746 1905 1906
f 1746 1907 1908
f 1746 1909 1910
f 1746 1911 1912
f 1746 1913 1914
f 1854 1915 1746
f 1915 1916 1746
f 1803 1746 1671
f 1804 1853 1746
f 1754 1751 1671
f 1857 1855 1671
f 1858 1766 1671
f 1860 1917 1671
f 1917 1768 1671
f 1862 1918 1671
f 1918 1859 1671
f 1746 1919 1920
f 1715 1921 1922
f 1715 1923 1924
f 1864 1771 1715
f 1715 1925 1926
f 1715 1927 1928
f 1868 1865 1715
f 1866 1929 1715
f 1814 1715 1718
f 1869 1867 1715
f 1872 1819 1718
f 1491 1489 1721
f 1721 1497 1495
f 1721 1503 1501
f 1721 1521 1519
f 1525 1523 1721
f 1523 1521 1721
f 1875 1930 1718
f 1930 1931 1718
f 1721 1932 1874
f 1721 1933 1934
f 1721 1935 1936
f 1877 1937 1721
f 1937 1935 1721
f 1823 1878 1654
f 1395 1393 1677
f 1393 1391 1677
f 1883 1881 1656
f 1884 1938 1656
f 1677 1405 1403
f 1407 1405 1677
f 1721 1433 1431
f 1939 1361 1359
f 1939 1371 1369
f 1375 1939 1885
f 1885 1631 1377
f 1353 1886 1940
f 1890 1887 1789
f 1888 1837 1789
f 1789 1941 1891
f 1892 1942 1789
f 1838 1575 1573
f 1577 1575 1838
f 1838 1275 1588
f 1894 1279 1277
f 1277 1275 1893
f 1275 1896 1943
f 1299 1297 1740
f 1740 1319 1317
f 1315 1313 1740
f 1740 1329 1327
f 1333 1331 1740
f 1331 1329 1740
f 1339 1337 1740
f 1337 1335 1740
f 1343 1341 1740
f 1900 1571 1746
f 1900 1797 1571
f 1902 1899 1746
f 1746 1944 1945
f 1746 1946 1947
f 1904 1948 1746
f 1948 1949 1746
f 1908 1905 1746
f 1906 1950 1746
f 1746 1951 1952
f 1746 1953 1954
f 1746 1955 1956
f 1912 1909 1746
f 1914 1801 1746
f 1746 1957 1958
f 1746 1916 1959
f 1856 1674 1671
f 1960 1789 1961
f 1746 1962 1919
f 1920 1963 1746
f 1715 1964 1965
f 1715 1966 1967
f 1715 1968 1969
f 1924 1921 1715
f 1715 1970 1971
f 1926 1863 1715
f 1928 1972 1715
f 1715 1973 1974
f 1715 1929 1975
f 1718 1976 1977
f 1718 1978 1979
f 1718 1980 1981
f 1982 1718 1831
f 1718 1983 1984
f 1495 1493 1721
f 1501 1499 1721
f 1721 1509 1507
f 1519 1517 1721
f 1517 1515 1721
f 1529 1527 1721
f 1746 1545 1543
f 1746 1553 1551
f 1718 1931 1985
f 1874 1718 1721
f 1936 1933 1721
f 1934 1932 1721
f 1721 1677 1876
f 1879 1656 1654
f 1391 1389 1677
f 1431 1429 1721
f 1939 1363 1361
f 1359 1357 1939
f 1939 1367 1365
f 1939 1373 1371
f 1369 1367 1939
f 1375 1373 1939
f 1786 1835 1664
f 1789 1942 1986
f 1789 1987 1941
f 1588 1587 1838
f 1587 1585 1838
f 1894 1740 1279
f 1740 1353 1351
f 1746 1988 1989
f 1947 1944 1746
f 1945 1990 1746
f 1952 1907 1746
f 1954 1991 1746
f 1956 1992 1746
f 1746 1993 1994
f 1851 1911 1746
f 1959 1957 1746
f 1958 1913 1746
f 1961 1671 1960
f 1960 1987 1789
f 1963 1995 1746
f 1965 1746 1715
f 1965 1962 1746
f 1967 1996 1715
f 1996 1997 1715
f 1969 1998 1715
f 1971 1923 1715
f 1972 1925 1715
f 1715 1999 2000
f 1974 2001 1715
f 1975 2002 1715
f 2002 1973 1715
f 1718 2003 1976
f 1977 2004 1718
f 1981 1978 1718
f 1979 2003 1718
f 1718 2005 2006
f 1718 2007 2008
f 1984 1831 1718
f 1831 1656 1982
f 1718 2009 2010
f 1718 2011 2012
f 1718 2013 2014
f 1718 2015 2016
f 1499 1497 1721
f 1507 1505 1721
f 1721 1515 1513
f 1543 1721 1746
f 1543 1541 1721
f 1746 1549 1547
f 1746 1555 1553
f 1551 1549 1746
f 1985 2017 1718
f 1938 1882 1656
f 1677 1401 1399
f 1365 1363 1939
f 1940 1939 1353
f 1986 1889 1789
f 1353 1740 2018
f 1573 1571 1838
f 1943 1893 1275
f 1746 1990 1988
f 1989 1849 1746
f 1949 1946 1746
f 1746 1950 2019
f 1991 1951 1746
f 1994 1955 1746
f 1961 2020 1671
f 1746 1995 2021
f 1998 1966 1715
f 1715 2022 2023
f 1715 2024 2025
f 1813 1970 1715
f 2001 1999 1715
f 2008 2005 1718
f 2006 1980 1718
f 2010 1983 1718
f 2014 2011 1718
f 2012 2009 1718
f 1718 2026 2027
f 1718 2028 2029
f 2016 2030 1718
f 1718 2031 2032
f 1505 1503 1721
f 1513 1511 1721
f 1511 1509 1721
f 1547 1545 1746
f 1718 2017 2033
f 1403 1401 1677
f 1939 1357 1355
f 2018 2034 1353
f 2034 1784 1353
f 2019 1903 1746
f 1992 1953 1746
f 1671 2035 2036
f 2020 2035 1671
f 1715 2037 2038
f 2023 1968 1715
f 1922 2024 1715
f 1718 2004 2039
f 1982 2007 1718
f 2027 2013 1718
f 1718 2040 2041
f 1718 2042 2043
f 1718 2044 2045
f 2030 2028 1718
f 1718 2046 2047
f 1718 2048 2049
f 2032 2050 1718
f 1718 2051 2052
f 1721 1447 1445
f 1721 1481 1479
f 1721 1485 1483
f 1399 1397 1677
f 1355 1353 1939
f 1910 1993 1746
f 2036 1861 1671
f 2038 1964 1715
f 1715 1997 2053
f 1715 2054 2022
f 2000 1927 1715
f 2043 2040 1718
f 2029 2044 1718
f 2047 2055 1718
f 2049 2056 1718
f 1718 2057 2058
f 2052 2031 1718
f 2050 2057 1718
f 1718 2059 2060
f 1445 1443 1721
f 1721 1451 1449
f 1721 1475 1473
f 1483 1481 1721
f 1746 1559 1557
f 2053 2037 1715
f 2025 2054 1715
f 2045 2042 1718
f 1718 2061 2062
f 2056 2046 1718
f 2060 2063 1718
f 2063 2051 1718
f 1721 1441 1439
f 1449 1447 1721
f 1721 1455 1453
f 1721 1459 1457
f 1721 1477 1475
f 1487 1485 1721
f 1746 1561 1559
f 1557 1555 1746
f 1746 1565 1563
f 1746 1569 1567
f 2041 2026 1718
f 2055 2061 1718
f 2058 2048 1718
f 1443 1441 1721
f 1457 1455 1721
f 1721 1463 1461
f 1721 1471 1469
f 1479 1477 1721
f 1563 1561 1746
f 1746 1571 1569
f 1567 1565 1746
f 2033 2059 1718
f 1746 2064 2065
f 2039 1820 1718
f 1721 1437 1435
f 1453 1451 1721
f 1721 1465 1463
f 1469 1467 1721
f 1473 1471 1721
f 1746 2066 2064
f 2065 1671 1746
f 2062 2015 1718
f 1439 1437 1721
f 1467 1465 1721
f 2021 2066 1746
f 1461 1459 1721
f 1435 1433 1721
f 1718 2067 2068
f 2068 1721 1718
f 2068 2069 1721
f 1721 2069 2070
f 2070 1746 1721
f 2070 2071 1746
f 1715 1746 2072
f 1746 2071 2072
f 2072 2073 1715
f 1718 1715 2074
f 1715 2073 2074
f 2074 2067 1718
f 2075 2076 1957
f 2077 2075 1959
f 2078 2077 1916
f 2079 2078 1915
f 2080 2079 1854
f 2081 2080 1853
f 2082 2081 1804
f 2083 2082 1748
f 2084 2083 1747
f 2085 2084 1803
f 2086 2085 1806
f 2087 2086 1750
f 2088 2087 1749
f 2089 2088 1805
f 2090 2089 1752
f 2091 2090 1703
f 2092 2091 1702
f 2093 2092 1751
f 2094 2093 1754
f 2095 2094 1753
f 2096 2095 1756
f 2097 2096 1755
f 2098 2097 1704
f 2099 2098 1673
f 2100 2099 1672
f 2101 2100 1706
f 2102 2101 1705
f 2103 2102 1708
f 2104 2103 1707
f 2105 2104 1675
f 2106 2105 1674
f 2107 2106 1856
f 2108 2107 1855
f 2109 2108 1857
f 2110 2109 1758
f 2111 2110 1757
f 2112 2111 1759
f 2113 2112 1710
f 2114 2113 1709
f 2115 2114 1807
f 2116 2115 1761
f 2117 2116 1760
f 2118 2117 1808
f 2119 2118 1763
f 2120 2119 1762
f 2121 2120 1712
f 2122 2121 1711
f 2123 2122 1764
f 2124 2123 1765
f 2125 2124 1714
f 2126 2125 1713
f 2127 2126 1809
f 2128 2127 1767
f 2129 2128 1766
f 2130 2129 1858
f 2131 2130 1811
f 2132 2131 1810
f 2133 2132 1769
f 2134 2133 1768
f 2135 2134 1917
f 2136 2135 1860
f 2137 2136 1859
f 2138 2137 1918
f 2139 2138 1862
f 2140 2139 1861
f 2141 2140 2036
f 2142 2141 2035
f 2143 2142 2020
f 2144 2143 1961
f 2145 2144 1789
f 2146 2145 1639
f 2147 2146 1664
f 2148 2147 1694
f 2149 2148 1693
f 2150 2149 1732
f 2151 2150 1731
f 2152 2151 1784
f 2153 2152 2034
f 2154 2153 2018
f 2155 2154 1740
f 2156 2155 1894
f 2157 2156 1893
f 2158 2157 1943
f 2159 2158 1896
f 2160 2159 1895
f 2161 2160 1840
f 2162 2161 1839
f 2163 2162 1897
f 2164 2163 1841
f 2165 2164 1838
f 2166 2165 1843
f 2167 2166 1842
f 2168 2167 1898
f 2169 2168 1845
f 2170 2169 1844
f 2171 2170 1847
f 2172 2171 1846
f 2173 2172 1848
f 2174 2173 1793
f 2175 2174 1742
f 2176 2175 1741
f 2177 2176 1792
f 2178 2177 1795
f 2179 2178 1794
f 2180 2179 1796
f 2181 2180 1744
f 2182 2181 1743
f 2183 2182 1745
f 2184 2183 1701
f 2185 2184 1700
f 2186 2185 1798
f 2187 2186 1797
f 2188 2187 1900
f 2189 2188 1899
f 2190 2189 1902
f 2191 2190 1901
f 2192 2191 1850
f 2193 2192 1849
f 2194 2193 1989
f 2195 2194 1988
f 2196 2195 1990
f 2197 2196 1945
f 2198 2197 1944
f 2199 2198 1947
f 2200 2199 1946
f 2201 2200 1949
f 2202 2201 1948
f 2203 2202 1904
f 2204 2203 1903
f 2205 2204 2019
f 2206 2205 1950
f 2207 2206 1906
f 2208 2207 1905
f 2209 2208 1908
f 2210 2209 1907
f 2211 2210 1952
f 2212 2211 1951
f 2213 2212 1991
f 2214 2213 1954
f 2215 2214 1953
f 2216 2215 1992
f 2217 2216 1956
f 2218 2217 1955
f 2219 2218 1994
f 2220 2219 1993
f 2221 2220 1910
f 2222 2221 1909
f 2223 2222 1912
f 2224 2223 1911
f 2225 2224 1851
f 2226 2225 1800
f 2227 2226 1799
f 2228 2227 1852
f 2229 2228 1802
f 2230 2229 1801
f 2231 2230 1914
f 2232 2231 1913
f 2076 2232 1958
f 1958 1957 2076
f 1913 1958 2232
f 1914 1913 2231
f 1801 1914 2230
f 1802 1801 2229
f 1852 1802 2228
f 1799 1852 2227
f 1800 1799 2226
f 1851 1800 2225
f 1911 1851 2224
f 1912 1911 2223
f 1909 1912 2222
f 1910 1909 2221
f 1993 1910 2220
f 1994 1993 2219
f 1955 1994 2218
f 1956 1955 2217
f 1992 1956 2216
f 1953 1992 2215
f 1954 1953 2214
f 1991 1954 2213
f 1951 1991 2212
f 1952 1951 2211
f 1907 1952 2210
f 1908 1907 2209
f 1905 1908 2208
f 1906 1905 2207
f 1950 1906 2206
f 2019 1950 2205
f 1903 2019 2204
f 1904 1903 2203
f 1948 1904 2202
f 1949 1948 2201
f 1946 1949 2200
f 1947 1946 2199
f 1944 1947 2198
f 1945 1944 2197
f 1990 1945 2196
f 1988 1990 2195
f 1989 1988 2194
f 1849 1989 2193
f 1850 1849 2192
f 1901 1850 2191
f 1902 1901 2190
f 1899 1902 2189
f 1900 1899 2188
f 1797 1900 2187
f 1798 1797 2186
f 1700 1798 2185
f 1701 1700 2184
f 1745 1701 2183
f 1743 1745 2182
f 1744 1743 2181
f 1796 1744 2180
f 1794 1796 2179
f 1795 1794 2178
f 1792 1795 2177
f 1741 1792 2176
f 1742 1741 2175
f 1793 1742 2174
f 1848 1793 2173
f 1846 1848 2172
f 1847 1846 2171
f 1844 1847 2170
f 1845 1844 2169
f 1898 1845 2168
f 1842 1898 2167
f 1843 1842 2166
f 1838 1843 2165
f 1841 1838 2164
f 1897 1841 2163
f 1839 1897 2162
f 1840 1839 2161
f 1895 1840 2160
f 1896 1895 2159
f 1943 1896 2158
f 1893 1943 2157
f 1894 1893 2156
f 1740 1894 2155
f 2018 1740 2154
f 2034 2018 2153
f 1784 2034 2152
f 1731 1784 2151
f 1732 1731 2150
f 1693 1732 2149
f 1694 1693 2148
f 1664 1694 2147
f 1639 1664 2146
f 1789 1639 2145
f 1961 1789 2144
f 2020 1961 2143
f 2035 2020 2142
f 2036 2035 2141
f 1861 2036 2140
f 1862 1861 2139
f 1918 1862 2138
f 1859 1918 2137
f 1860 1859 2136
f 1917 1860 2135
f 1768 1917 2134
f 1769 1768 2133
f 1810 1769 2132
f 1811 1810 2131
f 1858 1811 2130
f 1766 1858 2129
f 1767 1766 2128
f 1809 1767 2127
f 1713 1809 2126
f 1714 1713 2125
f 1765 1714 2124
f 1764 1765 2123
f 1711 1764 2122
f 1712 1711 2121
f 1762 1712 2120
f 1763 1762 2119
f 1808 1763 2118
f 1760 1808 2117
f 1761 1760 2116
f 1807 1761 2115
f 1709 1807 2114
f 1710 1709 2113
f 1759 1710 2112
f 1757 1759 2111
f 1758 1757 2110
f 1857 1758 2109
f 1855 1857 2108
f 1856 1855 2107
f 1674 1856 2106
f 1675 1674 2105
f 1707 1675 2104
f 1708 1707 2103
f 1705 1708 2102
f 1706 1705 2101
f 1672 1706 2100
f 1673 1672 2099
f 1704 1673 2098
f 1755 1704 2097
f 1756 1755 2096
f 1753 1756 2095
f 1754 1753 2094
f 1751 1754 2093
f 1702 1751 2092
f 1703 1702 2091
f 1752 1703 2090
f 1805 1752 2089
f 1749 1805 2088
f 1750 1749 2087
f 1806 1750 2086
f 1803 1806 2085
f 1747 1803 2084
f 1748 1747 2083
f 1804 1748 2082
f 1853 1804 2081
f 1854 1853 2080
f 1915 1854 2079
f 1916 1915 2078
f 1959 1916 2077
f 1957 1959 2075
f 2233 2234 1725
f 2235 2233 1684
f 2236 2235 1726
f 2237 2236 1781
f 2238 2237 1780
f 2239 2238 1686
f 2240 2239 1651
f 2241 2240 1650
f 2242 2241 1653
f 2243 2242 1652
f 2244 2243 1688
f 2245 2244 1687
f 2246 2245 1655
f 2247 2246 1654
f 2248 2247 1825
f 2249 2248 1824
f 2250 2249 1827
f 2251 2250 1783
f 2252 2251 1782
f 2253 2252 1826
f 2254 2253 1880
f 2255 2254 1829
f 2256 2255 1828
f 2257 2256 1881
f 2258 2257 1883
f 2259 2258 1882
f 2260 2259 1938
f 2261 2260 1884
f 2262 2261 1830
f 2263 2262 1728
f 2264 2263 1690
f 2265 2264 1689
f 2266 2265 1658
f 2267 2266 1657
f 2268 2267 1660
f 2269 2268 1659
f 2270 2269 1692
f 2271 2270 1691
f 2272 2271 1662
f 2273 2272 1661
f 2274 2273 1831
f 2275 2274 1984
f 2276 2275 1983
f 2277 2276 2010
f 2278 2277 2009
f 2279 2278 2012
f 2280 2279 2011
f 2281 2280 2014
f 2282 2281 2013
f 2283 2282 2027
f 2284 2283 2026
f 2285 2284 2041
f 2286 2285 2040
f 2287 2286 2043
f 2288 2287 2042
f 2289 2288 2045
f 2290 2289 2044
f 2291 2290 2029
f 2292 2291 2028
f 2293 2292 2030
f 2294 2293 2016
f 2295 2294 2015
f 2296 2295 2062
f 2297 2296 2061
f 2298 2297 2055
f 2299 2298 2047
f 2300 2299 2046
f 2301 2300 2056
f 2302 2301 2049
f 2303 2302 2048
f 2304 2303 2058
f 2305 2304 2057
f 2306 2305 2050
f 2307 2306 2032
f 2308 2307 2031
f 2309 2308 2052
f 2310 2309 2051
f 2311 2310 2063
f 2312 2311 2060
f 2313 2312 2059
f 2314 2313 2033
f 2315 2314 2017
f 2316 2315 1985
f 2317 2316 1931
f 2318 2317 1930
f 2319 2318 1875
f 2320 2319 1874
f 2321 2320 1932
f 2322 2321 1934
f 2323 2322 1933
f 2324 2323 1936
f 2325 2324 1935
f 2326 2325 1937
f 2327 2326 1877
f 2328 2327 1876
f 2329 2328 1677
f 2330 2329 1645
f 2331 2330 1644
f 2332 2331 1676
f 2333 2332 1678
f 2334 2333 1628
f 2335 2334 1627
f 2336 2335 1622
f 2337 2336 1613
f 2338 2337 1612
f 2339 2338 1609
f 2340 2339 1608
f 2341 2340 1615
f 2342 2341 1614
f 2343 2342 1594
f 2344 2343 1593
f 2345 2344 1590
f 2346 2345 1589
f 2347 2346 1592
f 2348 2347 1591
f 2349 2348 1601
f 2350 2349 1596
f 2351 2350 1595
f 2352 2351 1611
f 2353 2352 1610
f 2354 2353 1603
f 2355 2354 1602
f 2356 2355 1605
f 2357 2356 1604
f 2358 2357 1607
f 2359 2358 1606
f 2360 2359 1598
f 2361 2360 1597
f 2362 2361 1600
f 2363 2362 1599
f 2364 2363 1617
f 2365 2364 1616
f 2366 2365 1619
f 2367 2366 1618
f 2368 2367 1621
f 2369 2368 1620
f 2370 2369 1624
f 2371 2370 1623
f 2372 2371 1646
f 2373 2372 1630
f 2374 2373 1626
f 2375 2374 1625
f 2376 2375 1629
f 2377 2376 1632
f 2378 2377 1647
f 2379 2378 1634
f 2380 2379 1633
f 2381 2380 1636
f 2382 2381 1635
f 2383 2382 1648
f 2384 2383 1638
f 2385 2384 1637
f 2386 2385 1679
f 2387 2386 1681
f 2388 2387 1680
f 2389 2388 1683
f 2390 2389 1682
f 2234 2390 1779
f 1779 1725 2234
f 1682 1779 2390
f 1683 1682 2389
f 1680 1683 2388
f 1681 1680 2387
f 1679 1681 2386
f 1637 1679 2385
f 1638 1637 2384
f 1648 1638 2383
f 1635 1648 2382
f 1636 1635 2381
f 1633 1636 2380
f 1634 1633 2379
f 1647 1634 2378
f 1632 1647 2377
f 1629 1632 2376
f 1625 1629 2375
f 1626 1625 2374
f 1630 1626 2373
f 1646 1630 2372
f 1623 1646 2371
f 1624 1623 2370
f 1620 1624 2369
f 1621 1620 2368
f 1618 1621 2367
f 1619 1618 2366
f 1616 1619 2365
f 1617 1616 2364
f 1599 1617 2363
f 1600 1599 2362
f 1597 1600 2361
f 1598 1597 2360
f 1606 1598 2359
f 1607 1606 2358
f 1604 1607 2357
f 1605 1604 2356
f 1602 1605 2355
f 1603 1602 2354
f 1610 1603 2353
f 1611 1610 2352
f 1595 1611 2351
f 1596 1595 2350
f 1601 1596 2349
f 1591 1601 2348
f 1592 1591 2347
f 1589 1592 2346
f 1590 1589 2345
f 1593 1590 2344
f 1594 1593 2343
f 1614 1594 2342
f 1615 1614 2341
f 1608 1615 2340
f 1609 1608 2339
f 1612 1609 2338
f 1613 1612 2337
f 1622 1613 2336
f 1627 1622 2335
f 1628 1627 2334
f 1678 1628 2333
f 1676 1678 2332
f 1644 1676 2331
f 1645 1644 2330
f 1677 1645 2329
f 1876 1677 2328
f 1877 1876 2327
f 1937 1877 2326
f 1935 1937 2325
f 1936 1935 2324
f 1933 1936 2323
f 1934 1933 2322
f 1932 1934 2321
f 1874 1932 2320
f 1875 1874 2319
f 1930 1875 2318
f 1931 1930 2317
f 1985 1931 2316
f 2017 1985 2315
f 2033 2017 2314
f 2059 2033 2313
f 2060 2059 2312
f 2063 2060 2311
f 2051 2063 2310
f 2052 2051 2309
f 2031 2052 2308
f 2032 2031 2307
f 2050 2032 2306
f 2057 2050 2305
f 2058 2057 2304
f 2048 2058 2303
f 2049 2048 2302
f 2056 2049 2301
f 2046 2056 2300
f 2047 2046 2299
f 2055 2047 2298
f 2061 2055 2297
f 2062 2061 2296
f 2015 2062 2295
f 2016 2015 2294
f 2030 2016 2293
f 2028 2030 2292
f 2029 2028 2291
f 2044 2029 2290
f 2045 2044 2289
f 2042 2045 2288
f 2043 2042 2287
f 2040 2043 2286
f 2041 2040 2285
f 2026 2041 2284
f 2027 2026 2283
f 2013 2027 2282
f 2014 2013 2281
f 2011 2014 2280
f 2012 2011 2279
f 2009 2012 2278
f 2010 2009 2277
f 1983 2010 2276
f 1984 1983 2275
f 1831 1984 2274
f 1661 1831 2273
f 1662 1661 2272
f 1691 1662 2271
f 1692 1691 2270
f 1659 1692 2269
f 1660 1659 2268
f 1657 1660 2267
f 1658 1657 2266
f 1689 1658 2265
f 1690 1689 2264
f 1728 1690 2263
f 1830 1728 2262
f 1884 1830 2261
f 1938 1884 2260
f 1882 1938 2259
f 1883 1882 2258
f 1881 1883 2257
f 1828 1881 2256
f 1829 1828 2255
f 1880 1829 2254
f 1826 1880 2253
f 1782 1826 2252
f 1783 1782 2251
f 1827 1783 2250
f 1824 1827 2249
f 1825 1824 2248
f 1654 1825 2247
f 1655 1654 2246
f 1687 1655 2245
f 1688 1687 2244
f 1652 1688 2243
f 1653 1652 2242
f 1650 1653 2241
f 1651 1650 2240
f 1686 1651 2239
f 1780 1686 2238
f 1781 1780 2237
f 1726 1781 2236
f 1684 1726 2235
f 1725 1684 2233
f 2391 2392 2037
f 2393 2391 2053
f 2394 2393 1997
f 2395 2394 1996
f 2396 2395 1967
f 2397 2396 1966
f 2398 2397 1998
f 2399 2398 1969
f 2400 2399 1968
f 2401 2400 2023
f 2402 2401 2022
f 2403 2402 2054
f 2404 2403 2025
f 2405 2404 2024
f 2406 2405 1922
f 2407 2406 1921
f 2408 2407 1924
f 2409 2408 1923
f 2410 2409 1971
f 2411 2410 1970
f 2412 2411 1813
f 2413 2412 1812
f 2414 2413 1717
f 2415 2414 1716
f 2416 2415 1770
f 2417 2416 1772
f 2418 2417 1771
f 2419 2418 1864
f 2420 2419 1863
f 2421 2420 1926
f 2422 2421 1925
f 2423 2422 1972
f 2424 2423 1928
f 2425 2424 1927
f 2426 2425 2000
f 2427 2426 1999
f 2428 2427 2001
f 2429 2428 1974
f 2430 2429 1973
f 2431 2430 2002
f 2432 2431 1975
f 2433 2432 1929
f 2434 2433 1866
f 2435 2434 1865
f 2436 2435 1868
f 2437 2436 1867
f 2438 2437 1869
f 2439 2438 1815
f 2440 2439 1814
f 2441 2440 1817
f 2442 2441 1774
f 2443 2442 1773
f 2444 2443 1816
f 2445 2444 1870
f 2446 2445 1818
f 2447 2446 1776
f 2448 2447 1720
f 2449 2448 1719
f 2450 2449 1775
f 2451 2450 1819
f 2452 2451 1872
f 2453 2452 1871
f 2454 2453 1873
f 2455 2454 1821
f 2456 2455 1820
f 2457 2456 2039
f 2458 2457 2004
f 2459 2458 1977
f 2460 2459 1976
f 2461 2460 2003
f 2462 2461 1979
f 2463 2462 1978
f 2464 2463 1981
f 2465 2464 1980
f 2466 2465 2006
f 2467 2466 2005
f 2468 2467 2008
f 2469 2468 2007
f 2470 2469 1982
f 2471 2470 1656
f 2472 2471 1879
f 2473 2472 1878
f 2474 2473 1823
f 2475 2474 1822
f 2476 2475 1778
f 2477 2476 1777
f 2478 2477 1723
f 2479 2478 1722
f 2480 2479 1724
f 2481 2480 1649
f 2482 2481 1727
f 2483 2482 1685
f 2484 2483 1631
f 2485 2484 1885
f 2486 2485 1939
f 2487 2486 1940
f 2488 2487 1886
f 2489 2488 1833
f 2490 2489 1832
f 2491 2490 1834
f 2492 2491 1730
f 2493 2492 1729
f 2494 2493 1785
f 2495 2494 1835
f 2496 2495 1786
f 2497 2496 1734
f 2498 2497 1733
f 2499 2498 1787
f 2500 2499 1736
f 2501 2500 1735
f 2502 2501 1663
f 2503 2502 1695
f 2504 2503 1696
f 2505 2504 1666
f 2506 2505 1665
f 2507 2506 1667
f 2508 2507 1641
f 2509 2508 1640
f 2510 2509 1668
f 2511 2510 1643
f 2512 2511 1642
f 2513 2512 1697
f 2514 2513 1670
f 2515 2514 1669
f 2516 2515 1738
f 2517 2516 1737
f 2518 2517 1699
f 2519 2518 1698
f 2520 2519 1739
f 2521 2520 1788
f 2522 2521 1836
f 2523 2522 1791
f 2524 2523 1790
f 2525 2524 1837
f 2526 2525 1888
f 2527 2526 1887
f 2528 2527 1890
f 2529 2528 1889
f 2530 2529 1986
f 2531 2530 1942
f 2532 2531 1892
f 2533 2532 1891
f 2534 2533 1941
f 2535 2534 1987
f 2536 2535 1960
f 2537 2536 1671
f 2538 2537 2065
f 2539 2538 2064
f 2540 2539 2066
f 2541 2540 2021
f 2542 2541 1995
f 2543 2542 1963
f 2544 2543 1920
f 2545 2544 1919
f 2546 2545 1962
f 2547 2546 1965
f 2548 2547 1964
f 2392 2548 2038
f 2038 2037 2392
f 1964 2038 2548
f 1965 1964 2547
f 1962 1965 2546
f 1919 1962 2545
f 1920 1919 2544
f 1963 1920 2543
f 1995 1963 2542
f 2021 1995 2541
f 2066 2021 2540
f 2064 2066 2539
f 2065 2064 2538
f 1671 2065 2537
f 1960 1671 2536
f 1987 1960 2535
f 1941 1987 2534
f 1891 1941 2533
f 1892 1891 2532
f 1942 1892 2531
f 1986 1942 2530
f 1889 1986 2529
f 1890 1889 2528
f 1887 1890 2527
f 1888 1887 2526
f 1837 1888 2525
f 1790 1837 2524
f 1791 1790 2523
f 1836 1791 2522
f 1788 1836 2521
f 1739 1788 2520
f 1698 1739 2519
f 1699 1698 2518
f 1737 1699 2517
f 1738 1737 2516
f 1669 1738 2515
f 1670 1669 2514
f 1697 1670 2513
f 1642 1697 2512
f 1643 1642 2511
f 1668 1643 2510
f 1640 1668 2509
f 1641 1640 2508
f 1667 1641 2507
f 1665 1667 2506
f 1666 1665 2505
f 1696 1666 2504
f 1695 1696 2503
f 1663 1695 2502
f 1735 1663 2501
f 1736 1735 2500
f 1787 1736 2499
f 1733 1787 2498
f 1734 1733 2497
f 1786 1734 2496
f 1835 1786 2495
f 1785 1835 2494
f 1729 1785 2493
f 1730 1729 2492
f 1834 1730 2491
f 1832 1834 2490
f 1833 1832 2489
f 1886 1833 2488
f 1940 1886 2487
f 1939 1940 2486
f 1885 1939 2485
f 1631 1885 2484
f 1685 1631 2483
f 1727 1685 2482
f 1649 1727 2481
f 1724 1649 2480
f 1722 1724 2479
f 1723 1722 2478
f 1777 1723 2477
f 1778 1777 2476
f 1822 1778 2475
f 1823 1822 2474
f 1878 1823 2473
f 1879 1878 2472
f 1656 1879 2471
f 1982 1656 2470
f 2007 1982 2469
f 2008 2007 2468
f 2005 2008 2467
f 2006 2005 2466
f 1980 2006 2465
f 1981 1980 2464
f 1978 1981 2463
f 1979 1978 2462
f 2003 1979 2461
f 1976 2003 2460
f 1977 1976 2459
f 2004 1977 2458
f 2039 2004 2457
f 1820 2039 2456
f 1821 1820 2455
f 1873 1821 2454
f 1871 1873 2453
f 1872 1871 2452
f 1819 1872 2451
f 1775 1819 2450
f 1719 1775 2449
f 1720 1719 2448
f 1776 1720 2447
f 1818 1776 2446
f 1870 1818 2445
f 1816 1870 2444
f 1773 1816 2443
f 1774 1773 2442
f 1817 1774 2441
f 1814 1817 2440
f 1815 1814 2439
f 1869 1815 2438
f 1867 1869 2437
f 1868 1867 2436
f 1865 1868 2435
f 1866 1865 2434
f 1929 1866 2433
f 1975 1929 2432
f 2002 1975 2431
f 1973 2002 2430
f 1974 1973 2429
f 2001 1974 2428
f 1999 2001 2427
f 2000 1999 2426
f 1927 2000 2425
f 1928 1927 2424
f 1972 1928 2423
f 1925 1972 2422
f 1926 1925 2421
f 1863 1926 2420
f 1864 1863 2419
f 1771 1864 2418
f 1772 1771 2417
f 1770 1772 2416
f 1716 1770 2415
f 1717 1716 2414
f 1812 1717 2413
f 1813 1812 2412
f 1970 1813 2411
f 1971 1970 2410
f 1923 1971 2409
f 1924 1923 2408
f 1921 1924 2407
f 1922 1921 2406
f 2024 1922 2405
f 2025 2024 2404
f 2054 2025 2403
f 2022 2054 2402
f 2023 2022 2401
f 1968 2023 2400
f 1969 1968 2399
f 1998 1969 2398
f 1966 1998 2397
f 1967 1966 2396
f 1996 1967 2395
f 1997 1996 2394
f 2053 1997 2393
f 2037 2053 2391
f 2070 2182 2183
f 2072 2096 2097
f 2070 2195 2196
f 2070 2181 2182
f 2070 2179 2180
f 2070 2176 2177
f 2555 2124 2125
f 2555 2121 2122
f 2555 2119 2120
f 2555 2110 2111
f 2072 2103 2104
f 2072 2101 2102
f 2072 2099 2100
f 2097 2098 2072
f 2098 2099 2072
f 2072 2088 2089
f 2196 2071 2070
f 2180 2181 2070
f 2177 2178 2070
f 2070 2173 2174
f 2070 2160 2161
f 2070 2158 2159
f 2555 2146 2147
f 2555 2142 2143
f 2555 2131 2132
f 2555 2123 2124
f 2120 2121 2555
f 2555 2116 2117
f 2555 2113 2114
f 2111 2112 2555
f 2112 2113 2555
f 2555 2108 2109
f 2102 2103 2072
f 2104 2105 2072
f 2072 2094 2095
f 2072 2092 2093
f 2089 2090 2072
f 2072 2085 2086
f 2071 2201 2202
f 2071 2199 2200
f 2196 2197 2071
f 2070 2184 2185
f 2178 2179 2070
f 2174 2175 2070
f 2070 2171 2172
f 2070 2169 2170
f 2070 2167 2168
f 2070 2164 2165
f 2070 2162 2163
f 2159 2160 2070
f 2161 2162 2070
f 2070 2153 2154
f 2147 2148 2555
f 2148 2149 2555
f 2555 2144 2145
f 2555 2141 2142
f 2555 2134 2135
f 2555 2130 2131
f 2555 2128 2129
f 2555 2126 2127
f 2122 2123 2555
f 2117 2118 2555
f 2118 2119 2555
f 2114 2115 2555
f 2109 2110 2555
f 2072 2107 2108
f 2100 2101 2072
f 2093 2094 2072
f 2090 2091 2072
f 2086 2087 2072
f 2072 2082 2083
f 2072 2080 2081
f 2071 2226 2227
f 2071 2223 2224
f 2071 2205 2206
f 2200 2201 2071
f 2202 2203 2071
f 2197 2198 2071
f 2070 2190 2191
f 2070 2188 2189
f 2183 2184 2070
f 2172 2173 2070
f 2168 2169 2070
f 2165 2166 2070
f 2070 2156 2157
f 2154 2155 2070
f 2555 2152 2153
f 2143 2144 2555
f 2555 2133 2134
f 2129 2130 2555
f 2125 2126 2555
f 2115 2116 2555
f 2108 2555 2072
f 2072 2105 2106
f 2095 2096 2072
f 2087 2088 2072
f 2081 2082 2072
f 2083 2084 2072
f 2072 2077 2078
f 2227 2228 2071
f 2224 2225 2071
f 2225 2226 2071
f 2206 2207 2071
f 2071 2203 2204
f 2198 2199 2071
f 2070 2192 2193
f 2189 2190 2070
f 2070 2186 2187
f 2175 2176 2070
f 2166 2167 2070
f 2157 2158 2070
f 2153 2070 2555
f 2155 2156 2070
f 2555 2150 2151
f 2145 2146 2555
f 2555 2137 2138
f 2132 2133 2555
f 2106 2107 2072
f 2091 2092 2072
f 2078 2079 2072
f 2071 2229 2230
f 2071 2221 2222
f 2071 2219 2220
f 2071 2214 2215
f 2071 2211 2212
f 2071 2209 2210
f 2207 2208 2071
f 2193 2194 2070
f 2194 2195 2070
f 2187 2188 2070
f 2170 2171 2070
f 2149 2150 2555
f 2555 2136 2137
f 2127 2128 2555
f 2079 2080 2072
f 2071 2231 2232
f 2228 2229 2071
f 2220 2221 2071
f 2071 2217 2218
f 2215 2216 2071
f 2216 2217 2071
f 2212 2213 2071
f 2213 2214 2071
f 2208 2209 2071
f 2185 2186 2070
f 2151 2152 2555
f 2555 2139 2140
f 2135 2136 2555
f 2084 2085 2072
f 2232 2072 2071
f 2232 2076 2072
f 2222 2223 2071
f 2210 2211 2071
f 2191 2192 2070
f 2140 2141 2555
f 2072 2076 2075
f 2230 2231 2071
f 2163 2164 2070
f 2075 2077 2072
f 2218 2219 2071
f 2138 2139 2555
f 2204 2205 2071
f 2074 2449 2450
f 2074 2446 2447
f 2073 2415 2416
f 2072 2511 2512
f 2072 2508 2509
f 2450 2451 2074
f 2451 2452 2074
f 2447 2448 2074
f 2074 2440 2441
f 2073 2414 2415
f 2073 2412 2413
f 2512 2513 2072
f 2509 2510 2072
f 2510 2511 2072
f 2072 2506 2507
f 2555 2505 2506
f 2555 2502 2503
f 2448 2449 2074
f 2074 2444 2445
f 2441 2442 2074
f 2074 2436 2437
f 2074 2073 2434
f 2073 2432 2433
f 2413 2414 2073
f 2073 2410 2411
f 2072 2521 2522
f 2072 2516 2517
f 2506 2072 2555
f 2503 2504 2555
f 2504 2505 2555
f 2555 2500 2501
f 2074 2452 2453
f 2445 2446 2074
f 2442 2443 2074
f 2437 2438 2074
f 2438 2439 2074
f 2433 2434 2073
f 2073 2417 2418
f 2411 2412 2073
f 2072 2524 2525
f 2522 2523 2072
f 2517 2518 2072
f 2072 2514 2515
f 2507 2508 2072
f 2501 2502 2555
f 2074 2457 2458
f 2453 2454 2074
f 2454 2455 2074
f 2443 2444 2074
f 2434 2435 2074
f 2073 2422 2423
f 2073 2419 2420
f 2416 2417 2073
f 2073 2406 2407
f 2073 2404 2405
f 2523 2524 2072
f 2072 2519 2520
f 2515 2516 2072
f 2555 2497 2498
f 2555 2494 2495
f 2555 2476 2477
f 2555 2474 2475
f 2074 2464 2465
f 2074 2462 2463
f 2074 2460 2461
f 2458 2459 2074
f 2435 2436 2074
f 2073 2429 2430
f 2073 2427 2428
f 2073 2421 2422
f 2418 2419 2073
f 2073 2408 2409
f 2405 2406 2073
f 2073 2396 2397
f 2073 2393 2394
f 2520 2521 2072
f 2513 2514 2072
f 2498 2499 2555
f 2499 2500 2555
f 2495 2496 2555
f 2496 2497 2555
f 2555 2492 2493
f 2555 2490 2491
f 2555 2487 2488
f 2555 2478 2479
f 2475 2476 2555
f 2477 2478 2555
f 2555 2469 2470
f 2463 2464 2074
f 2459 2460 2074
f 2439 2440 2074
f 2430 2431 2073
f 2431 2432 2073
f 2073 2426 2427
f 2073 2424 2425
f 2420 2421 2073
f 2407 2408 2073
f 2397 2398 2073
f 2398 2399 2073
f 2394 2395 2073
f 2072 2530 2531
f 2518 2519 2072
f 2491 2492 2555
f 2488 2489 2555
f 2555 2472 2473
f 2470 2471 2555
f 2074 2468 2469
f 2074 2466 2467
f 2461 2462 2074
f 2425 2426 2073
f 2409 2410 2073
f 2073 2402 2403
f 2073 2399 2400
f 2395 2396 2073
f 2531 2532 2072
f 2072 2526 2527
f 2489 2490 2555
f 2555 2485 2486
f 2473 2474 2555
f 2469 2555 2074
f 2471 2472 2555
f 2465 2466 2074
f 2074 2455 2456
f 2428 2429 2073
f 2403 2404 2073
f 2072 2543 2544
f 2072 2541 2542
f 2532 2533 2072
f 2072 2528 2529
f 2525 2526 2072
f 2486 2487 2555
f 2555 2480 2481
f 2456 2457 2074
f 2423 2424 2073
f 2400 2401 2073
f 2072 2545 2546
f 2542 2543 2072
f 2544 2545 2072
f 2529 2530 2072
f 2493 2494 2555
f 2481 2482 2555
f 2482 2483 2555
f 2467 2468 2074
f 2401 2402 2073
f 2073 2392 2391
f 2072 2547 2548
f 2072 2539 2540
f 2527 2528 2072
f 2555 2483 2484
f 2479 2480 2555
f 2391 2393 2073
f 2548 2073 2072
f 2540 2541 2072
f 2072 2536 2537
f 2484 2485 2555
f 2546 2547 2072
f 2537 2538 2072
f 2072 2534 2535
f 2538 2539 2072
f 2533 2534 2072
f 2535 2536 2072
f 2549 1532 1534
f 2550 1318 1320
f 1534 1536 2549
f 2549 1528 1530
f 2549 2069 1524
f 1320 1322 2550
f 1322 1324 2550
f 2550 1314 1316
f 2550 1302 1304
f 2550 1298 1300
f 2549 1552 1554
f 1530 1532 2549
f 1524 1526 2549
f 2069 1518 1520
f 2068 1364 1366
f 2068 1354 1356
f 1316 1318 2550
f 2550 1310 1312
f 2550 1306 1308
f 1300 1302 2550
f 2549 1550 1552
f 1526 1528 2549
f 1520 1522 2069
f 2069 1512 1514
f 2069 1438 1440
f 2068 1370 1372
f 1366 1368 2068
f 2068 1360 1362
f 1356 1358 2068
f 2550 1324 1326
f 1312 1314 2550
f 1304 1306 2550
f 2550 1294 1296
f 2550 1288 1290
f 2550 1284 1286
f 2549 1282 1284
f 2549 1276 1278
f 1554 1556 2549
f 2549 1546 1548
f 1522 1524 2069
f 1514 1516 2069
f 2069 1486 1488
f 2069 1482 1484
f 2069 1444 1446
f 1440 1442 2069
f 1442 1444 2069
f 1368 1370 2068
f 1358 1360 2068
f 2068 1348 1350
f 2068 1344 1346
f 2550 1342 1344
f 2550 1332 1334
f 2550 1328 1330
f 1296 1298 2550
f 1308 1310 2550
f 1290 1292 2550
f 1284 2550 2549
f 1278 1280 2549
f 1548 1550 2549
f 2549 1542 1544
f 2549 1538 1540
f 1516 1518 2069
f 2069 1496 1498
f 2069 1490 1492
f 1484 1486 2069
f 2069 1452 1454
f 2069 1448 1450
f 2069 1434 1436
f 2068 1418 1420
f 2068 1414 1416
f 1362 1364 2068
f 1350 1352 2068
f 1352 1354 2068
f 1344 2068 2550
f 1346 1348 2068
f 2550 1338 1340
f 1334 1336 2550
f 1336 1338 2550
f 1326 1328 2550
f 1292 1294 2550
f 1280 1282 2549
f 2549 1574 1576
f 1544 1546 2549
f 1536 1538 2549
f 2069 1506 1508
f 2069 1502 1504
f 2069 1494 1496
f 1488 1490 2069
f 1450 1452 2069
f 1436 1438 2069
f 2068 1426 1428
f 2068 1422 1424
f 1416 1418 2068
f 2068 1408 1410
f 2068 1402 1404
f 2068 1380 1382
f 2068 1376 1378
f 1340 1342 2550
f 1330 1332 2550
f 1286 1288 2550
f 1576 1578 2549
f 1540 1542 2549
f 1508 1510 2069
f 1510 1512 2069
f 2069 1500 1502
f 1492 1494 2069
f 1446 1448 2069
f 2069 1430 1432
f 1428 2069 2068
f 1428 1430 2069
f 1420 1422 2068
f 1410 1412 2068
f 1412 1414 2068
f 1404 1406 2068
f 1382 1384 2068
f 2068 1374 1376
f 2549 1580 1582
f 2549 1572 1574
f 1498 1500 2069
f 2069 1478 1480
f 2069 1474 1476
f 1432 1434 2069
f 1424 1426 2068
f 1406 1408 2068
f 2068 1398 1400
f 1378 1380 2068
f 1578 1580 2549
f 2549 1568 1570
f 1504 1506 2069
f 1476 1478 2069
f 2069 1468 1470
f 1400 1402 2068
f 2068 1390 1392
f 2068 1386 1388
f 1372 1374 2068
f 2549 1274 1273
f 2549 1584 1586
f 1570 1572 2549
f 2549 1562 1564
f 1480 1482 2069
f 1470 1472 2069
f 2069 1464 1466
f 2069 1456 1458
f 2068 1394 1396
f 1388 1390 2068
f 1273 1276 2549
f 1582 1584 2549
f 1564 1566 2549
f 2549 1558 1560
f 1472 1474 2069
f 2069 1462 1464
f 1458 1460 2069
f 1396 1398 2068
f 1384 1386 2068
f 1566 1568 2549
f 1556 1558 2549
f 1460 1462 2069
f 1392 1394 2068
f 1560 1562 2549
f 1454 1456 2069
f 2070 2069 2549
f 1466 1468 2069
f 2555 2070 2551
f 1586 1274 2549
f 2549 2551 2070
f 2550 2358 2359
f 2359 2360 2550
f 2550 2352 2353
f 2360 2361 2550
f 2550 2356 2357
f 2353 2354 2550
f 2068 2348 2349
f 2068 2345 2346
f 2068 2343 2344
f 2357 2358 2550
f 2354 2355 2550
f 2349 2350 2068
f 2350 2351 2068
f 2344 2345 2068
f 2068 2341 2342
f 2550 2364 2365
f 2550 2362 2363
f 2355 2356 2550
f 2068 2351 2352
f 2068 2347 2348
f 2342 2343 2068
f 2550 2366 2367
f 2363 2364 2550
f 2365 2366 2550
f 2352 2550 2068
f 2361 2362 2550
f 2346 2347 2068
f 2068 2336 2337
f 2067 2266 2267
f 2067 2264 2265
f 2068 2339 2340
f 2337 2338 2068
f 2067 2274 2275
f 2067 2270 2271
f 2067 2268 2269
f 2265 2266 2067
f 2067 2262 2263
f 2550 2372 2373
f 2338 2339 2068
f 2068 2333 2334
f 2068 2325 2326
f 2068 2316 2317
f 2067 2291 2292
f 2067 2277 2278
f 2275 2276 2067
f 2067 2272 2273
f 2269 2270 2067
f 2271 2272 2067
f 2263 2264 2067
f 2552 2240 2241
f 2550 2384 2385
f 2550 2381 2382
f 2550 2376 2377
f 2373 2374 2550
f 2340 2341 2068
f 2334 2335 2068
f 2068 2328 2329
f 2326 2327 2068
f 2068 2322 2323
f 2068 2320 2321
f 2317 2318 2068
f 2318 2319 2068
f 2067 2306 2307
f 2067 2304 2305
f 2292 2293 2067
f 2293 2294 2067
f 2067 2289 2290
f 2278 2279 2067
f 2273 2274 2067
f 2276 2277 2067
f 2267 2268 2067
f 2067 2259 2260
f 2552 2253 2254
f 2552 2239 2240
f 2385 2386 2550
f 2382 2383 2550
f 2383 2384 2550
f 2550 2379 2380
f 2377 2378 2550
f 2374 2375 2550
f 2550 2370 2371
f 2550 2368 2369
f 2335 2336 2068
f 2329 2330 2068
f 2068 2324 2325
f 2321 2322 2068
f 2068 2314 2315
f 2067 2308 2309
f 2305 2306 2067
f 2307 2308 2067
f 2290 2291 2067
f 2067 2287 2288
f 2067 2285 2286
f 2067 2283 2284
f 2067 2281 2282
f 2279 2280 2067
f 2260 2261 2067
f 2261 2262 2067
f 2254 2255 2552
f 2552 2249 2250
f 2552 2238 2239
f 2550 2387 2388
f 2378 2379 2550
f 2371 2372 2550
f 2367 2368 2550
f 2330 2331 2068
f 2323 2324 2068
f 2315 2316 2068
f 2067 2310 2311
f 2067 2302 2303
f 2067 2299 2300
f 2067 2296 2297
f 2288 2289 2067
f 2284 2285 2067
f 2280 2281 2067
f 2552 2252 2253
f 2250 2251 2552
f 2552 2246 2247
f 2552 2244 2245
f 2552 2237 2238
f 2388 2552 2550
f 2380 2381 2550
f 2369 2370 2550
f 2331 2332 2068
f 2319 2320 2068
f 2068 2312 2313
f 2311 2068 2067
f 2303 2304 2067
f 2300 2301 2067
f 2301 2302 2067
f 2297 2298 2067
f 2298 2299 2067
f 2286 2287 2067
f 2251 2252 2552
f 2247 2248 2552
f 2552 2243 2244
f 2241 2242 2552
f 2386 2387 2550
f 2332 2333 2068
f 2313 2314 2068
f 2309 2310 2067
f 2067 2294 2295
f 2282 2283 2067
f 2552 2258 2259
f 2552 2256 2257
f 2248 2249 2552
f 2242 2243 2552
f 2552 2235 2236
f 2552 2389 2390
f 2375 2376 2550
f 2311 2312 2068
f 2295 2296 2067
f 2259 2067 2552
f 2255 2256 2552
f 2236 2237 2552
f 2552 2234 2233
f 2388 2389 2552
f 2257 2258 2552
f 2233 2235 2552
f 2327 2328 2068
f 2245 2246 2552
f 2074 2553 2552
f 2552 2067 2074
f 2555 2554 2553
f 2553 2074 2555
f 2390 2234 2552
f 2551 2554 2555
f 2548 2392 2073
f 2556 2557 2550
f 2557 2549 2550
f 2550 2552 2556
f 2556 2552 2553
f 2553 2558 2556
f 2558 2553 2554
f 2554 2559 2558
f 2554 2551 2559
f 2559 2551 2549
f 2549 2557 2559
f 2559 2557 2556
f 2556 2558 2559
