C                                                                       S      1
1H,,1H;,10HSolid Edge,8HAsm1.igs,27HBy Siemens PLM Incorporated,27HXPlusG      1
 GENERIC/IGES 27.1.215,32,38, 6,308,15,7HUnknown,1.000,2,2HMM,1,1.000,  G      2
15H20260818.104924,1.0e-05,0.00,6HAuthor,5HTitle,11,0,15H20260818.104924G      3
;                                                                       G      4
     314       1       0       1       0       0       0       000010001D      1
     314       1       0       1       0       0       0               0D      2
     128       2       0       1       0       0       0       000010001D      3
     128       1       0       5       0       0       0               0D      4
     126       7       0       1       0       0       0       000010501D      5
     126       1       0       2       0       0       0               0D      6
     126       9       0       1       0       0       0       000010501D      7
     126       1       0       2       0       0       0               0D      8
     126      11       0       1       0       0       0       000010501D      9
     126       1       0       2       0       0       0               0D     10
     126      13       0       1       0       0       0       000010501D     11
     126       1       0       2       0       0       0               0D     12
     102      15       0       1       0       0       0       000010501D     13
     102       1       0       1       0       0       0               0D     14
     126      16       0       1       0       0       0       000010001D     15
     126       1       0       3       0       0       0               0D     16
     126      19       0       1       0       0       0       000010001D     17
     126       1       0       3       0       0       0               0D     18
     126      22       0       1       0       0       0       000010001D     19
     126       1       0       4       0       0       0               0D     20
     126      26       0       1       0       0       0       000010001D     21
     126       1       0       3       0       0       0               0D     22
     102      29       0       1       0       0       0       000010001D     23
     102       1       0       1       0       0       0               0D     24
     142      30       0       1       0       0       0       000010001D     25
     142       1       0       1       0       0       0               0D     26
     144      31       0       1       0       0       0       000010001D     27
     144       1      -1       1       0       0       0               0D     28
     314      32       0       1       0       0       0       000010001D     29
     314       1       0       1       0       0       0               0D     30
     128      33       0       1       0       0       0       000010001D     31
     128       1       0       5       0       0       0               0D     32
     126      38       0       1       0       0       0       000010501D     33
     126       1       0       2       0       0       0               0D     34
     126      40       0       1       0       0       0       000010501D     35
     126       1       0       2       0       0       0               0D     36
     126      42       0       1       0       0       0       000010501D     37
     126       1       0       2       0       0       0               0D     38
     126      44       0       1       0       0       0       000010501D     39
     126       1       0       2       0       0       0               0D     40
     102      46       0       1       0       0       0       000010501D     41
     102       1       0       1       0       0       0               0D     42
     126      47       0       1       0       0       0       000010001D     43
     126       1       0       3       0       0       0               0D     44
     126      50       0       1       0       0       0       000010001D     45
     126       1       0       3       0       0       0               0D     46
     126      53       0       1       0       0       0       000010001D     47
     126       1       0       4       0       0       0               0D     48
     126      57       0       1       0       0       0       000010001D     49
     126       1       0       3       0       0       0               0D     50
     102      60       0       1       0       0       0       000010001D     51
     102       1       0       1       0       0       0               0D     52
     142      61       0       1       0       0       0       000010001D     53
     142       1       0       1       0       0       0               0D     54
     144      62       0       1       0       0       0       000010001D     55
     144       1     -29       1       0       0       0               0D     56
     314      63       0       1       0       0       0       000010001D     57
     314       1       0       1       0       0       0               0D     58
     128      64       0       1       0       0       0       000010001D     59
     128       1       0       5       0       0       0               0D     60
     126      69       0       1       0       0       0       000010501D     61
     126       1       0       2       0       0       0               0D     62
     126      71       0       1       0       0       0       000010501D     63
     126       1       0       2       0       0       0               0D     64
     126      73       0       1       0       0       0       000010501D     65
     126       1       0       2       0       0       0               0D     66
     126      75       0       1       0       0       0       000010501D     67
     126       1       0       2       0       0       0               0D     68
     102      77       0       1       0       0       0       000010501D     69
     102       1       0       1       0       0       0               0D     70
     126      78       0       1       0       0       0       000010001D     71
     126       1       0       3       0       0       0               0D     72
     126      81       0       1       0       0       0       000010001D     73
     126       1       0       3       0       0       0               0D     74
     126      84       0       1       0       0       0       000010001D     75
     126       1       0       4       0       0       0               0D     76
     126      88       0       1       0       0       0       000010001D     77
     126       1       0       3       0       0       0               0D     78
     102      91       0       1       0       0       0       000010001D     79
     102       1       0       1       0       0       0               0D     80
     142      92       0       1       0       0       0       000010001D     81
     142       1       0       1       0       0       0               0D     82
     144      93       0       1       0       0       0       000010001D     83
     144       1     -57       1       0       0       0               0D     84
     314      94       0       1       0       0       0       000010001D     85
     314       1       0       1       0       0       0               0D     86
     128      95       0       1       0       0       0       000010001D     87
     128       1       0       5       0       0       0               0D     88
     126     100       0       1       0       0       0       000010501D     89
     126       1       0       2       0       0       0               0D     90
     126     102       0       1       0       0       0       000010501D     91
     126       1       0       2       0       0       0               0D     92
     126     104       0       1       0       0       0       000010501D     93
     126       1       0       2       0       0       0               0D     94
     126     106       0       1       0       0       0       000010501D     95
     126       1       0       2       0       0       0               0D     96
     102     108       0       1       0       0       0       000010501D     97
     102       1       0       1       0       0       0               0D     98
     126     109       0       1       0       0       0       000010001D     99
     126       1       0       3       0       0       0               0D    100
     126     112       0       1       0       0       0       000010001D    101
     126       1       0       3       0       0       0               0D    102
     126     115       0       1       0       0       0       000010001D    103
     126       1       0       4       0       0       0               0D    104
     126     119       0       1       0       0       0       000010001D    105
     126       1       0       3       0       0       0               0D    106
     102     122       0       1       0       0       0       000010001D    107
     102       1       0       1       0       0       0               0D    108
     142     123       0       1       0       0       0       000010001D    109
     142       1       0       1       0       0       0               0D    110
     144     124       0       1       0       0       0       000010001D    111
     144       1     -85       1       0       0       0               0D    112
     314     125       0       1       0       0       0       000010001D    113
     314       1       0       1       0       0       0               0D    114
     128     126       0       1       0       0       0       000010001D    115
     128       1       0       5       0       0       0               0D    116
     126     131       0       1       0       0       0       000010501D    117
     126       1       0       2       0       0       0               0D    118
     126     133       0       1       0       0       0       000010501D    119
     126       1       0       2       0       0       0               0D    120
     126     135       0       1       0       0       0       000010501D    121
     126       1       0       2       0       0       0               0D    122
     126     137       0       1       0       0       0       000010501D    123
     126       1       0       2       0       0       0               0D    124
     102     139       0       1       0       0       0       000010501D    125
     102       1       0       1       0       0       0               0D    126
     126     140       0       1       0       0       0       000010001D    127
     126       1       0       4       0       0       0               0D    128
     126     144       0       1       0       0       0       000010001D    129
     126       1       0       4       0       0       0               0D    130
     126     148       0       1       0       0       0       000010001D    131
     126       1       0       4       0       0       0               0D    132
     126     152       0       1       0       0       0       000010001D    133
     126       1       0       4       0       0       0               0D    134
     102     156       0       1       0       0       0       000010001D    135
     102       1       0       1       0       0       0               0D    136
     142     157       0       1       0       0       0       000010001D    137
     142       1       0       1       0       0       0               0D    138
     126     158       0       1       0       0       0       000010501D    139
     126       1       0      69       0       0       0               0D    140
     102     227       0       1       0       0       0       000010501D    141
     102       1       0       1       0       0       0               0D    142
     126     228       0       1       0       0       0       000010001D    143
     126       1       0      12       0       0       0               0D    144
     102     240       0       1       0       0       0       000010001D    145
     102       1       0       1       0       0       0               0D    146
     142     241       0       1       0       0       0       000010001D    147
     142       1       0       1       0       0       0               0D    148
     126     242       0       1       0       0       0       000010501D    149
     126       1       0      69       0       0       0               0D    150
     102     311       0       1       0       0       0       000010501D    151
     102       1       0       1       0       0       0               0D    152
     126     312       0       1       0       0       0       000010001D    153
     126       1       0      12       0       0       0               0D    154
     102     324       0       1       0       0       0       000010001D    155
     102       1       0       1       0       0       0               0D    156
     142     325       0       1       0       0       0       000010001D    157
     142       1       0       1       0       0       0               0D    158
     126     326       0       1       0       0       0       000010501D    159
     126       1       0      69       0       0       0               0D    160
     102     395       0       1       0       0       0       000010501D    161
     102       1       0       1       0       0       0               0D    162
     126     396       0       1       0       0       0       000010001D    163
     126       1       0      12       0       0       0               0D    164
     102     408       0       1       0       0       0       000010001D    165
     102       1       0       1       0       0       0               0D    166
     142     409       0       1       0       0       0       000010001D    167
     142       1       0       1       0       0       0               0D    168
     126     410       0       1       0       0       0       000010501D    169
     126       1       0      69       0       0       0               0D    170
     102     479       0       1       0       0       0       000010501D    171
     102       1       0       1       0       0       0               0D    172
     126     480       0       1       0       0       0       000010001D    173
     126       1       0      12       0       0       0               0D    174
     102     492       0       1       0       0       0       000010001D    175
     102       1       0       1       0       0       0               0D    176
     142     493       0       1       0       0       0       000010001D    177
     142       1       0       1       0       0       0               0D    178
     144     494       0       1       0       0       0       000010001D    179
     144       1    -113       1       0       0       0               0D    180
     314     495       0       1       0       0       0       000010001D    181
     314       1       0       1       0       0       0               0D    182
     128     496       0       1       0       0       0       000010001D    183
     128       1       0       4       0       0       0               0D    184
     126     500       0       1       0       0       0       000010501D    185
     126       1       0       2       0       0       0               0D    186
     126     502       0       1       0       0       0       000010501D    187
     126       1       0       2       0       0       0               0D    188
     126     504       0       1       0       0       0       000010501D    189
     126       1       0       2       0       0       0               0D    190
     126     506       0       1       0       0       0       000010501D    191
     126       1       0       2       0       0       0               0D    192
     102     508       0       1       0       0       0       000010501D    193
     102       1       0       1       0       0       0               0D    194
     126     509       0       1       0       0       0       000010001D    195
     126       1       0       3       0       0       0               0D    196
     126     512       0       1       0       0       0       000010001D    197
     126       1       0       3       0       0       0               0D    198
     126     515       0       1       0       0       0       000010001D    199
     126       1       0       3       0       0       0               0D    200
     126     518       0       1       0       0       0       000010001D    201
     126       1       0       3       0       0       0               0D    202
     102     521       0       1       0       0       0       000010001D    203
     102       1       0       1       0       0       0               0D    204
     142     522       0       1       0       0       0       000010001D    205
     142       1       0       1       0       0       0               0D    206
     126     523       0       1       0       0       0       000010501D    207
     126       1       0      71       0       0       0               0D    208
     102     594       0       1       0       0       0       000010501D    209
     102       1       0       1       0       0       0               0D    210
     126     595       0       1       0       0       0       000010001D    211
     126       1       0      11       0       0       0               0D    212
     102     606       0       1       0       0       0       000010001D    213
     102       1       0       1       0       0       0               0D    214
     142     607       0       1       0       0       0       000010001D    215
     142       1       0       1       0       0       0               0D    216
     126     608       0       1       0       0       0       000010501D    217
     126       1       0      71       0       0       0               0D    218
     102     679       0       1       0       0       0       000010501D    219
     102       1       0       1       0       0       0               0D    220
     126     680       0       1       0       0       0       000010001D    221
     126       1       0      11       0       0       0               0D    222
     102     691       0       1       0       0       0       000010001D    223
     102       1       0       1       0       0       0               0D    224
     142     692       0       1       0       0       0       000010001D    225
     142       1       0       1       0       0       0               0D    226
     126     693       0       1       0       0       0       000010501D    227
     126       1       0      71       0       0       0               0D    228
     102     764       0       1       0       0       0       000010501D    229
     102       1       0       1       0       0       0               0D    230
     126     765       0       1       0       0       0       000010001D    231
     126       1       0      11       0       0       0               0D    232
     102     776       0       1       0       0       0       000010001D    233
     102       1       0       1       0       0       0               0D    234
     142     777       0       1       0       0       0       000010001D    235
     142       1       0       1       0       0       0               0D    236
     126     778       0       1       0       0       0       000010501D    237
     126       1       0      71       0       0       0               0D    238
     102     849       0       1       0       0       0       000010501D    239
     102       1       0       1       0       0       0               0D    240
     126     850       0       1       0       0       0       000010001D    241
     126       1       0      11       0       0       0               0D    242
     102     861       0       1       0       0       0       000010001D    243
     102       1       0       1       0       0       0               0D    244
     142     862       0       1       0       0       0       000010001D    245
     142       1       0       1       0       0       0               0D    246
     144     863       0       1       0       0       0       000010001D    247
     144       1    -181       1       0       0       0               0D    248
     314     864       0       1       0       0       0       000010001D    249
     314       1       0       1       0       0       0               0D    250
     128     865       0       1       0       0       0       000010001D    251
     128       1       0      16       0       0       0               0D    252
     126     881       0       1       0       0       0       000010501D    253
     126       1       0       3       0       0       0               0D    254
     126     884       0       1       0       0       0       000010501D    255
     126       1       0       2       0       0       0               0D    256
     126     886       0       1       0       0       0       000010501D    257
     126       1       0       4       0       0       0               0D    258
     126     890       0       1       0       0       0       000010501D    259
     126       1       0       2       0       0       0               0D    260
     126     892       0       1       0       0       0       000010501D    261
     126       1       0       2       0       0       0               0D    262
     126     894       0       1       0       0       0       000010501D    263
     126       1       0       2       0       0       0               0D    264
     126     896       0       1       0       0       0       000010501D    265
     126       1       0       3       0       0       0               0D    266
     126     899       0       1       0       0       0       000010501D    267
     126       1       0       2       0       0       0               0D    268
     102     901       0       1       0       0       0       000010501D    269
     102       1       0       1       0       0       0               0D    270
     126     902       0       1       0       0       0       000010001D    271
     126       1       0      11       0       0       0               0D    272
     126     913       0       1       0       0       0       000010001D    273
     126       1       0       4       0       0       0               0D    274
     126     917       0       1       0       0       0       000010001D    275
     126       1       0      12       0       0       0               0D    276
     126     929       0       1       0       0       0       000010001D    277
     126       1       0       4       0       0       0               0D    278
     102     933       0       1       0       0       0       000010001D    279
     102       1       0       1       0       0       0               0D    280
     142     934       0       1       0       0       0       000010001D    281
     142       1       0       1       0       0       0               0D    282
     144     935       0       1       0       0       0       000010001D    283
     144       1    -249       1       0       0       0               0D    284
     314     936       0       1       0       0       0       000010001D    285
     314       1       0       1       0       0       0               0D    286
     128     937       0       1       0       0       0       000010001D    287
     128       1       0      16       0       0       0               0D    288
     126     953       0       1       0       0       0       000010501D    289
     126       1       0       3       0       0       0               0D    290
     126     956       0       1       0       0       0       000010501D    291
     126       1       0       2       0       0       0               0D    292
     126     958       0       1       0       0       0       000010501D    293
     126       1       0       4       0       0       0               0D    294
     126     962       0       1       0       0       0       000010501D    295
     126       1       0       2       0       0       0               0D    296
     126     964       0       1       0       0       0       000010501D    297
     126       1       0       2       0       0       0               0D    298
     126     966       0       1       0       0       0       000010501D    299
     126       1       0       2       0       0       0               0D    300
     126     968       0       1       0       0       0       000010501D    301
     126       1       0       3       0       0       0               0D    302
     126     971       0       1       0       0       0       000010501D    303
     126       1       0       2       0       0       0               0D    304
     102     973       0       1       0       0       0       000010501D    305
     102       1       0       1       0       0       0               0D    306
     126     974       0       1       0       0       0       000010001D    307
     126       1       0      11       0       0       0               0D    308
     126     985       0       1       0       0       0       000010001D    309
     126       1       0       4       0       0       0               0D    310
     126     989       0       1       0       0       0       000010001D    311
     126       1       0      12       0       0       0               0D    312
     126    1001       0       1       0       0       0       000010001D    313
     126       1       0       4       0       0       0               0D    314
     102    1005       0       1       0       0       0       000010001D    315
     102       1       0       1       0       0       0               0D    316
     142    1006       0       1       0       0       0       000010001D    317
     142       1       0       1       0       0       0               0D    318
     144    1007       0       1       0       0       0       000010001D    319
     144       1    -285       1       0       0       0               0D    320
     314    1008       0       1       0       0       0       000010001D    321
     314       1       0       1       0       0       0               0D    322
     128    1009       0       1       0       0       0       000010001D    323
     128       1       0      16       0       0       0               0D    324
     126    1025       0       1       0       0       0       000010501D    325
     126       1       0       3       0       0       0               0D    326
     126    1028       0       1       0       0       0       000010501D    327
     126       1       0       2       0       0       0               0D    328
     126    1030       0       1       0       0       0       000010501D    329
     126       1       0       4       0       0       0               0D    330
     126    1034       0       1       0       0       0       000010501D    331
     126       1       0       2       0       0       0               0D    332
     126    1036       0       1       0       0       0       000010501D    333
     126       1       0       2       0       0       0               0D    334
     126    1038       0       1       0       0       0       000010501D    335
     126       1       0       2       0       0       0               0D    336
     126    1040       0       1       0       0       0       000010501D    337
     126       1       0       3       0       0       0               0D    338
     126    1043       0       1       0       0       0       000010501D    339
     126       1       0       2       0       0       0               0D    340
     102    1045       0       1       0       0       0       000010501D    341
     102       1       0       1       0       0       0               0D    342
     126    1046       0       1       0       0       0       000010001D    343
     126       1       0      11       0       0       0               0D    344
     126    1057       0       1       0       0       0       000010001D    345
     126       1       0       4       0       0       0               0D    346
     126    1061       0       1       0       0       0       000010001D    347
     126       1       0      12       0       0       0               0D    348
     126    1073       0       1       0       0       0       000010001D    349
     126       1       0       4       0       0       0               0D    350
     102    1077       0       1       0       0       0       000010001D    351
     102       1       0       1       0       0       0               0D    352
     142    1078       0       1       0       0       0       000010001D    353
     142       1       0       1       0       0       0               0D    354
     144    1079       0       1       0       0       0       000010001D    355
     144       1    -321       1       0       0       0               0D    356
     314    1080       0       1       0       0       0       000010001D    357
     314       1       0       1       0       0       0               0D    358
     128    1081       0       1       0       0       0       000010001D    359
     128       1       0      16       0       0       0               0D    360
     126    1097       0       1       0       0       0       000010501D    361
     126       1       0       3       0       0       0               0D    362
     126    1100       0       1       0       0       0       000010501D    363
     126       1       0       2       0       0       0               0D    364
     126    1102       0       1       0       0       0       000010501D    365
     126       1       0       4       0       0       0               0D    366
     126    1106       0       1       0       0       0       000010501D    367
     126       1       0       2       0       0       0               0D    368
     126    1108       0       1       0       0       0       000010501D    369
     126       1       0       2       0       0       0               0D    370
     126    1110       0       1       0       0       0       000010501D    371
     126       1       0       2       0       0       0               0D    372
     126    1112       0       1       0       0       0       000010501D    373
     126       1       0       3       0       0       0               0D    374
     126    1115       0       1       0       0       0       000010501D    375
     126       1       0       2       0       0       0               0D    376
     102    1117       0       1       0       0       0       000010501D    377
     102       1       0       1       0       0       0               0D    378
     126    1118       0       1       0       0       0       000010001D    379
     126       1       0      11       0       0       0               0D    380
     126    1129       0       1       0       0       0       000010001D    381
     126       1       0       4       0       0       0               0D    382
     126    1133       0       1       0       0       0       000010001D    383
     126       1       0      12       0       0       0               0D    384
     126    1145       0       1       0       0       0       000010001D    385
     126       1       0       4       0       0       0               0D    386
     102    1149       0       1       0       0       0       000010001D    387
     102       1       0       1       0       0       0               0D    388
     142    1150       0       1       0       0       0       000010001D    389
     142       1       0       1       0       0       0               0D    390
     144    1151       0       1       0       0       0       000010001D    391
     144       1    -357       1       0       0       0               0D    392
     308    1152       0       1       0       0       0       000010001D    393
     308       1       0       1       0       0       0               0D    394
     408    1153       0       1       0       0       0       000010001D    395
     408       1       0       1       0       0       0               0D    396
     124    1154       0       1       0       0       0       000010001D    397
     124       1       0       2       0       0       0               0D    398
     314    1156       0       1       0       0       0       000010001D    399
     314       1       0       1       0       0       0               0D    400
     128    1157       0       1       0       0       0       000010001D    401
     128       1       0       5       0       0       0               0D    402
     126    1162       0       1       0       0       0       000010501D    403
     126       1       0       2       0       0       0               0D    404
     126    1164       0       1       0       0       0       000010501D    405
     126       1       0       2       0       0       0               0D    406
     126    1166       0       1       0       0       0       000010501D    407
     126       1       0       2       0       0       0               0D    408
     126    1168       0       1       0       0       0       000010501D    409
     126       1       0       2       0       0       0               0D    410
     102    1170       0       1       0       0       0       000010501D    411
     102       1       0       1       0       0       0               0D    412
     126    1171       0       1       0       0       0       000010001D    413
     126       1       0       4       0       0       0               0D    414
     126    1175       0       1       0       0       0       000010001D    415
     126       1       0       4       0       0       0               0D    416
     126    1179       0       1       0       0       0       000010001D    417
     126       1       0       4       0       0       0               0D    418
     126    1183       0       1       0       0       0       000010001D    419
     126       1       0       4       0       0       0               0D    420
     102    1187       0       1       0       0       0       000010001D    421
     102       1       0       1       0       0       0               0D    422
     142    1188       0       1       0       0       0       000010001D    423
     142       1       0       1       0       0       0               0D    424
     126    1189       0       1       0       0       0       000010501D    425
     126       1       0      69       0       0       0               0D    426
     102    1258       0       1       0       0       0       000010501D    427
     102       1       0       1       0       0       0               0D    428
     126    1259       0       1       0       0       0       000010001D    429
     126       1       0      12       0       0       0               0D    430
     102    1271       0       1       0       0       0       000010001D    431
     102       1       0       1       0       0       0               0D    432
     142    1272       0       1       0       0       0       000010001D    433
     142       1       0       1       0       0       0               0D    434
     126    1273       0       1       0       0       0       000010501D    435
     126       1       0      69       0       0       0               0D    436
     102    1342       0       1       0       0       0       000010501D    437
     102       1       0       1       0       0       0               0D    438
     126    1343       0       1       0       0       0       000010001D    439
     126       1       0      12       0       0       0               0D    440
     102    1355       0       1       0       0       0       000010001D    441
     102       1       0       1       0       0       0               0D    442
     142    1356       0       1       0       0       0       000010001D    443
     142       1       0       1       0       0       0               0D    444
     126    1357       0       1       0       0       0       000010501D    445
     126       1       0      69       0       0       0               0D    446
     102    1426       0       1       0       0       0       000010501D    447
     102       1       0       1       0       0       0               0D    448
     126    1427       0       1       0       0       0       000010001D    449
     126       1       0      12       0       0       0               0D    450
     102    1439       0       1       0       0       0       000010001D    451
     102       1       0       1       0       0       0               0D    452
     142    1440       0       1       0       0       0       000010001D    453
     142       1       0       1       0       0       0               0D    454
     126    1441       0       1       0       0       0       000010501D    455
     126       1       0      69       0       0       0               0D    456
     102    1510       0       1       0       0       0       000010501D    457
     102       1       0       1       0       0       0               0D    458
     126    1511       0       1       0       0       0       000010001D    459
     126       1       0      12       0       0       0               0D    460
     102    1523       0       1       0       0       0       000010001D    461
     102       1       0       1       0       0       0               0D    462
     142    1524       0       1       0       0       0       000010001D    463
     142       1       0       1       0       0       0               0D    464
     126    1525       0       1       0       0       0       000010501D    465
     126       1       0       3       0       0       0               0D    466
     126    1528       0       1       0       0       0       000010501D    467
     126       1       0       3       0       0       0               0D    468
     126    1531       0       1       0       0       0       000010501D    469
     126       1       0       3       0       0       0               0D    470
     126    1534       0       1       0       0       0       000010501D    471
     126       1       0       3       0       0       0               0D    472
     102    1537       0       1       0       0       0       000010501D    473
     102       1       0       1       0       0       0               0D    474
     126    1538       0       1       0       0       0       000010001D    475
     126       1       0       4       0       0       0               0D    476
     126    1542       0       1       0       0       0       000010001D    477
     126       1       0       4       0       0       0               0D    478
     126    1546       0       1       0       0       0       000010001D    479
     126       1       0       4       0       0       0               0D    480
     126    1550       0       1       0       0       0       000010001D    481
     126       1       0       4       0       0       0               0D    482
     102    1554       0       1       0       0       0       000010001D    483
     102       1       0       1       0       0       0               0D    484
     142    1555       0       1       0       0       0       000010001D    485
     142       1       0       1       0       0       0               0D    486
     144    1556       0       1       0       0       0       000010001D    487
     144       1    -399       1       0       0       0               0D    488
     314    1557       0       1       0       0       0       000010001D    489
     314       1       0       1       0       0       0               0D    490
     128    1558       0       1       0       0       0       000010001D    491
     128       1       0       5       0       0       0               0D    492
     126    1563       0       1       0       0       0       000010501D    493
     126       1       0       2       0       0       0               0D    494
     126    1565       0       1       0       0       0       000010501D    495
     126       1       0       2       0       0       0               0D    496
     126    1567       0       1       0       0       0       000010501D    497
     126       1       0       2       0       0       0               0D    498
     126    1569       0       1       0       0       0       000010501D    499
     126       1       0       2       0       0       0               0D    500
     102    1571       0       1       0       0       0       000010501D    501
     102       1       0       1       0       0       0               0D    502
     126    1572       0       1       0       0       0       000010001D    503
     126       1       0       3       0       0       0               0D    504
     126    1575       0       1       0       0       0       000010001D    505
     126       1       0       3       0       0       0               0D    506
     126    1578       0       1       0       0       0       000010001D    507
     126       1       0       4       0       0       0               0D    508
     126    1582       0       1       0       0       0       000010001D    509
     126       1       0       3       0       0       0               0D    510
     102    1585       0       1       0       0       0       000010001D    511
     102       1       0       1       0       0       0               0D    512
     142    1586       0       1       0       0       0       000010001D    513
     142       1       0       1       0       0       0               0D    514
     144    1587       0       1       0       0       0       000010001D    515
     144       1    -489       1       0       0       0               0D    516
     314    1588       0       1       0       0       0       000010001D    517
     314       1       0       1       0       0       0               0D    518
     128    1589       0       1       0       0       0       000010001D    519
     128       1       0       5       0       0       0               0D    520
     126    1594       0       1       0       0       0       000010501D    521
     126       1       0       2       0       0       0               0D    522
     126    1596       0       1       0       0       0       000010501D    523
     126       1       0       2       0       0       0               0D    524
     126    1598       0       1       0       0       0       000010501D    525
     126       1       0       2       0       0       0               0D    526
     126    1600       0       1       0       0       0       000010501D    527
     126       1       0       2       0       0       0               0D    528
     102    1602       0       1       0       0       0       000010501D    529
     102       1       0       1       0       0       0               0D    530
     126    1603       0       1       0       0       0       000010001D    531
     126       1       0       3       0       0       0               0D    532
     126    1606       0       1       0       0       0       000010001D    533
     126       1       0       3       0       0       0               0D    534
     126    1609       0       1       0       0       0       000010001D    535
     126       1       0       4       0       0       0               0D    536
     126    1613       0       1       0       0       0       000010001D    537
     126       1       0       3       0       0       0               0D    538
     102    1616       0       1       0       0       0       000010001D    539
     102       1       0       1       0       0       0               0D    540
     142    1617       0       1       0       0       0       000010001D    541
     142       1       0       1       0       0       0               0D    542
     144    1618       0       1       0       0       0       000010001D    543
     144       1    -517       1       0       0       0               0D    544
     314    1619       0       1       0       0       0       000010001D    545
     314       1       0       1       0       0       0               0D    546
     128    1620       0       1       0       0       0       000010001D    547
     128       1       0       5       0       0       0               0D    548
     126    1625       0       1       0       0       0       000010501D    549
     126       1       0       2       0       0       0               0D    550
     126    1627       0       1       0       0       0       000010501D    551
     126       1       0       2       0       0       0               0D    552
     126    1629       0       1       0       0       0       000010501D    553
     126       1       0       2       0       0       0               0D    554
     126    1631       0       1       0       0       0       000010501D    555
     126       1       0       2       0       0       0               0D    556
     102    1633       0       1       0       0       0       000010501D    557
     102       1       0       1       0       0       0               0D    558
     126    1634       0       1       0       0       0       000010001D    559
     126       1       0       3       0       0       0               0D    560
     126    1637       0       1       0       0       0       000010001D    561
     126       1       0       3       0       0       0               0D    562
     126    1640       0       1       0       0       0       000010001D    563
     126       1       0       4       0       0       0               0D    564
     126    1644       0       1       0       0       0       000010001D    565
     126       1       0       3       0       0       0               0D    566
     102    1647       0       1       0       0       0       000010001D    567
     102       1       0       1       0       0       0               0D    568
     142    1648       0       1       0       0       0       000010001D    569
     142       1       0       1       0       0       0               0D    570
     144    1649       0       1       0       0       0       000010001D    571
     144       1    -545       1       0       0       0               0D    572
     314    1650       0       1       0       0       0       000010001D    573
     314       1       0       1       0       0       0               0D    574
     128    1651       0       1       0       0       0       000010001D    575
     128       1       0       5       0       0       0               0D    576
     126    1656       0       1       0       0       0       000010501D    577
     126       1       0       2       0       0       0               0D    578
     126    1658       0       1       0       0       0       000010501D    579
     126       1       0       2       0       0       0               0D    580
     126    1660       0       1       0       0       0       000010501D    581
     126       1       0       2       0       0       0               0D    582
     126    1662       0       1       0       0       0       000010501D    583
     126       1       0       2       0       0       0               0D    584
     102    1664       0       1       0       0       0       000010501D    585
     102       1       0       1       0       0       0               0D    586
     126    1665       0       1       0       0       0       000010001D    587
     126       1       0       3       0       0       0               0D    588
     126    1668       0       1       0       0       0       000010001D    589
     126       1       0       3       0       0       0               0D    590
     126    1671       0       1       0       0       0       000010001D    591
     126       1       0       4       0       0       0               0D    592
     126    1675       0       1       0       0       0       000010001D    593
     126       1       0       3       0       0       0               0D    594
     102    1678       0       1       0       0       0       000010001D    595
     102       1       0       1       0       0       0               0D    596
     142    1679       0       1       0       0       0       000010001D    597
     142       1       0       1       0       0       0               0D    598
     144    1680       0       1       0       0       0       000010001D    599
     144       1    -573       1       0       0       0               0D    600
     314    1681       0       1       0       0       0       000010001D    601
     314       1       0       1       0       0       0               0D    602
     128    1682       0       1       0       0       0       000010001D    603
     128       1       0       4       0       0       0               0D    604
     126    1686       0       1       0       0       0       000010501D    605
     126       1       0       2       0       0       0               0D    606
     126    1688       0       1       0       0       0       000010501D    607
     126       1       0       2       0       0       0               0D    608
     126    1690       0       1       0       0       0       000010501D    609
     126       1       0       2       0       0       0               0D    610
     126    1692       0       1       0       0       0       000010501D    611
     126       1       0       2       0       0       0               0D    612
     102    1694       0       1       0       0       0       000010501D    613
     102       1       0       1       0       0       0               0D    614
     126    1695       0       1       0       0       0       000010001D    615
     126       1       0       3       0       0       0               0D    616
     126    1698       0       1       0       0       0       000010001D    617
     126       1       0       3       0       0       0               0D    618
     126    1701       0       1       0       0       0       000010001D    619
     126       1       0       3       0       0       0               0D    620
     126    1704       0       1       0       0       0       000010001D    621
     126       1       0       3       0       0       0               0D    622
     102    1707       0       1       0       0       0       000010001D    623
     102       1       0       1       0       0       0               0D    624
     142    1708       0       1       0       0       0       000010001D    625
     142       1       0       1       0       0       0               0D    626
     126    1709       0       1       0       0       0       000010501D    627
     126       1       0      71       0       0       0               0D    628
     102    1780       0       1       0       0       0       000010501D    629
     102       1       0       1       0       0       0               0D    630
     126    1781       0       1       0       0       0       000010001D    631
     126       1       0      11       0       0       0               0D    632
     102    1792       0       1       0       0       0       000010001D    633
     102       1       0       1       0       0       0               0D    634
     142    1793       0       1       0       0       0       000010001D    635
     142       1       0       1       0       0       0               0D    636
     126    1794       0       1       0       0       0       000010501D    637
     126       1       0      71       0       0       0               0D    638
     102    1865       0       1       0       0       0       000010501D    639
     102       1       0       1       0       0       0               0D    640
     126    1866       0       1       0       0       0       000010001D    641
     126       1       0      11       0       0       0               0D    642
     102    1877       0       1       0       0       0       000010001D    643
     102       1       0       1       0       0       0               0D    644
     142    1878       0       1       0       0       0       000010001D    645
     142       1       0       1       0       0       0               0D    646
     126    1879       0       1       0       0       0       000010501D    647
     126       1       0      71       0       0       0               0D    648
     102    1950       0       1       0       0       0       000010501D    649
     102       1       0       1       0       0       0               0D    650
     126    1951       0       1       0       0       0       000010001D    651
     126       1       0      11       0       0       0               0D    652
     102    1962       0       1       0       0       0       000010001D    653
     102       1       0       1       0       0       0               0D    654
     142    1963       0       1       0       0       0       000010001D    655
     142       1       0       1       0       0       0               0D    656
     126    1964       0       1       0       0       0       000010501D    657
     126       1       0      71       0       0       0               0D    658
     102    2035       0       1       0       0       0       000010501D    659
     102       1       0       1       0       0       0               0D    660
     126    2036       0       1       0       0       0       000010001D    661
     126       1       0      11       0       0       0               0D    662
     102    2047       0       1       0       0       0       000010001D    663
     102       1       0       1       0       0       0               0D    664
     142    2048       0       1       0       0       0       000010001D    665
     142       1       0       1       0       0       0               0D    666
     144    2049       0       1       0       0       0       000010001D    667
     144       1    -601       1       0       0       0               0D    668
     314    2050       0       1       0       0       0       000010001D    669
     314       1       0       1       0       0       0               0D    670
     128    2051       0       1       0       0       0       000010001D    671
     128       1       0      16       0       0       0               0D    672
     126    2067       0       1       0       0       0       000010501D    673
     126       1       0       3       0       0       0               0D    674
     126    2070       0       1       0       0       0       000010501D    675
     126       1       0       2       0       0       0               0D    676
     126    2072       0       1       0       0       0       000010501D    677
     126       1       0       4       0       0       0               0D    678
     126    2076       0       1       0       0       0       000010501D    679
     126       1       0       2       0       0       0               0D    680
     126    2078       0       1       0       0       0       000010501D    681
     126       1       0       2       0       0       0               0D    682
     126    2080       0       1       0       0       0       000010501D    683
     126       1       0       2       0       0       0               0D    684
     126    2082       0       1       0       0       0       000010501D    685
     126       1       0       3       0       0       0               0D    686
     126    2085       0       1       0       0       0       000010501D    687
     126       1       0       2       0       0       0               0D    688
     102    2087       0       1       0       0       0       000010501D    689
     102       1       0       1       0       0       0               0D    690
     126    2088       0       1       0       0       0       000010001D    691
     126       1       0      11       0       0       0               0D    692
     126    2099       0       1       0       0       0       000010001D    693
     126       1       0       4       0       0       0               0D    694
     126    2103       0       1       0       0       0       000010001D    695
     126       1       0      12       0       0       0               0D    696
     126    2115       0       1       0       0       0       000010001D    697
     126       1       0       4       0       0       0               0D    698
     102    2119       0       1       0       0       0       000010001D    699
     102       1       0       1       0       0       0               0D    700
     142    2120       0       1       0       0       0       000010001D    701
     142       1       0       1       0       0       0               0D    702
     144    2121       0       1       0       0       0       000010001D    703
     144       1    -669       1       0       0       0               0D    704
     314    2122       0       1       0       0       0       000010001D    705
     314       1       0       1       0       0       0               0D    706
     128    2123       0       1       0       0       0       000010001D    707
     128       1       0      16       0       0       0               0D    708
     126    2139       0       1       0       0       0       000010501D    709
     126       1       0       3       0       0       0               0D    710
     126    2142       0       1       0       0       0       000010501D    711
     126       1       0       2       0       0       0               0D    712
     126    2144       0       1       0       0       0       000010501D    713
     126       1       0       4       0       0       0               0D    714
     126    2148       0       1       0       0       0       000010501D    715
     126       1       0       2       0       0       0               0D    716
     126    2150       0       1       0       0       0       000010501D    717
     126       1       0       2       0       0       0               0D    718
     126    2152       0       1       0       0       0       000010501D    719
     126       1       0       2       0       0       0               0D    720
     126    2154       0       1       0       0       0       000010501D    721
     126       1       0       3       0       0       0               0D    722
     126    2157       0       1       0       0       0       000010501D    723
     126       1       0       2       0       0       0               0D    724
     102    2159       0       1       0       0       0       000010501D    725
     102       1       0       1       0       0       0               0D    726
     126    2160       0       1       0       0       0       000010001D    727
     126       1       0      11       0       0       0               0D    728
     126    2171       0       1       0       0       0       000010001D    729
     126       1       0       4       0       0       0               0D    730
     126    2175       0       1       0       0       0       000010001D    731
     126       1       0      12       0       0       0               0D    732
     126    2187       0       1       0       0       0       000010001D    733
     126       1       0       4       0       0       0               0D    734
     102    2191       0       1       0       0       0       000010001D    735
     102       1       0       1       0       0       0               0D    736
     142    2192       0       1       0       0       0       000010001D    737
     142       1       0       1       0       0       0               0D    738
     144    2193       0       1       0       0       0       000010001D    739
     144       1    -705       1       0       0       0               0D    740
     314    2194       0       1       0       0       0       000010001D    741
     314       1       0       1       0       0       0               0D    742
     128    2195       0       1       0       0       0       000010001D    743
     128       1       0      16       0       0       0               0D    744
     126    2211       0       1       0       0       0       000010501D    745
     126       1       0       3       0       0       0               0D    746
     126    2214       0       1       0       0       0       000010501D    747
     126       1       0       2       0       0       0               0D    748
     126    2216       0       1       0       0       0       000010501D    749
     126       1       0       4       0       0       0               0D    750
     126    2220       0       1       0       0       0       000010501D    751
     126       1       0       2       0       0       0               0D    752
     126    2222       0       1       0       0       0       000010501D    753
     126       1       0       2       0       0       0               0D    754
     126    2224       0       1       0       0       0       000010501D    755
     126       1       0       2       0       0       0               0D    756
     126    2226       0       1       0       0       0       000010501D    757
     126       1       0       3       0       0       0               0D    758
     126    2229       0       1       0       0       0       000010501D    759
     126       1       0       2       0       0       0               0D    760
     102    2231       0       1       0       0       0       000010501D    761
     102       1       0       1       0       0       0               0D    762
     126    2232       0       1       0       0       0       000010001D    763
     126       1       0      11       0       0       0               0D    764
     126    2243       0       1       0       0       0       000010001D    765
     126       1       0       4       0       0       0               0D    766
     126    2247       0       1       0       0       0       000010001D    767
     126       1       0      12       0       0       0               0D    768
     126    2259       0       1       0       0       0       000010001D    769
     126       1       0       4       0       0       0               0D    770
     102    2263       0       1       0       0       0       000010001D    771
     102       1       0       1       0       0       0               0D    772
     142    2264       0       1       0       0       0       000010001D    773
     142       1       0       1       0       0       0               0D    774
     144    2265       0       1       0       0       0       000010001D    775
     144       1    -741       1       0       0       0               0D    776
     314    2266       0       1       0       0       0       000010001D    777
     314       1       0       1       0       0       0               0D    778
     128    2267       0       1       0       0       0       000010001D    779
     128       1       0      16       0       0       0               0D    780
     126    2283       0       1       0       0       0       000010501D    781
     126       1       0       3       0       0       0               0D    782
     126    2286       0       1       0       0       0       000010501D    783
     126       1       0       2       0       0       0               0D    784
     126    2288       0       1       0       0       0       000010501D    785
     126       1       0       4       0       0       0               0D    786
     126    2292       0       1       0       0       0       000010501D    787
     126       1       0       2       0       0       0               0D    788
     126    2294       0       1       0       0       0       000010501D    789
     126       1       0       2       0       0       0               0D    790
     126    2296       0       1       0       0       0       000010501D    791
     126       1       0       2       0       0       0               0D    792
     126    2298       0       1       0       0       0       000010501D    793
     126       1       0       3       0       0       0               0D    794
     126    2301       0       1       0       0       0       000010501D    795
     126       1       0       2       0       0       0               0D    796
     102    2303       0       1       0       0       0       000010501D    797
     102       1       0       1       0       0       0               0D    798
     126    2304       0       1       0       0       0       000010001D    799
     126       1       0      11       0       0       0               0D    800
     126    2315       0       1       0       0       0       000010001D    801
     126       1       0       4       0       0       0               0D    802
     126    2319       0       1       0       0       0       000010001D    803
     126       1       0      12       0       0       0               0D    804
     126    2331       0       1       0       0       0       000010001D    805
     126       1       0       4       0       0       0               0D    806
     102    2335       0       1       0       0       0       000010001D    807
     102       1       0       1       0       0       0               0D    808
     142    2336       0       1       0       0       0       000010001D    809
     142       1       0       1       0       0       0               0D    810
     144    2337       0       1       0       0       0       000010001D    811
     144       1    -777       1       0       0       0               0D    812
     314    2338       0       1       0       0       0       000010001D    813
     314       1       0       1       0       0       0               0D    814
     128    2339       0       1       0       0       0       000010001D    815
     128       1       0       6       0       0       0               0D    816
     126    2345       0       1       0       0       0       000010501D    817
     126       1       0       2       0       0       0               0D    818
     126    2347       0       1       0       0       0       000010501D    819
     126       1       0       2       0       0       0               0D    820
     126    2349       0       1       0       0       0       000010501D    821
     126       1       0       2       0       0       0               0D    822
     126    2351       0       1       0       0       0       000010501D    823
     126       1       0       2       0       0       0               0D    824
     102    2353       0       1       0       0       0       000010501D    825
     102       1       0       1       0       0       0               0D    826
     126    2354       0       1       0       0       0       000010001D    827
     126       1       0       4       0       0       0               0D    828
     126    2358       0       1       0       0       0       000010001D    829
     126       1       0       4       0       0       0               0D    830
     126    2362       0       1       0       0       0       000010001D    831
     126       1       0       4       0       0       0               0D    832
     126    2366       0       1       0       0       0       000010001D    833
     126       1       0       4       0       0       0               0D    834
     102    2370       0       1       0       0       0       000010001D    835
     102       1       0       1       0       0       0               0D    836
     142    2371       0       1       0       0       0       000010001D    837
     142       1       0       1       0       0       0               0D    838
     144    2372       0       1       0       0       0       000010001D    839
     144       1    -813       1       0       0       0               0D    840
     314    2373       0       1       0       0       0       000010001D    841
     314       1       0       1       0       0       0               0D    842
     128    2374       0       1       0       0       0       000010001D    843
     128       1       0       6       0       0       0               0D    844
     126    2380       0       1       0       0       0       000010501D    845
     126       1       0       2       0       0       0               0D    846
     126    2382       0       1       0       0       0       000010501D    847
     126       1       0       2       0       0       0               0D    848
     126    2384       0       1       0       0       0       000010501D    849
     126       1       0       2       0       0       0               0D    850
     126    2386       0       1       0       0       0       000010501D    851
     126       1       0       2       0       0       0               0D    852
     102    2388       0       1       0       0       0       000010501D    853
     102       1       0       1       0       0       0               0D    854
     126    2389       0       1       0       0       0       000010001D    855
     126       1       0       4       0       0       0               0D    856
     126    2393       0       1       0       0       0       000010001D    857
     126       1       0       4       0       0       0               0D    858
     126    2397       0       1       0       0       0       000010001D    859
     126       1       0       4       0       0       0               0D    860
     126    2401       0       1       0       0       0       000010001D    861
     126       1       0       4       0       0       0               0D    862
     102    2405       0       1       0       0       0       000010001D    863
     102       1       0       1       0       0       0               0D    864
     142    2406       0       1       0       0       0       000010001D    865
     142       1       0       1       0       0       0               0D    866
     144    2407       0       1       0       0       0       000010001D    867
     144       1    -841       1       0       0       0               0D    868
     314    2408       0       1       0       0       0       000010001D    869
     314       1       0       1       0       0       0               0D    870
     128    2409       0       1       0       0       0       000010001D    871
     128       1       0       6       0       0       0               0D    872
     126    2415       0       1       0       0       0       000010501D    873
     126       1       0       2       0       0       0               0D    874
     126    2417       0       1       0       0       0       000010501D    875
     126       1       0       2       0       0       0               0D    876
     126    2419       0       1       0       0       0       000010501D    877
     126       1       0       2       0       0       0               0D    878
     126    2421       0       1       0       0       0       000010501D    879
     126       1       0       2       0       0       0               0D    880
     102    2423       0       1       0       0       0       000010501D    881
     102       1       0       1       0       0       0               0D    882
     126    2424       0       1       0       0       0       000010001D    883
     126       1       0       4       0       0       0               0D    884
     126    2428       0       1       0       0       0       000010001D    885
     126       1       0       4       0       0       0               0D    886
     126    2432       0       1       0       0       0       000010001D    887
     126       1       0       4       0       0       0               0D    888
     126    2436       0       1       0       0       0       000010001D    889
     126       1       0       4       0       0       0               0D    890
     102    2440       0       1       0       0       0       000010001D    891
     102       1       0       1       0       0       0               0D    892
     142    2441       0       1       0       0       0       000010001D    893
     142       1       0       1       0       0       0               0D    894
     144    2442       0       1       0       0       0       000010001D    895
     144       1    -869       1       0       0       0               0D    896
     314    2443       0       1       0       0       0       000010001D    897
     314       1       0       1       0       0       0               0D    898
     128    2444       0       1       0       0       0       000010001D    899
     128       1       0       6       0       0       0               0D    900
     126    2450       0       1       0       0       0       000010501D    901
     126       1       0       2       0       0       0               0D    902
     126    2452       0       1       0       0       0       000010501D    903
     126       1       0       2       0       0       0               0D    904
     126    2454       0       1       0       0       0       000010501D    905
     126       1       0       2       0       0       0               0D    906
     126    2456       0       1       0       0       0       000010501D    907
     126       1       0       2       0       0       0               0D    908
     102    2458       0       1       0       0       0       000010501D    909
     102       1       0       1       0       0       0               0D    910
     126    2459       0       1       0       0       0       000010001D    911
     126       1       0       4       0       0       0               0D    912
     126    2463       0       1       0       0       0       000010001D    913
     126       1       0       4       0       0       0               0D    914
     126    2467       0       1       0       0       0       000010001D    915
     126       1       0       4       0       0       0               0D    916
     126    2471       0       1       0       0       0       000010001D    917
     126       1       0       4       0       0       0               0D    918
     102    2475       0       1       0       0       0       000010001D    919
     102       1       0       1       0       0       0               0D    920
     142    2476       0       1       0       0       0       000010001D    921
     142       1       0       1       0       0       0               0D    922
     144    2477       0       1       0       0       0       000010001D    923
     144       1    -897       1       0       0       0               0D    924
     314    2478       0       1       0       0       0       000010001D    925
     314       1       0       1       0       0       0               0D    926
     128    2479       0       1       0       0       0       000010001D    927
     128       1       0       6       0       0       0               0D    928
     126    2485       0       1       0       0       0       000010501D    929
     126       1       0       2       0       0       0               0D    930
     126    2487       0       1       0       0       0       000010501D    931
     126       1       0       2       0       0       0               0D    932
     126    2489       0       1       0       0       0       000010501D    933
     126       1       0       2       0       0       0               0D    934
     126    2491       0       1       0       0       0       000010501D    935
     126       1       0       2       0       0       0               0D    936
     102    2493       0       1       0       0       0       000010501D    937
     102       1       0       1       0       0       0               0D    938
     126    2494       0       1       0       0       0       000010001D    939
     126       1       0       4       0       0       0               0D    940
     126    2498       0       1       0       0       0       000010001D    941
     126       1       0       4       0       0       0               0D    942
     126    2502       0       1       0       0       0       000010001D    943
     126       1       0       4       0       0       0               0D    944
     126    2506       0       1       0       0       0       000010001D    945
     126       1       0       4       0       0       0               0D    946
     102    2510       0       1       0       0       0       000010001D    947
     102       1       0       1       0       0       0               0D    948
     142    2511       0       1       0       0       0       000010001D    949
     142       1       0       1       0       0       0               0D    950
     144    2512       0       1       0       0       0       000010001D    951
     144       1    -925       1       0       0       0               0D    952
     308    2513       0       1       0       0       0       000010001D    953
     308       1       0       2       0       0       0               0D    954
     408    2515       0       1       0       0     397       000010001D    955
     408       1       0       1       0       0       0               0D    956
     308    2516       0       1       0       0       0       000010001D    957
     308       1       0       1       0       0       0               0D    958
     408    2517       0       1       0       0       0       000000001D    959
     408       1       0       1       0       0       0               0D    960
314,80.0000011920929,76.03306174278259,0.,10HMixedColor;               1P      1
128,1,1,1,1,0,0,1,0,0,0.,0.,1.,1.,0.,0.,1.,1.,1.,1.,1.,1.,             3P      2
-89.48759617337809,-62.9041719883625,0.,-89.48759617337809,            3P      3
-62.9041719883625,34.6272775025382,-89.48759617337809,                 3P      4
65.400615757933,0.,-89.48759617337809,65.400615757933,                 3P      5
34.6272775025382,0.,1.,0.,1.;                                          3P      6
126,1,1,1,0,1,0,-0.1283047877463,-0.1283047877463,0.,0.,1.,1.,         5P      7
0.,1.,0.,0.,0.,0.,-0.1283047877463,0.,0.,0.,1.;                        5P      8
126,1,1,1,0,1,0,-0.03462727750254,-0.03462727750254,0.,0.,1.,1.,       7P      9
0.,0.,0.,1.,0.,0.,-0.03462727750254,0.,0.,0.,1.;                       7P     10
126,1,1,1,0,1,0,0.,0.,0.1283047877463,0.1283047877463,1.,1.,1.,        9P     11
0.,0.,1.,1.,0.,0.,0.1283047877463,0.,0.,1.;                            9P     12
126,1,1,1,0,1,0,0.,0.,0.03462727750254,0.03462727750254,1.,1.,        11P     13
1.,1.,0.,0.,1.,0.,0.,0.03462727750254,0.,0.,1.;                       11P     14
102,4,5,7,9,11;                                                       13P     15
126,1,1,0,0,1,0,-0.1283047877463,-0.1283047877463,0.,0.,1.,1.,        15P     16
-89.48759617337809,65.400615757933,0.,-89.48759617337809,             15P     17
-62.9041719883625,0.,-0.1283047877463,0.;                             15P     18
126,1,1,0,0,1,0,-0.03462727750254,-0.03462727750254,0.,0.,1.,1.,      17P     19
-89.48759617337809,-62.9041719883625,0.,-89.48759617337809,           17P     20
-62.9041719883625,34.6272775025382,-0.03462727750254,0.;              17P     21
126,1,1,0,0,1,0,0.,0.,0.1283047877463,0.1283047877463,1.,1.,          19P     22
-89.48759617337809,-62.9041719883625,34.6272775025382,                19P     23
-89.48759617337809,65.400615757933,34.6272775025382,0.,               19P     24
0.1283047877463;                                                      19P     25
126,1,1,0,0,1,0,0.,0.,0.03462727750254,0.03462727750254,1.,1.,        21P     26
-89.48759617337809,65.400615757933,34.6272775025382,                  21P     27
-89.48759617337809,65.400615757933,0.,0.,0.03462727750254;            21P     28
102,4,15,17,19,21;                                                    23P     29
142,1,3,13,23,2;                                                      25P     30
144,3,1,0,25;                                                         27P     31
314,80.0000011920929,76.03306174278259,0.,10HMixedColor;              29P     32
128,1,1,1,1,0,0,1,0,0,0.,0.,1.,1.,0.,0.,1.,1.,1.,1.,1.,1.,            31P     33
-89.48759617337809,65.400615757933,0.,-89.48759617337809,             31P     34
65.400615757933,34.6272775025382,84.5520468077203,                    31P     35
65.400615757933,0.,84.5520468077203,65.400615757933,                  31P     36
34.6272775025382,0.,1.,0.,1.;                                         31P     37
126,1,1,1,0,1,0,-0.1740396429811,-0.1740396429811,0.,0.,1.,1.,        33P     38
0.,1.,0.,0.,0.,0.,-0.1740396429811,0.,0.,0.,1.;                       33P     39
126,1,1,1,0,1,0,-0.03462727750254,-0.03462727750254,0.,0.,1.,1.,      35P     40
0.,0.,0.,1.,0.,0.,-0.03462727750254,0.,0.,0.,1.;                      35P     41
126,1,1,1,0,1,0,0.,0.,0.1740396429811,0.1740396429811,1.,1.,1.,       37P     42
0.,0.,1.,1.,0.,0.,0.1740396429811,0.,0.,1.;                           37P     43
126,1,1,1,0,1,0,0.,0.,0.03462727750254,0.03462727750254,1.,1.,        39P     44
1.,1.,0.,0.,1.,0.,0.,0.03462727750254,0.,0.,1.;                       39P     45
102,4,33,35,37,39;                                                    41P     46
126,1,1,0,0,1,0,-0.1740396429811,-0.1740396429811,0.,0.,1.,1.,        43P     47
84.5520468077203,65.400615757933,0.,-89.48759617337809,               43P     48
65.400615757933,0.,-0.1740396429811,0.;                               43P     49
126,1,1,0,0,1,0,-0.03462727750254,-0.03462727750254,0.,0.,1.,1.,      45P     50
-89.48759617337809,65.400615757933,0.,-89.48759617337809,             45P     51
65.400615757933,34.6272775025382,-0.03462727750254,0.;                45P     52
126,1,1,0,0,1,0,0.,0.,0.1740396429811,0.1740396429811,1.,1.,          47P     53
-89.48759617337809,65.400615757933,34.6272775025382,                  47P     54
84.5520468077203,65.400615757933,34.6272775025382,0.,                 47P     55
0.1740396429811;                                                      47P     56
126,1,1,0,0,1,0,0.,0.,0.03462727750254,0.03462727750254,1.,1.,        49P     57
84.5520468077203,65.400615757933,34.6272775025382,                    49P     58
84.5520468077203,65.400615757933,0.,0.,0.03462727750254;              49P     59
102,4,43,45,47,49;                                                    51P     60
142,1,31,41,51,2;                                                     53P     61
144,31,1,0,53;                                                        55P     62
314,80.0000011920929,76.03306174278259,0.,10HMixedColor;              57P     63
128,1,1,1,1,0,0,1,0,0,0.,0.,1.,1.,0.,0.,1.,1.,1.,1.,1.,1.,            59P     64
84.5520468077203,-62.9041719883625,34.6272775025382,                  59P     65
84.5520468077203,-62.9041719883625,0.,84.5520468077203,               59P     66
65.400615757933,34.6272775025382,84.5520468077203,                    59P     67
65.400615757933,0.,0.,1.,0.,1.;                                       59P     68
126,1,1,1,0,1,0,-0.1283047877463,-0.1283047877463,0.,0.,1.,1.,        61P     69
1.,0.,0.,1.,1.,0.,-0.1283047877463,0.,0.,0.,1.;                       61P     70
126,1,1,1,0,1,0,-0.03462727750254,-0.03462727750254,0.,0.,1.,1.,      63P     71
1.,1.,0.,0.,1.,0.,-0.03462727750254,0.,0.,0.,1.;                      63P     72
126,1,1,1,0,1,0,0.,0.,0.1283047877463,0.1283047877463,1.,1.,0.,       65P     73
1.,0.,0.,0.,0.,0.,0.1283047877463,0.,0.,1.;                           65P     74
126,1,1,1,0,1,0,0.,0.,0.03462727750254,0.03462727750254,1.,1.,        67P     75
0.,0.,0.,1.,0.,0.,0.,0.03462727750254,0.,0.,1.;                       67P     76
102,4,61,63,65,67;                                                    69P     77
126,1,1,0,0,1,0,-0.1283047877463,-0.1283047877463,0.,0.,1.,1.,        71P     78
84.5520468077203,-62.9041719883625,0.,84.5520468077203,               71P     79
65.400615757933,0.,-0.1283047877463,0.;                               71P     80
126,1,1,0,0,1,0,-0.03462727750254,-0.03462727750254,0.,0.,1.,1.,      73P     81
84.5520468077203,65.400615757933,0.,84.5520468077203,                 73P     82
65.400615757933,34.6272775025382,-0.03462727750254,0.;                73P     83
126,1,1,0,0,1,0,0.,0.,0.1283047877463,0.1283047877463,1.,1.,          75P     84
84.5520468077203,65.400615757933,34.6272775025382,                    75P     85
84.5520468077203,-62.9041719883625,34.6272775025382,0.,               75P     86
0.1283047877463;                                                      75P     87
126,1,1,0,0,1,0,0.,0.,0.03462727750254,0.03462727750254,1.,1.,        77P     88
84.5520468077203,-62.9041719883625,34.6272775025382,                  77P     89
84.5520468077203,-62.9041719883625,0.,0.,0.03462727750254;            77P     90
102,4,71,73,75,77;                                                    79P     91
142,1,59,69,79,2;                                                     81P     92
144,59,1,0,81;                                                        83P     93
314,80.0000011920929,76.03306174278259,0.,10HMixedColor;              85P     94
128,1,1,1,1,0,0,1,0,0,0.,0.,1.,1.,0.,0.,1.,1.,1.,1.,1.,1.,            87P     95
-89.48759617337809,-62.9041719883625,34.6272775025382,                87P     96
-89.48759617337809,-62.9041719883625,0.,84.5520468077203,             87P     97
-62.9041719883625,34.6272775025382,84.5520468077203,                  87P     98
-62.9041719883625,0.,0.,1.,0.,1.;                                     87P     99
126,1,1,1,0,1,0,-0.1740396429811,-0.1740396429811,0.,0.,1.,1.,        89P    100
1.,0.,0.,1.,1.,0.,-0.1740396429811,0.,0.,0.,1.;                       89P    101
126,1,1,1,0,1,0,-0.03462727750254,-0.03462727750254,0.,0.,1.,1.,      91P    102
1.,1.,0.,0.,1.,0.,-0.03462727750254,0.,0.,0.,1.;                      91P    103
126,1,1,1,0,1,0,0.,0.,0.1740396429811,0.1740396429811,1.,1.,0.,       93P    104
1.,0.,0.,0.,0.,0.,0.1740396429811,0.,0.,1.;                           93P    105
126,1,1,1,0,1,0,0.,0.,0.03462727750254,0.03462727750254,1.,1.,        95P    106
0.,0.,0.,1.,0.,0.,0.,0.03462727750254,0.,0.,1.;                       95P    107
102,4,89,91,93,95;                                                    97P    108
126,1,1,0,0,1,0,-0.1740396429811,-0.1740396429811,0.,0.,1.,1.,        99P    109
-89.48759617337809,-62.9041719883625,0.,84.5520468077203,             99P    110
-62.9041719883625,0.,-0.1740396429811,0.;                             99P    111
126,1,1,0,0,1,0,-0.03462727750254,-0.03462727750254,0.,0.,1.,1.,     101P    112
84.5520468077203,-62.9041719883625,0.,84.5520468077203,              101P    113
-62.9041719883625,34.6272775025382,-0.03462727750254,0.;             101P    114
126,1,1,0,0,1,0,0.,0.,0.1740396429811,0.1740396429811,1.,1.,         103P    115
84.5520468077203,-62.9041719883625,34.6272775025382,                 103P    116
-89.48759617337809,-62.9041719883625,34.6272775025382,0.,            103P    117
0.1740396429811;                                                     103P    118
126,1,1,0,0,1,0,0.,0.,0.03462727750254,0.03462727750254,1.,1.,       105P    119
-89.48759617337809,-62.9041719883625,34.6272775025382,               105P    120
-89.48759617337809,-62.9041719883625,0.,0.,0.03462727750254;         105P    121
102,4,99,101,103,105;                                                107P    122
142,1,87,97,107,2;                                                   109P    123
144,87,1,0,109;                                                      111P    124
314,80.0000011920929,76.03306174278259,0.,10HMixedColor;             113P    125
128,1,1,1,1,0,0,1,0,0,-1.,-1.,0.,0.,0.,0.,1.,1.,1.,1.,1.,1.,         115P    126
-89.48759617337809,-62.9041719883625,34.6272775025382,               115P    127
84.5520468077203,-62.9041719883625,34.6272775025382,                 115P    128
-89.48759617337809,65.400615757933,34.6272775025382,                 115P    129
84.5520468077203,65.400615757933,34.6272775025382,-1.,0.,0.,1.;      115P    130
126,1,1,1,0,1,0,-0.1283047877463,-0.1283047877463,0.,0.,1.,1.,       117P    131
-1.,1.,0.,-1.,0.,0.,-0.1283047877463,0.,0.,0.,1.;                    117P    132
126,1,1,1,0,1,0,-0.1740396429811,-0.1740396429811,0.,0.,1.,1.,       119P    133
-1.,0.,0.,0.,0.,0.,-0.1740396429811,0.,0.,0.,1.;                     119P    134
126,1,1,1,0,1,0,-0.1283047877463,-0.1283047877463,0.,0.,1.,1.,       121P    135
0.,0.,0.,0.,1.,0.,-0.1283047877463,0.,0.,0.,1.;                      121P    136
126,1,1,1,0,1,0,-0.1740396429811,-0.1740396429811,0.,0.,1.,1.,       123P    137
0.,1.,0.,-1.,1.,0.,-0.1740396429811,0.,0.,0.,1.;                     123P    138
102,4,117,119,121,123;                                               125P    139
126,1,1,0,0,1,0,-0.1283047877463,-0.1283047877463,0.,0.,1.,1.,       127P    140
-89.48759617337809,65.400615757933,34.6272775025382,                 127P    141
-89.48759617337809,-62.9041719883625,34.6272775025382,               127P    142
-0.1283047877463,0.;                                                 127P    143
126,1,1,0,0,1,0,-0.1740396429811,-0.1740396429811,0.,0.,1.,1.,       129P    144
-89.48759617337809,-62.9041719883625,34.6272775025382,               129P    145
84.5520468077203,-62.9041719883625,34.6272775025382,                 129P    146
-0.1740396429811,0.;                                                 129P    147
126,1,1,0,0,1,0,-0.1283047877463,-0.1283047877463,0.,0.,1.,1.,       131P    148
84.5520468077203,-62.9041719883625,34.6272775025382,                 131P    149
84.5520468077203,65.400615757933,34.6272775025382,                   131P    150
-0.1283047877463,0.;                                                 131P    151
126,1,1,0,0,1,0,-0.1740396429811,-0.1740396429811,0.,0.,1.,1.,       133P    152
84.5520468077203,65.400615757933,34.6272775025382,                   133P    153
-89.48759617337809,65.400615757933,34.6272775025382,                 133P    154
-0.1740396429811,0.;                                                 133P    155
102,4,127,129,131,133;                                               135P    156
142,1,115,125,135,2;                                                 137P    157
126,64,2,1,1,1,1,-6.28318530717959,-6.28318530717959,                139P    158
-6.28318530717959,-6.08683576633022,-6.08683576633022,               139P    159
-5.89048622548086,-5.89048622548086,-5.6941366846315,                139P    160
-5.6941366846315,-5.49778714378214,-5.49778714378214,                139P    161
-5.30143760293278,-5.30143760293278,-5.10508806208341,               139P    162
-5.10508806208341,-4.90873852123405,-4.90873852123405,               139P    163
-4.71238898038469,-4.71238898038469,-4.51603943953533,               139P    164
-4.51603943953533,-4.31968989868597,-4.31968989868597,               139P    165
-4.1233403578366,-4.1233403578366,-3.92699081698724,                 139P    166
-3.92699081698724,-3.73064127613788,-3.73064127613788,               139P    167
-3.53429173528852,-3.53429173528852,-3.33794219443916,               139P    168
-3.33794219443916,-3.14159265358979,-3.14159265358979,               139P    169
-2.94524311274043,-2.94524311274043,-2.74889357189107,               139P    170
-2.74889357189107,-2.55254403104171,-2.55254403104171,               139P    171
-2.35619449019234,-2.35619449019234,-2.15984494934298,               139P    172
-2.15984494934298,-1.96349540849362,-1.96349540849362,               139P    173
-1.76714586764426,-1.76714586764426,-1.5707963267949,                139P    174
-1.5707963267949,-1.37444678594553,-1.37444678594553,                139P    175
-1.17809724509617,-1.17809724509617,-0.98174770424681,               139P    176
-0.98174770424681,-0.78539816339745,-0.78539816339745,               139P    177
-0.58904862254809,-0.58904862254809,-0.39269908169872,               139P    178
-0.39269908169872,-0.19634954084936,-0.19634954084936,0.,0.,0.,      139P    179
1.,1.,1.,1.,1.,1.,1.,1.,1.,1.,1.,1.,1.,1.,1.,1.,1.,1.,1.,1.,1.,      139P    180
1.,1.,1.,1.,1.,1.,1.,1.,1.,1.,1.,1.,1.,1.,1.,1.,1.,1.,1.,1.,1.,      139P    181
1.,1.,1.,1.,1.,1.,1.,1.,1.,1.,1.,1.,1.,1.,1.,1.,1.,1.,1.,1.,1.,      139P    182
1.,1.,-0.09610428238241,0.22369404795134,0.,-0.09610428238241,       139P    183
0.2198558668091,0.,-0.09665630372845,0.21609143524128,0.,            139P    184
-0.0972083250745,0.21232700367346,0.,-0.09829115389584,              139P    185
0.20878098667408,0.,-0.09937398271718,0.2052349696747,0.,            139P    186
-0.10094600650947,0.20204363868843,0.,-0.10251803030176,             139P    187
0.19885230770215,0.,-0.10451883707226,0.19613830378905,0.,           139P    188
-0.10651964384276,0.19342429987596,0.,-0.10887234370935,             139P    189
0.1912919206844,0.,-0.11122504357594,0.18915954149284,0.,            139P    190
-0.11383922360215,0.18769073315929,0.,-0.11645340362836,             139P    191
0.18622192482574,0.,-0.11922860234183,0.18547313283075,0.,           139P    192
-0.12200380105531,0.18472434083575,0.,-0.12483336912584,             139P    193
0.18472434083575,0.,-0.12766293719637,0.18472434083575,0.,           139P    194
-0.13043813590985,0.18547313283075,0.,-0.13321333462332,             139P    195
0.18622192482574,0.,-0.13582751464953,0.18769073315929,0.,           139P    196
-0.13844169467574,0.18915954149284,0.,-0.14079439454233,             139P    197
0.1912919206844,0.,-0.14314709440892,0.19342429987596,0.,            139P    198
-0.14514790117942,0.19613830378905,0.,-0.14714870794992,             139P    199
0.19885230770215,0.,-0.14872073174221,0.20204363868843,0.,           139P    200
-0.1502927555345,0.2052349696747,0.,-0.15137558435584,               139P    201
0.20878098667408,0.,-0.15245841317718,0.21232700367346,0.,           139P    202
-0.15301043452323,0.21609143524128,0.,-0.15356245586927,             139P    203
0.2198558668091,0.,-0.15356245586927,0.22369404795134,0.,            139P    204
-0.15356245586927,0.22753222909357,0.,-0.15301043452323,             139P    205
0.23129666066139,0.,-0.15245841317718,0.23506109222921,0.,           139P    206
-0.15137558435584,0.23860710922859,0.,-0.1502927555345,              139P    207
0.24215312622797,0.,-0.14872073174221,0.24534445721424,0.,           139P    208
-0.14714870794992,0.24853578820052,0.,-0.14514790117942,             139P    209
0.25124979211362,0.,-0.14314709440892,0.25396379602671,0.,           139P    210
-0.14079439454233,0.25609617521827,0.,-0.13844169467574,             139P    211
0.25822855440983,0.,-0.13582751464953,0.25969736274338,0.,           139P    212
-0.13321333462332,0.26116617107693,0.,-0.13043813590985,             139P    213
0.26191496307192,0.,-0.12766293719637,0.26266375506692,0.,           139P    214
-0.12483336912584,0.26266375506692,0.,-0.12200380105531,             139P    215
0.26266375506692,0.,-0.11922860234183,0.26191496307192,0.,           139P    216
-0.11645340362836,0.26116617107693,0.,-0.11383922360215,             139P    217
0.25969736274338,0.,-0.11122504357594,0.25822855440983,0.,           139P    218
-0.10887234370935,0.25609617521827,0.,-0.10651964384276,             139P    219
0.25396379602671,0.,-0.10451883707226,0.25124979211362,0.,           139P    220
-0.10251803030176,0.24853578820052,0.,-0.10094600650947,             139P    221
0.24534445721424,0.,-0.09937398271718,0.24215312622797,0.,           139P    222
-0.09829115389584,0.23860710922859,0.,-0.0972083250745,              139P    223
0.23506109222921,0.,-0.09665630372845,0.23129666066139,0.,           139P    224
-0.09610428238241,0.22753222909357,0.,-0.09610428238241,             139P    225
0.22369404795134,0.,-6.28318530717959,0.,0.,0.,1.;                   139P    226
102,1,139;                                                           141P    227
126,6,3,0,1,0,1,-6.28318530717959,-6.28318530717959,                 143P    228
-6.28318530717959,-6.28318530717959,-3.14159265358979,               143P    229
-3.14159265358979,-3.14159265358979,0.,0.,0.,0.,1.,                  143P    230
0.33333333333333,0.33333333333333,1.,0.33333333333333,               143P    231
0.33333333333333,1.,67.82609181293141,-34.20315464585675,            143P    232
34.6272775025382,67.82609181293141,-44.20315464585675,               143P    233
34.6272775025382,57.82609181293141,-44.20315464585675,               143P    234
34.6272775025382,57.82609181293141,-34.20315464585675,               143P    235
34.6272775025382,57.82609181293141,-24.20315464585675,               143P    236
34.6272775025382,67.82609181293141,-24.20315464585675,               143P    237
34.6272775025382,67.82609181293141,-34.20315464585675,               143P    238
34.6272775025382,-6.28318530717959,0.;                               143P    239
102,1,143;                                                           145P    240
142,1,115,141,145,2;                                                 147P    241
126,64,2,1,1,1,1,-6.28318530717959,-6.28318530717959,                149P    242
-6.28318530717959,-6.08683576633022,-6.08683576633022,               149P    243
-5.89048622548086,-5.89048622548086,-5.6941366846315,                149P    244
-5.6941366846315,-5.49778714378214,-5.49778714378214,                149P    245
-5.30143760293278,-5.30143760293278,-5.10508806208341,               149P    246
-5.10508806208341,-4.90873852123405,-4.90873852123405,               149P    247
-4.71238898038469,-4.71238898038469,-4.51603943953533,               149P    248
-4.51603943953533,-4.31968989868597,-4.31968989868597,               149P    249
-4.1233403578366,-4.1233403578366,-3.92699081698724,                 149P    250
-3.92699081698724,-3.73064127613788,-3.73064127613788,               149P    251
-3.53429173528852,-3.53429173528852,-3.33794219443916,               149P    252
-3.33794219443916,-3.14159265358979,-3.14159265358979,               149P    253
-2.94524311274043,-2.94524311274043,-2.74889357189107,               149P    254
-2.74889357189107,-2.55254403104171,-2.55254403104171,               149P    255
-2.35619449019234,-2.35619449019234,-2.15984494934298,               149P    256
-2.15984494934298,-1.96349540849362,-1.96349540849362,               149P    257
-1.76714586764426,-1.76714586764426,-1.5707963267949,                149P    258
-1.5707963267949,-1.37444678594553,-1.37444678594553,                149P    259
-1.17809724509617,-1.17809724509617,-0.98174770424681,               149P    260
-0.98174770424681,-0.78539816339745,-0.78539816339745,               149P    261
-0.58904862254809,-0.58904862254809,-0.39269908169872,               149P    262
-0.39269908169872,-0.19634954084936,-0.19634954084936,0.,0.,0.,      149P    263
1.,1.,1.,1.,1.,1.,1.,1.,1.,1.,1.,1.,1.,1.,1.,1.,1.,1.,1.,1.,1.,      149P    264
1.,1.,1.,1.,1.,1.,1.,1.,1.,1.,1.,1.,1.,1.,1.,1.,1.,1.,1.,1.,1.,      149P    265
1.,1.,1.,1.,1.,1.,1.,1.,1.,1.,1.,1.,1.,1.,1.,1.,1.,1.,1.,1.,1.,      149P    266
1.,1.,-0.84107347057846,0.29241860280609,0.,-0.84107347057846,       149P    267
0.28858042166386,0.,-0.8416254919245,0.28481599009604,0.,            149P    268
-0.84217751327055,0.28105155852822,0.,-0.84326034209189,             149P    269
0.27750554152884,0.,-0.84434317091323,0.27395952452946,0.,           149P    270
-0.84591519470552,0.27076819354318,0.,-0.84748721849781,             149P    271
0.2675768625569,0.,-0.84948802526831,0.26486285864381,0.,            149P    272
-0.85148883203881,0.26214885473072,0.,-0.8538415319054,              149P    273
0.26001647553915,0.,-0.85619423177199,0.25788409634759,0.,           149P    274
-0.8588084117982,0.25641528801405,0.,-0.86142259182441,              149P    275
0.2549464796805,0.,-0.86419779053789,0.2541976876855,0.,             149P    276
-0.86697298925136,0.25344889569051,0.,-0.86980255732189,             149P    277
0.25344889569051,0.,-0.87263212539242,0.25344889569051,0.,           149P    278
-0.8754073241059,0.2541976876855,0.,-0.87818252281937,               149P    279
0.2549464796805,0.,-0.88079670284558,0.25641528801405,0.,            149P    280
-0.88341088287179,0.25788409634759,0.,-0.88576358273838,             149P    281
0.26001647553915,0.,-0.88811628260497,0.26214885473071,0.,           149P    282
-0.89011708937547,0.26486285864381,0.,-0.89211789614597,             149P    283
0.2675768625569,0.,-0.89368991993826,0.27076819354318,0.,            149P    284
-0.89526194373055,0.27395952452946,0.,-0.89634477255189,             149P    285
0.27750554152884,0.,-0.89742760137323,0.28105155852822,0.,           149P    286
-0.89797962271928,0.28481599009604,0.,-0.89853164406532,             149P    287
0.28858042166386,0.,-0.89853164406532,0.29241860280609,0.,           149P    288
-0.89853164406532,0.29625678394832,0.,-0.89797962271928,             149P    289
0.30002121551614,0.,-0.89742760137323,0.30378564708397,0.,           149P    290
-0.89634477255189,0.30733166408334,0.,-0.89526194373055,             149P    291
0.31087768108272,0.,-0.89368991993826,0.314069012069,0.,             149P    292
-0.89211789614597,0.31726034305528,0.,-0.89011708937547,             149P    293
0.31997434696837,0.,-0.88811628260497,0.32268835088147,0.,           149P    294
-0.88576358273838,0.32482073007303,0.,-0.88341088287179,             149P    295
0.32695310926459,0.,-0.88079670284558,0.32842191759814,0.,           149P    296
-0.87818252281937,0.32989072593168,0.,-0.8754073241059,              149P    297
0.33063951792668,0.,-0.87263212539242,0.33138830992167,0.,           149P    298
-0.86980255732189,0.33138830992167,0.,-0.86697298925136,             149P    299
0.33138830992167,0.,-0.86419779053789,0.33063951792668,0.,           149P    300
-0.86142259182441,0.32989072593168,0.,-0.8588084117982,              149P    301
0.32842191759814,0.,-0.85619423177199,0.32695310926459,0.,           149P    302
-0.8538415319054,0.32482073007303,0.,-0.85148883203881,              149P    303
0.32268835088147,0.,-0.84948802526831,0.31997434696837,0.,           149P    304
-0.84748721849781,0.31726034305528,0.,-0.84591519470552,             149P    305
0.314069012069,0.,-0.84434317091323,0.31087768108272,0.,             149P    306
-0.84326034209189,0.30733166408334,0.,-0.84217751327055,             149P    307
0.30378564708397,0.,-0.8416254919245,0.30002121551614,0.,            149P    308
-0.84107347057846,0.29625678394832,0.,-0.84107347057846,             149P    309
0.29241860280609,0.,-6.28318530717959,0.,0.,0.,1.;                   149P    310
102,1,149;                                                           151P    311
126,6,3,0,1,0,1,-6.28318530717959,-6.28318530717959,                 153P    312
-6.28318530717959,-6.28318530717959,-3.14159265358979,               153P    313
-3.14159265358979,-3.14159265358979,0.,0.,0.,0.,1.,                  153P    314
0.33333333333333,0.33333333333333,1.,0.33333333333333,               153P    315
0.33333333333333,1.,-61.828079732628,-25.38546522225875,             153P    316
34.6272775025382,-61.82807973262801,-35.38546522225874,              153P    317
34.6272775025382,-71.828079732628,-35.38546522225874,                153P    318
34.6272775025382,-71.828079732628,-25.38546522225875,                153P    319
34.6272775025382,-71.828079732628,-15.38546522225875,                153P    320
34.6272775025382,-61.82807973262801,-15.38546522225875,              153P    321
34.6272775025382,-61.828079732628,-25.38546522225875,                153P    322
34.6272775025382,-6.28318530717959,0.;                               153P    323
102,1,153;                                                           155P    324
142,1,115,151,155,2;                                                 157P    325
126,64,2,1,1,1,1,-6.28318530717959,-6.28318530717959,                159P    326
-6.28318530717959,-6.08683576633022,-6.08683576633022,               159P    327
-5.89048622548086,-5.89048622548086,-5.6941366846315,                159P    328
-5.6941366846315,-5.49778714378214,-5.49778714378214,                159P    329
-5.30143760293278,-5.30143760293278,-5.10508806208341,               159P    330
-5.10508806208341,-4.90873852123405,-4.90873852123405,               159P    331
-4.71238898038469,-4.71238898038469,-4.51603943953533,               159P    332
-4.51603943953533,-4.31968989868597,-4.31968989868597,               159P    333
-4.1233403578366,-4.1233403578366,-3.92699081698724,                 159P    334
-3.92699081698724,-3.73064127613788,-3.73064127613788,               159P    335
-3.53429173528852,-3.53429173528852,-3.33794219443916,               159P    336
-3.33794219443916,-3.14159265358979,-3.14159265358979,               159P    337
-2.94524311274043,-2.94524311274043,-2.74889357189107,               159P    338
-2.74889357189107,-2.55254403104171,-2.55254403104171,               159P    339
-2.35619449019234,-2.35619449019234,-2.15984494934298,               159P    340
-2.15984494934298,-1.96349540849362,-1.96349540849362,               159P    341
-1.76714586764426,-1.76714586764426,-1.5707963267949,                159P    342
-1.5707963267949,-1.37444678594553,-1.37444678594553,                159P    343
-1.17809724509617,-1.17809724509617,-0.98174770424681,               159P    344
-0.98174770424681,-0.78539816339745,-0.78539816339745,               159P    345
-0.58904862254809,-0.58904862254809,-0.39269908169872,               159P    346
-0.39269908169872,-0.19634954084936,-0.19634954084936,0.,0.,0.,      159P    347
1.,1.,1.,1.,1.,1.,1.,1.,1.,1.,1.,1.,1.,1.,1.,1.,1.,1.,1.,1.,1.,      159P    348
1.,1.,1.,1.,1.,1.,1.,1.,1.,1.,1.,1.,1.,1.,1.,1.,1.,1.,1.,1.,1.,      159P    349
1.,1.,1.,1.,1.,1.,1.,1.,1.,1.,1.,1.,1.,1.,1.,1.,1.,1.,1.,1.,1.,      159P    350
1.,1.,-0.19508371707107,0.75916344847094,0.,-0.19508371707107,       159P    351
0.75532526732871,0.,-0.19563573841712,0.75156083576089,0.,           159P    352
-0.19618775976317,0.74779640419307,0.,-0.19727058858451,             159P    353
0.74425038719369,0.,-0.19835341740585,0.74070437019431,0.,           159P    354
-0.19992544119814,0.73751303920803,0.,-0.20149746499043,             159P    355
0.73432170822176,0.,-0.20349827176093,0.73160770430866,0.,           159P    356
-0.20549907853143,0.72889370039557,0.,-0.20785177839802,             159P    357
0.72676132120401,0.,-0.2102044782646,0.72462894201245,0.,            159P    358
-0.21281865829081,0.7231601336789,0.,-0.21543283831702,              159P    359
0.72169132534535,0.,-0.2182080370305,0.72094253335036,0.,            159P    360
-0.22098323574397,0.72019374135536,0.,-0.22381280381451,             159P    361
0.72019374135536,0.,-0.22664237188504,0.72019374135536,0.,           159P    362
-0.22941757059851,0.72094253335036,0.,-0.23219276931199,             159P    363
0.72169132534535,0.,-0.2348069493382,0.7231601336789,0.,             159P    364
-0.23742112936441,0.72462894201245,0.,-0.23977382923099,             159P    365
0.72676132120401,0.,-0.24212652909758,0.72889370039557,0.,           159P    366
-0.24412733586808,0.73160770430866,0.,-0.24612814263858,             159P    367
0.73432170822176,0.,-0.24770016643087,0.73751303920803,0.,           159P    368
-0.24927219022316,0.74070437019431,0.,-0.2503550190445,              159P    369
0.74425038719369,0.,-0.25143784786585,0.74779640419307,0.,           159P    370
-0.25198986921189,0.75156083576089,0.,-0.25254189055794,             159P    371
0.75532526732871,0.,-0.25254189055794,0.75916344847094,0.,           159P    372
-0.25254189055794,0.76300162961317,0.,-0.25198986921189,             159P    373
0.766766061181,0.,-0.25143784786585,0.77053049274882,0.,             159P    374
-0.2503550190445,0.7740765097482,0.,-0.24927219022316,               159P    375
0.77762252674757,0.,-0.24770016643087,0.78081385773385,0.,           159P    376
-0.24612814263858,0.78400518872013,0.,-0.24412733586808,             159P    377
0.78671919263322,0.,-0.24212652909758,0.78943319654632,0.,           159P    378
-0.23977382923099,0.79156557573788,0.,-0.23742112936441,             159P    379
0.79369795492944,0.,-0.2348069493382,0.79516676326299,0.,            159P    380
-0.23219276931199,0.79663557159654,0.,-0.22941757059851,             159P    381
0.79738436359153,0.,-0.22664237188504,0.79813315558652,0.,           159P    382
-0.22381280381451,0.79813315558652,0.,-0.22098323574397,             159P    383
0.79813315558652,0.,-0.2182080370305,0.79738436359153,0.,            159P    384
-0.21543283831702,0.79663557159654,0.,-0.21281865829081,             159P    385
0.79516676326299,0.,-0.2102044782646,0.79369795492944,0.,            159P    386
-0.20785177839802,0.79156557573788,0.,-0.20549907853143,             159P    387
0.78943319654632,0.,-0.20349827176093,0.78671919263322,0.,           159P    388
-0.20149746499043,0.78400518872013,0.,-0.19992544119814,             159P    389
0.78081385773385,0.,-0.19835341740585,0.77762252674757,0.,           159P    390
-0.19727058858451,0.7740765097482,0.,-0.19618775976317,              159P    391
0.77053049274882,0.,-0.19563573841712,0.766766061181,0.,             159P    392
-0.19508371707107,0.76300162961317,0.,-0.19508371707107,             159P    393
0.75916344847094,0.,-6.28318530717959,0.,0.,0.,1.;                   159P    394
102,1,159;                                                           161P    395
126,6,3,0,1,0,1,-6.28318530717959,-6.28318530717959,                 163P    396
-6.28318530717959,-6.28318530717959,-3.14159265358979,               163P    397
-3.14159265358979,-3.14159265358979,0.,0.,0.,0.,1.,                  163P    398
0.33333333333333,0.33333333333333,1.,0.33333333333333,               163P    399
0.33333333333333,1.,50.5997463372452,34.50013313244755,              163P    400
34.6272775025382,50.5997463372452,24.50013313244755,                 163P    401
34.6272775025382,40.5997463372452,24.50013313244755,                 163P    402
34.6272775025382,40.5997463372452,34.50013313244755,                 163P    403
34.6272775025382,40.5997463372452,44.50013313244755,                 163P    404
34.6272775025382,50.5997463372452,44.50013313244755,                 163P    405
34.6272775025382,50.5997463372452,34.50013313244755,                 163P    406
34.6272775025382,-6.28318530717959,0.;                               163P    407
102,1,163;                                                           165P    408
142,1,115,161,165,2;                                                 167P    409
126,64,2,1,1,1,1,-6.28318530717959,-6.28318530717959,                169P    410
-6.28318530717959,-6.08683576633022,-6.08683576633022,               169P    411
-5.89048622548086,-5.89048622548086,-5.6941366846315,                169P    412
-5.6941366846315,-5.49778714378214,-5.49778714378214,                169P    413
-5.30143760293278,-5.30143760293278,-5.10508806208341,               169P    414
-5.10508806208341,-4.90873852123405,-4.90873852123405,               169P    415
-4.71238898038469,-4.71238898038469,-4.51603943953533,               169P    416
-4.51603943953533,-4.31968989868597,-4.31968989868597,               169P    417
-4.1233403578366,-4.1233403578366,-3.92699081698724,                 169P    418
-3.92699081698724,-3.73064127613788,-3.73064127613788,               169P    419
-3.53429173528852,-3.53429173528852,-3.33794219443916,               169P    420
-3.33794219443916,-3.14159265358979,-3.14159265358979,               169P    421
-2.94524311274043,-2.94524311274043,-2.74889357189107,               169P    422
-2.74889357189107,-2.55254403104171,-2.55254403104171,               169P    423
-2.35619449019234,-2.35619449019234,-2.15984494934298,               169P    424
-2.15984494934298,-1.96349540849362,-1.96349540849362,               169P    425
-1.76714586764426,-1.76714586764426,-1.5707963267949,                169P    426
-1.5707963267949,-1.37444678594553,-1.37444678594553,                169P    427
-1.17809724509617,-1.17809724509617,-0.98174770424681,               169P    428
-0.98174770424681,-0.78539816339745,-0.78539816339745,               169P    429
-0.58904862254809,-0.58904862254809,-0.39269908169872,               169P    430
-0.39269908169872,-0.19634954084936,-0.19634954084936,0.,0.,0.,      169P    431
1.,1.,1.,1.,1.,1.,1.,1.,1.,1.,1.,1.,1.,1.,1.,1.,1.,1.,1.,1.,1.,      169P    432
1.,1.,1.,1.,1.,1.,1.,1.,1.,1.,1.,1.,1.,1.,1.,1.,1.,1.,1.,1.,1.,      169P    433
1.,1.,1.,1.,1.,1.,1.,1.,1.,1.,1.,1.,1.,1.,1.,1.,1.,1.,1.,1.,1.,      169P    434
1.,1.,-0.84791836280315,0.78162631380452,0.,-0.84791836280315,       169P    435
0.77778813266229,0.,-0.8484703841492,0.77402370109447,0.,            169P    436
-0.84902240549525,0.77025926952665,0.,-0.85010523431659,             169P    437
0.76671325252727,0.,-0.85118806313793,0.76316723552789,0.,           169P    438
-0.85276008693022,0.75997590454162,0.,-0.85433211072251,             169P    439
0.75678457355534,0.,-0.85633291749301,0.75407056964224,0.,           169P    440
-0.85833372426351,0.75135656572915,0.,-0.8606864241301,              169P    441
0.74922418653759,0.,-0.86303912399668,0.74709180734603,0.,           169P    442
-0.86565330402289,0.74562299901248,0.,-0.8682674840491,              169P    443
0.74415419067893,0.,-0.87104268276258,0.74340539868394,0.,           169P    444
-0.87381788147605,0.74265660668894,0.,-0.87664744954659,             169P    445
0.74265660668894,0.,-0.87947701761712,0.74265660668894,0.,           169P    446
-0.88225221633059,0.74340539868394,0.,-0.88502741504407,             169P    447
0.74415419067893,0.,-0.88764159507028,0.74562299901248,0.,           169P    448
-0.89025577509649,0.74709180734603,0.,-0.89260847496307,             169P    449
0.74922418653759,0.,-0.89496117482966,0.75135656572915,0.,           169P    450
-0.89696198160016,0.75407056964224,0.,-0.89896278837066,             169P    451
0.75678457355534,0.,-0.90053481216295,0.75997590454162,0.,           169P    452
-0.90210683595524,0.76316723552789,0.,-0.90318966477658,             169P    453
0.76671325252727,0.,-0.90427249359793,0.77025926952665,0.,           169P    454
-0.90482451494397,0.77402370109447,0.,-0.90537653629002,             169P    455
0.77778813266229,0.,-0.90537653629002,0.78162631380452,0.,           169P    456
-0.90537653629002,0.78546449494676,0.,-0.90482451494397,             169P    457
0.78922892651458,0.,-0.90427249359793,0.7929933580824,0.,            169P    458
-0.90318966477658,0.79653937508178,0.,-0.90210683595524,             169P    459
0.80008539208116,0.,-0.90053481216295,0.80327672306743,0.,           169P    460
-0.89896278837066,0.80646805405371,0.,-0.89696198160016,             169P    461
0.80918205796681,0.,-0.89496117482966,0.8118960618799,0.,            169P    462
-0.89260847496307,0.81402844107146,0.,-0.89025577509649,             169P    463
0.81616082026302,0.,-0.88764159507028,0.81762962859657,0.,           169P    464
-0.88502741504407,0.81909843693012,0.,-0.88225221633059,             169P    465
0.81984722892511,0.,-0.87947701761712,0.82059602092011,0.,           169P    466
-0.87664744954659,0.82059602092011,0.,-0.87381788147605,             169P    467
0.82059602092011,0.,-0.87104268276258,0.81984722892511,0.,           169P    468
-0.8682674840491,0.81909843693012,0.,-0.86565330402289,              169P    469
0.81762962859657,0.,-0.86303912399668,0.81616082026302,0.,           169P    470
-0.8606864241301,0.81402844107146,0.,-0.85833372426351,              169P    471
0.8118960618799,0.,-0.85633291749301,0.80918205796681,0.,            169P    472
-0.85433211072251,0.80646805405371,0.,-0.85276008693022,             169P    473
0.80327672306743,0.,-0.85118806313793,0.80008539208116,0.,           169P    474
-0.85010523431659,0.79653937508178,0.,-0.84902240549525,             169P    475
0.7929933580824,0.,-0.8484703841492,0.78922892651458,0.,             169P    476
-0.84791836280315,0.78546449494676,0.,-0.84791836280315,             169P    477
0.78162631380452,0.,-6.28318530717959,0.,0.,0.,1.;                   169P    478
102,1,169;                                                           171P    479
126,6,3,0,1,0,1,-6.28318530717959,-6.28318530717959,                 173P    480
-6.28318530717959,-6.28318530717959,-3.14159265358979,               173P    481
-3.14159265358979,-3.14159265358979,0.,0.,0.,0.,1.,                  173P    482
0.33333333333333,0.33333333333333,1.,0.33333333333333,               173P    483
0.33333333333333,1.,-63.01936233165789,37.38222630124636,            173P    484
34.6272775025382,-63.01936233165789,27.38222630124635,               173P    485
34.6272775025382,-73.0193623316579,27.38222630124635,                173P    486
34.6272775025382,-73.0193623316579,37.38222630124636,                173P    487
34.6272775025382,-73.0193623316579,47.38222630124635,                173P    488
34.6272775025382,-63.01936233165789,47.38222630124635,               173P    489
34.6272775025382,-63.01936233165789,37.38222630124636,               173P    490
34.6272775025382,-6.28318530717959,0.;                               173P    491
102,1,173;                                                           175P    492
142,1,115,171,175,2;                                                 177P    493
144,115,1,4,137,147,157,167,177;                                     179P    494
314,80.0000011920929,76.03306174278259,0.,10HMixedColor;             181P    495
128,1,1,1,1,0,0,1,0,0,0.,0.,1.,1.,0.,0.,1.,1.,1.,1.,1.,1.,           183P    496
84.5520468077203,-62.9041719883625,0.,-89.48759617337809,            183P    497
-62.9041719883625,0.,84.5520468077203,65.400615757933,0.,            183P    498
-89.48759617337809,65.400615757933,0.,0.,1.,0.,1.;                   183P    499
126,1,1,1,0,1,0,0.,0.,0.1283047877463,0.1283047877463,1.,1.,1.,      185P    500
0.,0.,1.,1.,0.,0.,0.1283047877463,0.,0.,1.;                          185P    501
126,1,1,1,0,1,0,0.,0.,0.1740396429811,0.1740396429811,1.,1.,1.,      187P    502
1.,0.,0.,1.,0.,0.,0.1740396429811,0.,0.,1.;                          187P    503
126,1,1,1,0,1,0,0.,0.,0.1283047877463,0.1283047877463,1.,1.,0.,      189P    504
1.,0.,0.,0.,0.,0.,0.1283047877463,0.,0.,1.;                          189P    505
126,1,1,1,0,1,0,0.,0.,0.1740396429811,0.1740396429811,1.,1.,0.,      191P    506
0.,0.,1.,0.,0.,0.,0.1740396429811,0.,0.,1.;                          191P    507
102,4,185,187,189,191;                                               193P    508
126,1,1,0,0,1,0,0.,0.,0.1283047877463,0.1283047877463,1.,1.,         195P    509
-89.48759617337809,-62.9041719883625,0.,-89.48759617337809,          195P    510
65.400615757933,0.,0.,0.1283047877463;                               195P    511
126,1,1,0,0,1,0,0.,0.,0.1740396429811,0.1740396429811,1.,1.,         197P    512
-89.48759617337809,65.400615757933,0.,84.5520468077203,              197P    513
65.400615757933,0.,0.,0.1740396429811;                               197P    514
126,1,1,0,0,1,0,0.,0.,0.1283047877463,0.1283047877463,1.,1.,         199P    515
84.5520468077203,65.400615757933,0.,84.5520468077203,                199P    516
-62.9041719883625,0.,0.,0.1283047877463;                             199P    517
126,1,1,0,0,1,0,0.,0.,0.1740396429811,0.1740396429811,1.,1.,         201P    518
84.5520468077203,-62.9041719883625,0.,-89.48759617337809,            201P    519
-62.9041719883625,0.,0.,0.1740396429811;                             201P    520
102,4,195,197,199,201;                                               203P    521
142,1,183,193,203,2;                                                 205P    522
126,64,2,1,1,1,1,-9.42477796076938,-9.42477796076938,                207P    523
-9.42477796076938,-9.22842841992002,-9.22842841992002,               207P    524
-9.03207887907065,-9.03207887907065,-8.83572933822129,               207P    525
-8.83572933822129,-8.63937979737193,-8.63937979737193,               207P    526
-8.44303025652257,-8.44303025652257,-8.24668071567321,               207P    527
-8.24668071567321,-8.05033117482384,-8.05033117482384,               207P    528
-7.85398163397448,-7.85398163397448,-7.65763209312512,               207P    529
-7.65763209312512,-7.46128255227576,-7.46128255227576,               207P    530
-7.2649330114264,-7.2649330114264,-7.06858347057703,                 207P    531
-7.06858347057703,-6.87223392972767,-6.87223392972767,               207P    532
-6.67588438887831,-6.67588438887831,-6.47953484802895,               207P    533
-6.47953484802895,-6.28318530717959,-6.28318530717959,               207P    534
-6.08683576633022,-6.08683576633022,-5.89048622548086,               207P    535
-5.89048622548086,-5.6941366846315,-5.6941366846315,                 207P    536
-5.49778714378214,-5.49778714378214,-5.30143760293278,               207P    537
-5.30143760293278,-5.10508806208341,-5.10508806208341,               207P    538
-4.90873852123405,-4.90873852123405,-4.71238898038469,               207P    539
-4.71238898038469,-4.51603943953533,-4.51603943953533,               207P    540
-4.31968989868597,-4.31968989868597,-4.1233403578366,                207P    541
-4.1233403578366,-3.92699081698724,-3.92699081698724,                207P    542
-3.73064127613788,-3.73064127613788,-3.53429173528852,               207P    543
-3.53429173528852,-3.33794219443916,-3.33794219443916,               207P    544
-3.14159265358979,-3.14159265358979,-3.14159265358979,1.,1.,1.,      207P    545
1.,1.,1.,1.,1.,1.,1.,1.,1.,1.,1.,1.,1.,1.,1.,1.,1.,1.,1.,1.,1.,      207P    546
1.,1.,1.,1.,1.,1.,1.,1.,1.,1.,1.,1.,1.,1.,1.,1.,1.,1.,1.,1.,1.,      207P    547
1.,1.,1.,1.,1.,1.,1.,1.,1.,1.,1.,1.,1.,1.,1.,1.,1.,1.,1.,1.,         207P    548
0.09610428238241,0.22369404795134,0.,0.09610428238241,               207P    549
0.22753222909357,0.,0.09665630372845,0.23129666066139,0.,            207P    550
0.0972083250745,0.23506109222921,0.,0.09829115389584,                207P    551
0.23860710922859,0.,0.09937398271718,0.24215312622797,0.,            207P    552
0.10094600650947,0.24534445721424,0.,0.10251803030176,               207P    553
0.24853578820052,0.,0.10451883707226,0.25124979211362,0.,            207P    554
0.10651964384276,0.25396379602671,0.,0.10887234370935,               207P    555
0.25609617521827,0.,0.11122504357594,0.25822855440983,0.,            207P    556
0.11383922360215,0.25969736274338,0.,0.11645340362836,               207P    557
0.26116617107693,0.,0.11922860234183,0.26191496307192,0.,            207P    558
0.12200380105531,0.26266375506692,0.,0.12483336912584,               207P    559
0.26266375506692,0.,0.12766293719637,0.26266375506692,0.,            207P    560
0.13043813590985,0.26191496307192,0.,0.13321333462332,               207P    561
0.26116617107693,0.,0.13582751464953,0.25969736274338,0.,            207P    562
0.13844169467574,0.25822855440983,0.,0.14079439454233,               207P    563
0.25609617521827,0.,0.14314709440892,0.25396379602671,0.,            207P    564
0.14514790117942,0.25124979211362,0.,0.14714870794992,               207P    565
0.24853578820052,0.,0.14872073174221,0.24534445721424,0.,            207P    566
0.1502927555345,0.24215312622797,0.,0.15137558435584,                207P    567
0.23860710922859,0.,0.15245841317718,0.23506109222921,0.,            207P    568
0.15301043452323,0.23129666066139,0.,0.15356245586927,               207P    569
0.22753222909357,0.,0.15356245586927,0.22369404795134,0.,            207P    570
0.15356245586927,0.2198558668091,0.,0.15301043452323,                207P    571
0.21609143524128,0.,0.15245841317718,0.21232700367346,0.,            207P    572
0.15137558435584,0.20878098667408,0.,0.1502927555345,                207P    573
0.2052349696747,0.,0.14872073174221,0.20204363868843,0.,             207P    574
0.14714870794992,0.19885230770215,0.,0.14514790117942,               207P    575
0.19613830378905,0.,0.14314709440892,0.19342429987596,0.,            207P    576
0.14079439454233,0.1912919206844,0.,0.13844169467574,                207P    577
0.18915954149284,0.,0.13582751464953,0.18769073315929,0.,            207P    578
0.13321333462332,0.18622192482574,0.,0.13043813590985,               207P    579
0.18547313283075,0.,0.12766293719637,0.18472434083575,0.,            207P    580
0.12483336912584,0.18472434083575,0.,0.12200380105531,               207P    581
0.18472434083575,0.,0.11922860234183,0.18547313283075,0.,            207P    582
0.11645340362836,0.18622192482574,0.,0.11383922360215,               207P    583
0.18769073315929,0.,0.11122504357594,0.18915954149284,0.,            207P    584
0.10887234370935,0.1912919206844,0.,0.10651964384276,                207P    585
0.19342429987596,0.,0.10451883707226,0.19613830378905,0.,            207P    586
0.10251803030176,0.19885230770215,0.,0.10094600650947,               207P    587
0.20204363868843,0.,0.09937398271718,0.2052349696747,0.,             207P    588
0.09829115389584,0.20878098667408,0.,0.0972083250745,                207P    589
0.21232700367346,0.,0.09665630372845,0.21609143524128,0.,            207P    590
0.09610428238241,0.2198558668091,0.,0.09610428238241,                207P    591
0.22369404795134,0.,-9.42477796076938,-3.14159265358979,0.,0.,       207P    592
1.;                                                                  207P    593
102,1,207;                                                           209P    594
126,6,3,0,1,0,1,-9.42477796076938,-9.42477796076938,                 211P    595
-9.42477796076938,-9.42477796076938,-6.28318530717959,               211P    596
-6.28318530717959,-6.28318530717959,-3.14159265358979,               211P    597
-3.14159265358979,-3.14159265358979,-3.14159265358979,1.,            211P    598
0.33333333333333,0.33333333333333,1.,0.33333333333333,               211P    599
0.33333333333333,1.,67.82609181293141,-34.20315464585675,0.,         211P    600
67.82609181293141,-24.20315464585675,0.,57.82609181293141,           211P    601
-24.20315464585675,0.,57.82609181293141,-34.20315464585675,0.,       211P    602
57.82609181293141,-44.20315464585675,0.,67.82609181293141,           211P    603
-44.20315464585675,0.,67.82609181293141,-34.20315464585675,0.,       211P    604
-9.42477796076938,-3.14159265358979;                                 211P    605
102,1,211;                                                           213P    606
142,1,183,209,213,2;                                                 215P    607
126,64,2,1,1,1,1,-9.42477796076938,-9.42477796076938,                217P    608
-9.42477796076938,-9.22842841992002,-9.22842841992002,               217P    609
-9.03207887907065,-9.03207887907065,-8.83572933822129,               217P    610
-8.83572933822129,-8.63937979737193,-8.63937979737193,               217P    611
-8.44303025652257,-8.44303025652257,-8.24668071567321,               217P    612
-8.24668071567321,-8.05033117482384,-8.05033117482384,               217P    613
-7.85398163397448,-7.85398163397448,-7.65763209312512,               217P    614
-7.65763209312512,-7.46128255227576,-7.46128255227576,               217P    615
-7.2649330114264,-7.2649330114264,-7.06858347057703,                 217P    616
-7.06858347057703,-6.87223392972767,-6.87223392972767,               217P    617
-6.67588438887831,-6.67588438887831,-6.47953484802895,               217P    618
-6.47953484802895,-6.28318530717959,-6.28318530717959,               217P    619
-6.08683576633022,-6.08683576633022,-5.89048622548086,               217P    620
-5.89048622548086,-5.6941366846315,-5.6941366846315,                 217P    621
-5.49778714378214,-5.49778714378214,-5.30143760293278,               217P    622
-5.30143760293278,-5.10508806208341,-5.10508806208341,               217P    623
-4.90873852123405,-4.90873852123405,-4.71238898038469,               217P    624
-4.71238898038469,-4.51603943953533,-4.51603943953533,               217P    625
-4.31968989868597,-4.31968989868597,-4.1233403578366,                217P    626
-4.1233403578366,-3.92699081698724,-3.92699081698724,                217P    627
-3.73064127613788,-3.73064127613788,-3.53429173528852,               217P    628
-3.53429173528852,-3.33794219443916,-3.33794219443916,               217P    629
-3.14159265358979,-3.14159265358979,-3.14159265358979,1.,1.,1.,      217P    630
1.,1.,1.,1.,1.,1.,1.,1.,1.,1.,1.,1.,1.,1.,1.,1.,1.,1.,1.,1.,1.,      217P    631
1.,1.,1.,1.,1.,1.,1.,1.,1.,1.,1.,1.,1.,1.,1.,1.,1.,1.,1.,1.,1.,      217P    632
1.,1.,1.,1.,1.,1.,1.,1.,1.,1.,1.,1.,1.,1.,1.,1.,1.,1.,1.,1.,         217P    633
0.84107347057846,0.29241860280609,0.,0.84107347057846,               217P    634
0.29625678394832,0.,0.8416254919245,0.30002121551614,0.,             217P    635
0.84217751327055,0.30378564708397,0.,0.84326034209189,               217P    636
0.30733166408334,0.,0.84434317091323,0.31087768108272,0.,            217P    637
0.84591519470552,0.314069012069,0.,0.84748721849781,                 217P    638
0.31726034305528,0.,0.84948802526831,0.31997434696837,0.,            217P    639
0.85148883203881,0.32268835088147,0.,0.8538415319054,                217P    640
0.32482073007303,0.,0.85619423177199,0.32695310926459,0.,            217P    641
0.8588084117982,0.32842191759814,0.,0.86142259182441,                217P    642
0.32989072593168,0.,0.86419779053789,0.33063951792668,0.,            217P    643
0.86697298925136,0.33138830992167,0.,0.86980255732189,               217P    644
0.33138830992167,0.,0.87263212539242,0.33138830992167,0.,            217P    645
0.8754073241059,0.33063951792668,0.,0.87818252281937,                217P    646
0.32989072593168,0.,0.88079670284558,0.32842191759814,0.,            217P    647
0.88341088287179,0.32695310926459,0.,0.88576358273838,               217P    648
0.32482073007303,0.,0.88811628260497,0.32268835088147,0.,            217P    649
0.89011708937547,0.31997434696837,0.,0.89211789614597,               217P    650
0.31726034305528,0.,0.89368991993826,0.314069012069,0.,              217P    651
0.89526194373055,0.31087768108272,0.,0.89634477255189,               217P    652
0.30733166408334,0.,0.89742760137323,0.30378564708397,0.,            217P    653
0.89797962271928,0.30002121551614,0.,0.89853164406532,               217P    654
0.29625678394832,0.,0.89853164406532,0.29241860280609,0.,            217P    655
0.89853164406532,0.28858042166386,0.,0.89797962271928,               217P    656
0.28481599009604,0.,0.89742760137323,0.28105155852822,0.,            217P    657
0.89634477255189,0.27750554152884,0.,0.89526194373055,               217P    658
0.27395952452946,0.,0.89368991993826,0.27076819354318,0.,            217P    659
0.89211789614597,0.2675768625569,0.,0.89011708937547,                217P    660
0.26486285864381,0.,0.88811628260497,0.26214885473072,0.,            217P    661
0.88576358273838,0.26001647553915,0.,0.88341088287179,               217P    662
0.25788409634759,0.,0.88079670284558,0.25641528801405,0.,            217P    663
0.87818252281937,0.2549464796805,0.,0.8754073241059,                 217P    664
0.2541976876855,0.,0.87263212539242,0.25344889569051,0.,             217P    665
0.86980255732189,0.25344889569051,0.,0.86697298925136,               217P    666
0.25344889569051,0.,0.86419779053789,0.2541976876855,0.,             217P    667
0.86142259182441,0.2549464796805,0.,0.8588084117982,                 217P    668
0.25641528801405,0.,0.85619423177199,0.25788409634759,0.,            217P    669
0.8538415319054,0.26001647553915,0.,0.85148883203881,                217P    670
0.26214885473071,0.,0.84948802526831,0.26486285864381,0.,            217P    671
0.84748721849781,0.2675768625569,0.,0.84591519470552,                217P    672
0.27076819354318,0.,0.84434317091323,0.27395952452946,0.,            217P    673
0.84326034209189,0.27750554152884,0.,0.84217751327055,               217P    674
0.28105155852822,0.,0.8416254919245,0.28481599009604,0.,             217P    675
0.84107347057846,0.28858042166386,0.,0.84107347057846,               217P    676
0.29241860280609,0.,-9.42477796076938,-3.14159265358979,0.,0.,       217P    677
1.;                                                                  217P    678
102,1,217;                                                           219P    679
126,6,3,0,1,0,1,-9.42477796076938,-9.42477796076938,                 221P    680
-9.42477796076938,-9.42477796076938,-6.28318530717959,               221P    681
-6.28318530717959,-6.28318530717959,-3.14159265358979,               221P    682
-3.14159265358979,-3.14159265358979,-3.14159265358979,1.,            221P    683
0.33333333333333,0.33333333333333,1.,0.33333333333333,               221P    684
0.33333333333333,1.,-61.828079732628,-25.38546522225875,0.,          221P    685
-61.82807973262801,-15.38546522225875,0.,-71.828079732628,           221P    686
-15.38546522225875,0.,-71.828079732628,-25.38546522225875,0.,        221P    687
-71.828079732628,-35.38546522225874,0.,-61.82807973262801,           221P    688
-35.38546522225874,0.,-61.828079732628,-25.38546522225875,0.,        221P    689
-9.42477796076938,-3.14159265358979;                                 221P    690
102,1,221;                                                           223P    691
142,1,183,219,223,2;                                                 225P    692
126,64,2,1,1,1,1,-9.42477796076938,-9.42477796076938,                227P    693
-9.42477796076938,-9.22842841992002,-9.22842841992002,               227P    694
-9.03207887907065,-9.03207887907065,-8.83572933822129,               227P    695
-8.83572933822129,-8.63937979737193,-8.63937979737193,               227P    696
-8.44303025652257,-8.44303025652257,-8.24668071567321,               227P    697
-8.24668071567321,-8.05033117482384,-8.05033117482384,               227P    698
-7.85398163397448,-7.85398163397448,-7.65763209312512,               227P    699
-7.65763209312512,-7.46128255227576,-7.46128255227576,               227P    700
-7.2649330114264,-7.2649330114264,-7.06858347057703,                 227P    701
-7.06858347057703,-6.87223392972767,-6.87223392972767,               227P    702
-6.67588438887831,-6.67588438887831,-6.47953484802895,               227P    703
-6.47953484802895,-6.28318530717959,-6.28318530717959,               227P    704
-6.08683576633022,-6.08683576633022,-5.89048622548086,               227P    705
-5.89048622548086,-5.6941366846315,-5.6941366846315,                 227P    706
-5.49778714378214,-5.49778714378214,-5.30143760293278,               227P    707
-5.30143760293278,-5.10508806208341,-5.10508806208341,               227P    708
-4.90873852123405,-4.90873852123405,-4.71238898038469,               227P    709
-4.71238898038469,-4.51603943953533,-4.51603943953533,               227P    710
-4.31968989868597,-4.31968989868597,-4.1233403578366,                227P    711
-4.1233403578366,-3.92699081698724,-3.92699081698724,                227P    712
-3.73064127613788,-3.73064127613788,-3.53429173528852,               227P    713
-3.53429173528852,-3.33794219443916,-3.33794219443916,               227P    714
-3.14159265358979,-3.14159265358979,-3.14159265358979,1.,1.,1.,      227P    715
1.,1.,1.,1.,1.,1.,1.,1.,1.,1.,1.,1.,1.,1.,1.,1.,1.,1.,1.,1.,1.,      227P    716
1.,1.,1.,1.,1.,1.,1.,1.,1.,1.,1.,1.,1.,1.,1.,1.,1.,1.,1.,1.,1.,      227P    717
1.,1.,1.,1.,1.,1.,1.,1.,1.,1.,1.,1.,1.,1.,1.,1.,1.,1.,1.,1.,         227P    718
0.19508371707107,0.75916344847094,0.,0.19508371707107,               227P    719
0.76300162961317,0.,0.19563573841712,0.766766061181,0.,              227P    720
0.19618775976317,0.77053049274882,0.,0.19727058858451,               227P    721
0.7740765097482,0.,0.19835341740585,0.77762252674757,0.,             227P    722
0.19992544119814,0.78081385773385,0.,0.20149746499043,               227P    723
0.78400518872013,0.,0.20349827176093,0.78671919263322,0.,            227P    724
0.20549907853143,0.78943319654632,0.,0.20785177839802,               227P    725
0.79156557573788,0.,0.2102044782646,0.79369795492944,0.,             227P    726
0.21281865829081,0.79516676326299,0.,0.21543283831702,               227P    727
0.79663557159654,0.,0.2182080370305,0.79738436359153,0.,             227P    728
0.22098323574397,0.79813315558652,0.,0.22381280381451,               227P    729
0.79813315558652,0.,0.22664237188504,0.79813315558652,0.,            227P    730
0.22941757059851,0.79738436359153,0.,0.23219276931199,               227P    731
0.79663557159654,0.,0.2348069493382,0.79516676326299,0.,             227P    732
0.23742112936441,0.79369795492944,0.,0.23977382923099,               227P    733
0.79156557573788,0.,0.24212652909758,0.78943319654632,0.,            227P    734
0.24412733586808,0.78671919263322,0.,0.24612814263858,               227P    735
0.78400518872013,0.,0.24770016643087,0.78081385773385,0.,            227P    736
0.24927219022316,0.77762252674757,0.,0.2503550190445,                227P    737
0.7740765097482,0.,0.25143784786585,0.77053049274882,0.,             227P    738
0.25198986921189,0.766766061181,0.,0.25254189055794,                 227P    739
0.76300162961317,0.,0.25254189055794,0.75916344847094,0.,            227P    740
0.25254189055794,0.75532526732871,0.,0.25198986921189,               227P    741
0.75156083576089,0.,0.25143784786585,0.74779640419307,0.,            227P    742
0.2503550190445,0.74425038719369,0.,0.24927219022316,                227P    743
0.74070437019431,0.,0.24770016643087,0.73751303920803,0.,            227P    744
0.24612814263858,0.73432170822176,0.,0.24412733586808,               227P    745
0.73160770430866,0.,0.24212652909758,0.72889370039557,0.,            227P    746
0.23977382923099,0.72676132120401,0.,0.23742112936441,               227P    747
0.72462894201245,0.,0.2348069493382,0.7231601336789,0.,              227P    748
0.23219276931199,0.72169132534535,0.,0.22941757059851,               227P    749
0.72094253335036,0.,0.22664237188504,0.72019374135536,0.,            227P    750
0.22381280381451,0.72019374135536,0.,0.22098323574397,               227P    751
0.72019374135536,0.,0.2182080370305,0.72094253335036,0.,             227P    752
0.21543283831702,0.72169132534535,0.,0.21281865829081,               227P    753
0.7231601336789,0.,0.2102044782646,0.72462894201245,0.,              227P    754
0.20785177839802,0.72676132120401,0.,0.20549907853143,               227P    755
0.72889370039557,0.,0.20349827176093,0.73160770430866,0.,            227P    756
0.20149746499043,0.73432170822176,0.,0.19992544119814,               227P    757
0.73751303920803,0.,0.19835341740585,0.74070437019431,0.,            227P    758
0.19727058858451,0.74425038719369,0.,0.19618775976317,               227P    759
0.74779640419307,0.,0.19563573841712,0.75156083576089,0.,            227P    760
0.19508371707107,0.75532526732871,0.,0.19508371707107,               227P    761
0.75916344847094,0.,-9.42477796076938,-3.14159265358979,0.,0.,       227P    762
1.;                                                                  227P    763
102,1,227;                                                           229P    764
126,6,3,0,1,0,1,-9.42477796076938,-9.42477796076938,                 231P    765
-9.42477796076938,-9.42477796076938,-6.28318530717959,               231P    766
-6.28318530717959,-6.28318530717959,-3.14159265358979,               231P    767
-3.14159265358979,-3.14159265358979,-3.14159265358979,1.,            231P    768
0.33333333333333,0.33333333333333,1.,0.33333333333333,               231P    769
0.33333333333333,1.,50.5997463372452,34.50013313244755,0.,           231P    770
50.5997463372452,44.50013313244755,0.,40.5997463372452,              231P    771
44.50013313244755,0.,40.5997463372452,34.50013313244755,0.,          231P    772
40.5997463372452,24.50013313244755,0.,50.5997463372452,              231P    773
24.50013313244755,0.,50.5997463372452,34.50013313244755,0.,          231P    774
-9.42477796076938,-3.14159265358979;                                 231P    775
102,1,231;                                                           233P    776
142,1,183,229,233,2;                                                 235P    777
126,64,2,1,1,1,1,-9.42477796076938,-9.42477796076938,                237P    778
-9.42477796076938,-9.22842841992002,-9.22842841992002,               237P    779
-9.03207887907065,-9.03207887907065,-8.83572933822129,               237P    780
-8.83572933822129,-8.63937979737193,-8.63937979737193,               237P    781
-8.44303025652257,-8.44303025652257,-8.24668071567321,               237P    782
-8.24668071567321,-8.05033117482384,-8.05033117482384,               237P    783
-7.85398163397448,-7.85398163397448,-7.65763209312512,               237P    784
-7.65763209312512,-7.46128255227576,-7.46128255227576,               237P    785
-7.2649330114264,-7.2649330114264,-7.06858347057703,                 237P    786
-7.06858347057703,-6.87223392972767,-6.87223392972767,               237P    787
-6.67588438887831,-6.67588438887831,-6.47953484802895,               237P    788
-6.47953484802895,-6.28318530717959,-6.28318530717959,               237P    789
-6.08683576633022,-6.08683576633022,-5.89048622548086,               237P    790
-5.89048622548086,-5.6941366846315,-5.6941366846315,                 237P    791
-5.49778714378214,-5.49778714378214,-5.30143760293278,               237P    792
-5.30143760293278,-5.10508806208341,-5.10508806208341,               237P    793
-4.90873852123405,-4.90873852123405,-4.71238898038469,               237P    794
-4.71238898038469,-4.51603943953533,-4.51603943953533,               237P    795
-4.31968989868597,-4.31968989868597,-4.1233403578366,                237P    796
-4.1233403578366,-3.92699081698724,-3.92699081698724,                237P    797
-3.73064127613788,-3.73064127613788,-3.53429173528852,               237P    798
-3.53429173528852,-3.33794219443916,-3.33794219443916,               237P    799
-3.14159265358979,-3.14159265358979,-3.14159265358979,1.,1.,1.,      237P    800
1.,1.,1.,1.,1.,1.,1.,1.,1.,1.,1.,1.,1.,1.,1.,1.,1.,1.,1.,1.,1.,      237P    801
1.,1.,1.,1.,1.,1.,1.,1.,1.,1.,1.,1.,1.,1.,1.,1.,1.,1.,1.,1.,1.,      237P    802
1.,1.,1.,1.,1.,1.,1.,1.,1.,1.,1.,1.,1.,1.,1.,1.,1.,1.,1.,1.,         237P    803
0.84791836280315,0.78162631380452,0.,0.84791836280315,               237P    804
0.78546449494676,0.,0.8484703841492,0.78922892651458,0.,             237P    805
0.84902240549525,0.7929933580824,0.,0.85010523431659,                237P    806
0.79653937508178,0.,0.85118806313793,0.80008539208116,0.,            237P    807
0.85276008693022,0.80327672306743,0.,0.85433211072251,               237P    808
0.80646805405371,0.,0.85633291749301,0.80918205796681,0.,            237P    809
0.85833372426351,0.8118960618799,0.,0.8606864241301,                 237P    810
0.81402844107146,0.,0.86303912399668,0.81616082026302,0.,            237P    811
0.86565330402289,0.81762962859657,0.,0.8682674840491,                237P    812
0.81909843693012,0.,0.87104268276258,0.81984722892511,0.,            237P    813
0.87381788147605,0.82059602092011,0.,0.87664744954659,               237P    814
0.82059602092011,0.,0.87947701761712,0.82059602092011,0.,            237P    815
0.88225221633059,0.81984722892511,0.,0.88502741504407,               237P    816
0.81909843693012,0.,0.88764159507028,0.81762962859657,0.,            237P    817
0.89025577509649,0.81616082026302,0.,0.89260847496307,               237P    818
0.81402844107146,0.,0.89496117482966,0.8118960618799,0.,             237P    819
0.89696198160016,0.80918205796681,0.,0.89896278837066,               237P    820
0.80646805405371,0.,0.90053481216295,0.80327672306743,0.,            237P    821
0.90210683595524,0.80008539208116,0.,0.90318966477658,               237P    822
0.79653937508178,0.,0.90427249359793,0.7929933580824,0.,             237P    823
0.90482451494397,0.78922892651458,0.,0.90537653629002,               237P    824
0.78546449494676,0.,0.90537653629002,0.78162631380452,0.,            237P    825
0.90537653629002,0.77778813266229,0.,0.90482451494397,               237P    826
0.77402370109447,0.,0.90427249359793,0.77025926952665,0.,            237P    827
0.90318966477658,0.76671325252727,0.,0.90210683595524,               237P    828
0.76316723552789,0.,0.90053481216295,0.75997590454162,0.,            237P    829
0.89896278837066,0.75678457355534,0.,0.89696198160016,               237P    830
0.75407056964224,0.,0.89496117482966,0.75135656572915,0.,            237P    831
0.89260847496307,0.74922418653759,0.,0.89025577509649,               237P    832
0.74709180734603,0.,0.88764159507028,0.74562299901248,0.,            237P    833
0.88502741504407,0.74415419067893,0.,0.88225221633059,               237P    834
0.74340539868394,0.,0.87947701761712,0.74265660668894,0.,            237P    835
0.87664744954659,0.74265660668894,0.,0.87381788147605,               237P    836
0.74265660668894,0.,0.87104268276258,0.74340539868394,0.,            237P    837
0.8682674840491,0.74415419067893,0.,0.86565330402289,                237P    838
0.74562299901248,0.,0.86303912399668,0.74709180734603,0.,            237P    839
0.8606864241301,0.74922418653759,0.,0.85833372426351,                237P    840
0.75135656572915,0.,0.85633291749301,0.75407056964224,0.,            237P    841
0.85433211072251,0.75678457355534,0.,0.85276008693022,               237P    842
0.75997590454162,0.,0.85118806313793,0.76316723552789,0.,            237P    843
0.85010523431659,0.76671325252727,0.,0.84902240549525,               237P    844
0.77025926952665,0.,0.8484703841492,0.77402370109447,0.,             237P    845
0.84791836280315,0.77778813266229,0.,0.84791836280315,               237P    846
0.78162631380452,0.,-9.42477796076938,-3.14159265358979,0.,0.,       237P    847
1.;                                                                  237P    848
102,1,237;                                                           239P    849
126,6,3,0,1,0,1,-9.42477796076938,-9.42477796076938,                 241P    850
-9.42477796076938,-9.42477796076938,-6.28318530717959,               241P    851
-6.28318530717959,-6.28318530717959,-3.14159265358979,               241P    852
-3.14159265358979,-3.14159265358979,-3.14159265358979,1.,            241P    853
0.33333333333333,0.33333333333333,1.,0.33333333333333,               241P    854
0.33333333333333,1.,-63.01936233165789,37.38222630124636,0.,         241P    855
-63.01936233165789,47.38222630124635,0.,-73.0193623316579,           241P    856
47.38222630124635,0.,-73.0193623316579,37.38222630124636,0.,         241P    857
-73.0193623316579,27.38222630124635,0.,-63.01936233165789,           241P    858
27.38222630124635,0.,-63.01936233165789,37.38222630124636,0.,        241P    859
-9.42477796076938,-3.14159265358979;                                 241P    860
102,1,241;                                                           243P    861
142,1,183,239,243,2;                                                 245P    862
144,183,1,4,205,215,225,235,245;                                     247P    863
314,80.0000011920929,76.03306174278259,0.,10HMixedColor;             249P    864
128,6,1,3,1,1,0,0,1,0,-1.,-1.,-1.,-1.,-0.5,-0.5,-0.5,0.,0.,0.,       251P    865
0.,0.,0.,1.,1.,1.,0.33333333333333,0.33333333333333,1.,              251P    866
0.33333333333333,0.33333333333333,1.,1.,0.33333333333333,            251P    867
0.33333333333333,1.,0.33333333333333,0.33333333333333,1.,            251P    868
-63.01936233165789,37.38222630124636,0.,-63.01936233165789,          251P    869
27.38222630124635,0.,-73.0193623316579,27.38222630124635,0.,         251P    870
-73.0193623316579,37.38222630124636,0.,-73.0193623316579,            251P    871
47.38222630124635,0.,-63.01936233165789,47.38222630124635,0.,        251P    872
-63.01936233165789,37.38222630124636,0.,-63.01936233165789,          251P    873
37.38222630124636,34.62727750253819,-63.01936233165789,              251P    874
27.38222630124635,34.62727750253819,-73.0193623316579,               251P    875
27.38222630124635,34.62727750253819,-73.0193623316579,               251P    876
37.38222630124636,34.62727750253819,-73.0193623316579,               251P    877
47.38222630124635,34.62727750253819,-63.01936233165789,              251P    878
47.38222630124635,34.62727750253819,-63.01936233165789,              251P    879
37.38222630124636,34.62727750253819,-1.,0.,0.,1.;                    251P    880
126,1,1,1,0,1,0,3.14159265358979,3.14159265358979,                   253P    881
9.42477796076938,9.42477796076938,1.,1.,-1.,0.,0.,0.,0.,0.,          253P    882
3.14159265358979,9.42477796076938,0.,0.,1.;                          253P    883
126,1,1,1,0,1,0,0.,0.,1.,1.,1.,1.,0.,0.,0.,-1.,0.21897708609544,     255P    884
0.,0.,1.,0.,0.,1.;                                                   255P    885
126,1,1,1,0,1,0,0.1843498085929,0.1843498085929,                     257P    886
0.21897708609544,0.21897708609544,1.,1.,-1.,0.21897708609544,0.,     257P    887
-1.,0.1843498085929,0.,0.1843498085929,0.21897708609544,0.,0.,       257P    888
1.;                                                                  257P    889
126,1,1,1,0,1,0,0.,0.,1.,1.,1.,1.,-1.,0.1843498085929,0.,0.,1.,      259P    890
0.,0.,1.,0.,0.,1.;                                                   259P    891
126,1,1,1,0,1,0,0.,0.,6.28318530717959,6.28318530717959,1.,1.,       261P    892
0.,1.,0.,-1.,1.,0.,0.,6.28318530717959,0.,0.,1.;                     261P    893
126,1,1,1,0,1,0,0.,0.,1.,1.,1.,1.,-1.,1.,0.,0.,1.,0.,0.,1.,0.,       263P    894
0.,1.;                                                               263P    895
126,1,1,1,0,1,0,-0.21897708609544,-0.21897708609544,                 265P    896
-0.1843498085929,-0.1843498085929,1.,1.,0.,1.,0.,0.,0.,0.,           265P    897
-0.21897708609544,-0.1843498085929,0.,0.,1.;                         265P    898
126,1,1,1,0,1,0,0.,0.,1.,1.,1.,1.,0.,0.,0.,-1.,0.,0.,0.,1.,0.,       267P    899
0.,1.;                                                               267P    900
102,8,253,255,257,259,261,263,265,267;                               269P    901
126,6,3,0,1,0,1,3.14159265358979,3.14159265358979,                   271P    902
3.14159265358979,3.14159265358979,6.28318530717959,                  271P    903
6.28318530717959,6.28318530717959,9.42477796076938,                  271P    904
9.42477796076938,9.42477796076938,9.42477796076938,1.,               271P    905
0.33333333333333,0.33333333333333,1.,0.33333333333333,               271P    906
0.33333333333333,1.,-63.01936233165789,37.38222630124636,0.,         271P    907
-63.01936233165789,27.38222630124635,0.,-73.0193623316579,           271P    908
27.38222630124635,0.,-73.0193623316579,37.38222630124636,0.,         271P    909
-73.0193623316579,47.38222630124635,0.,-63.01936233165789,           271P    910
47.38222630124635,0.,-63.01936233165789,37.38222630124636,0.,        271P    911
3.14159265358979,9.42477796076938;                                   271P    912
126,1,1,0,0,1,0,0.1843498085929,0.1843498085929,                     273P    913
0.21897708609544,0.21897708609544,1.,1.,-63.01936233165789,          273P    914
37.38222630124636,0.,-63.01936233165789,37.38222630124636,           273P    915
34.62727750253819,0.1843498085929,0.21897708609544;                  273P    916
126,6,3,0,1,0,1,0.,0.,0.,0.,3.14159265358979,3.14159265358979,       275P    917
3.14159265358979,6.28318530717959,6.28318530717959,                  275P    918
6.28318530717959,6.28318530717959,1.,0.33333333333333,               275P    919
0.33333333333333,1.,0.33333333333333,0.33333333333333,1.,            275P    920
-63.01936233165789,37.38222630124636,34.6272775025382,               275P    921
-63.01936233165789,47.38222630124635,34.6272775025382,               275P    922
-73.0193623316579,47.38222630124635,34.6272775025382,                275P    923
-73.0193623316579,37.38222630124636,34.6272775025382,                275P    924
-73.0193623316579,27.38222630124635,34.6272775025382,                275P    925
-63.01936233165789,27.38222630124635,34.6272775025382,               275P    926
-63.01936233165789,37.38222630124636,34.6272775025382,0.,            275P    927
6.28318530717959;                                                    275P    928
126,1,1,0,0,1,0,-0.21897708609544,-0.21897708609544,                 277P    929
-0.1843498085929,-0.1843498085929,1.,1.,-63.01936233165789,          277P    930
37.38222630124636,34.62727750253819,-63.01936233165789,              277P    931
37.38222630124636,0.,-0.21897708609544,-0.1843498085929;             277P    932
102,4,271,273,275,277;                                               279P    933
142,1,251,269,279,2;                                                 281P    934
144,251,1,0,281;                                                     283P    935
314,80.0000011920929,76.03306174278259,0.,10HMixedColor;             285P    936
128,6,1,3,1,1,0,0,1,0,-1.,-1.,-1.,-1.,-0.5,-0.5,-0.5,0.,0.,0.,       287P    937
0.,0.,0.,1.,1.,1.,0.33333333333333,0.33333333333333,1.,              287P    938
0.33333333333333,0.33333333333333,1.,1.,0.33333333333333,            287P    939
0.33333333333333,1.,0.33333333333333,0.33333333333333,1.,            287P    940
50.5997463372452,34.50013313244755,0.,50.5997463372452,              287P    941
24.50013313244755,0.,40.5997463372452,24.50013313244755,0.,          287P    942
40.5997463372452,34.50013313244755,0.,40.5997463372452,              287P    943
44.50013313244755,0.,50.5997463372452,44.50013313244755,0.,          287P    944
50.5997463372452,34.50013313244755,0.,50.5997463372452,              287P    945
34.50013313244755,34.62727750253819,50.5997463372452,                287P    946
24.50013313244755,34.62727750253819,40.5997463372452,                287P    947
24.50013313244755,34.62727750253819,40.5997463372452,                287P    948
34.50013313244755,34.62727750253819,40.5997463372452,                287P    949
44.50013313244755,34.62727750253819,50.5997463372452,                287P    950
44.50013313244755,34.62727750253819,50.5997463372452,                287P    951
34.50013313244755,34.62727750253819,-1.,0.,0.,1.;                    287P    952
126,1,1,1,0,1,0,3.14159265358979,3.14159265358979,                   289P    953
9.42477796076938,9.42477796076938,1.,1.,-1.,0.,0.,0.,0.,0.,          289P    954
3.14159265358979,9.42477796076938,0.,0.,1.;                          289P    955
126,1,1,1,0,1,0,0.,0.,1.,1.,1.,1.,0.,0.,0.,-1.,0.21897708609544,     291P    956
0.,0.,1.,0.,0.,1.;                                                   291P    957
126,1,1,1,0,1,0,0.1843498085929,0.1843498085929,                     293P    958
0.21897708609544,0.21897708609544,1.,1.,-1.,0.21897708609544,0.,     293P    959
-1.,0.1843498085929,0.,0.1843498085929,0.21897708609544,0.,0.,       293P    960
1.;                                                                  293P    961
126,1,1,1,0,1,0,0.,0.,1.,1.,1.,1.,-1.,0.1843498085929,0.,0.,1.,      295P    962
0.,0.,1.,0.,0.,1.;                                                   295P    963
126,1,1,1,0,1,0,0.,0.,6.28318530717959,6.28318530717959,1.,1.,       297P    964
0.,1.,0.,-1.,1.,0.,0.,6.28318530717959,0.,0.,1.;                     297P    965
126,1,1,1,0,1,0,0.,0.,1.,1.,1.,1.,-1.,1.,0.,0.,1.,0.,0.,1.,0.,       299P    966
0.,1.;                                                               299P    967
126,1,1,1,0,1,0,-0.21897708609544,-0.21897708609544,                 301P    968
-0.1843498085929,-0.1843498085929,1.,1.,0.,1.,0.,0.,0.,0.,           301P    969
-0.21897708609544,-0.1843498085929,0.,0.,1.;                         301P    970
126,1,1,1,0,1,0,0.,0.,1.,1.,1.,1.,0.,0.,0.,-1.,0.,0.,0.,1.,0.,       303P    971
0.,1.;                                                               303P    972
102,8,289,291,293,295,297,299,301,303;                               305P    973
126,6,3,0,1,0,1,3.14159265358979,3.14159265358979,                   307P    974
3.14159265358979,3.14159265358979,6.28318530717959,                  307P    975
6.28318530717959,6.28318530717959,9.42477796076938,                  307P    976
9.42477796076938,9.42477796076938,9.42477796076938,1.,               307P    977
0.33333333333333,0.33333333333333,1.,0.33333333333333,               307P    978
0.33333333333333,1.,50.5997463372452,34.50013313244755,0.,           307P    979
50.5997463372452,24.50013313244755,0.,40.5997463372452,              307P    980
24.50013313244755,0.,40.5997463372452,34.50013313244755,0.,          307P    981
40.5997463372452,44.50013313244755,0.,50.5997463372452,              307P    982
44.50013313244755,0.,50.5997463372452,34.50013313244755,0.,          307P    983
3.14159265358979,9.42477796076938;                                   307P    984
126,1,1,0,0,1,0,0.1843498085929,0.1843498085929,                     309P    985
0.21897708609544,0.21897708609544,1.,1.,50.5997463372452,            309P    986
34.50013313244755,0.,50.5997463372452,34.50013313244755,             309P    987
34.62727750253819,0.1843498085929,0.21897708609544;                  309P    988
126,6,3,0,1,0,1,0.,0.,0.,0.,3.14159265358979,3.14159265358979,       311P    989
3.14159265358979,6.28318530717959,6.28318530717959,                  311P    990
6.28318530717959,6.28318530717959,1.,0.33333333333333,               311P    991
0.33333333333333,1.,0.33333333333333,0.33333333333333,1.,            311P    992
50.5997463372452,34.50013313244755,34.6272775025382,                 311P    993
50.5997463372452,44.50013313244755,34.6272775025382,                 311P    994
40.5997463372452,44.50013313244755,34.6272775025382,                 311P    995
40.5997463372452,34.50013313244755,34.6272775025382,                 311P    996
40.5997463372452,24.50013313244755,34.6272775025382,                 311P    997
50.5997463372452,24.50013313244755,34.6272775025382,                 311P    998
50.5997463372452,34.50013313244755,34.6272775025382,0.,              311P    999
6.28318530717959;                                                    311P   1000
126,1,1,0,0,1,0,-0.21897708609544,-0.21897708609544,                 313P   1001
-0.1843498085929,-0.1843498085929,1.,1.,50.5997463372452,            313P   1002
34.50013313244755,34.62727750253819,50.5997463372452,                313P   1003
34.50013313244755,0.,-0.21897708609544,-0.1843498085929;             313P   1004
102,4,307,309,311,313;                                               315P   1005
142,1,287,305,315,2;                                                 317P   1006
144,287,1,0,317;                                                     319P   1007
314,80.0000011920929,76.03306174278259,0.,10HMixedColor;             321P   1008
128,6,1,3,1,1,0,0,1,0,-1.,-1.,-1.,-1.,-0.5,-0.5,-0.5,0.,0.,0.,       323P   1009
0.,0.,0.,1.,1.,1.,0.33333333333333,0.33333333333333,1.,              323P   1010
0.33333333333333,0.33333333333333,1.,1.,0.33333333333333,            323P   1011
0.33333333333333,1.,0.33333333333333,0.33333333333333,1.,            323P   1012
-61.828079732628,-25.38546522225875,0.,-61.82807973262801,           323P   1013
-35.38546522225874,0.,-71.828079732628,-35.38546522225874,0.,        323P   1014
-71.828079732628,-25.38546522225875,0.,-71.828079732628,             323P   1015
-15.38546522225875,0.,-61.82807973262801,-15.38546522225875,0.,      323P   1016
-61.828079732628,-25.38546522225875,0.,-61.828079732628,             323P   1017
-25.38546522225875,34.62727750253819,-61.82807973262801,             323P   1018
-35.38546522225874,34.62727750253819,-71.828079732628,               323P   1019
-35.38546522225874,34.62727750253819,-71.828079732628,               323P   1020
-25.38546522225875,34.62727750253819,-71.828079732628,               323P   1021
-15.38546522225875,34.62727750253819,-61.82807973262801,             323P   1022
-15.38546522225875,34.62727750253819,-61.828079732628,               323P   1023
-25.38546522225875,34.62727750253819,-1.,0.,0.,1.;                   323P   1024
126,1,1,1,0,1,0,3.14159265358979,3.14159265358979,                   325P   1025
9.42477796076938,9.42477796076938,1.,1.,-1.,0.,0.,0.,0.,0.,          325P   1026
3.14159265358979,9.42477796076938,0.,0.,1.;                          325P   1027
126,1,1,1,0,1,0,0.,0.,1.,1.,1.,1.,0.,0.,0.,-1.,0.21897708609544,     327P   1028
0.,0.,1.,0.,0.,1.;                                                   327P   1029
126,1,1,1,0,1,0,0.1843498085929,0.1843498085929,                     329P   1030
0.21897708609544,0.21897708609544,1.,1.,-1.,0.21897708609544,0.,     329P   1031
-1.,0.1843498085929,0.,0.1843498085929,0.21897708609544,0.,0.,       329P   1032
1.;                                                                  329P   1033
126,1,1,1,0,1,0,0.,0.,1.,1.,1.,1.,-1.,0.1843498085929,0.,0.,1.,      331P   1034
0.,0.,1.,0.,0.,1.;                                                   331P   1035
126,1,1,1,0,1,0,0.,0.,6.28318530717959,6.28318530717959,1.,1.,       333P   1036
0.,1.,0.,-1.,1.,0.,0.,6.28318530717959,0.,0.,1.;                     333P   1037
126,1,1,1,0,1,0,0.,0.,1.,1.,1.,1.,-1.,1.,0.,0.,1.,0.,0.,1.,0.,       335P   1038
0.,1.;                                                               335P   1039
126,1,1,1,0,1,0,-0.21897708609544,-0.21897708609544,                 337P   1040
-0.1843498085929,-0.1843498085929,1.,1.,0.,1.,0.,0.,0.,0.,           337P   1041
-0.21897708609544,-0.1843498085929,0.,0.,1.;                         337P   1042
126,1,1,1,0,1,0,0.,0.,1.,1.,1.,1.,0.,0.,0.,-1.,0.,0.,0.,1.,0.,       339P   1043
0.,1.;                                                               339P   1044
102,8,325,327,329,331,333,335,337,339;                               341P   1045
126,6,3,0,1,0,1,3.14159265358979,3.14159265358979,                   343P   1046
3.14159265358979,3.14159265358979,6.28318530717959,                  343P   1047
6.28318530717959,6.28318530717959,9.42477796076938,                  343P   1048
9.42477796076938,9.42477796076938,9.42477796076938,1.,               343P   1049
0.33333333333333,0.33333333333333,1.,0.33333333333333,               343P   1050
0.33333333333333,1.,-61.828079732628,-25.38546522225875,0.,          343P   1051
-61.82807973262801,-35.38546522225874,0.,-71.828079732628,           343P   1052
-35.38546522225874,0.,-71.828079732628,-25.38546522225875,0.,        343P   1053
-71.828079732628,-15.38546522225875,0.,-61.82807973262801,           343P   1054
-15.38546522225875,0.,-61.828079732628,-25.38546522225875,0.,        343P   1055
3.14159265358979,9.42477796076938;                                   343P   1056
126,1,1,0,0,1,0,0.1843498085929,0.1843498085929,                     345P   1057
0.21897708609544,0.21897708609544,1.,1.,-61.828079732628,            345P   1058
-25.38546522225875,0.,-61.828079732628,-25.38546522225875,           345P   1059
34.62727750253819,0.1843498085929,0.21897708609544;                  345P   1060
126,6,3,0,1,0,1,0.,0.,0.,0.,3.14159265358979,3.14159265358979,       347P   1061
3.14159265358979,6.28318530717959,6.28318530717959,                  347P   1062
6.28318530717959,6.28318530717959,1.,0.33333333333333,               347P   1063
0.33333333333333,1.,0.33333333333333,0.33333333333333,1.,            347P   1064
-61.828079732628,-25.38546522225875,34.6272775025382,                347P   1065
-61.82807973262801,-15.38546522225875,34.6272775025382,              347P   1066
-71.828079732628,-15.38546522225875,34.6272775025382,                347P   1067
-71.828079732628,-25.38546522225875,34.6272775025382,                347P   1068
-71.828079732628,-35.38546522225874,34.6272775025382,                347P   1069
-61.82807973262801,-35.38546522225874,34.6272775025382,              347P   1070
-61.828079732628,-25.38546522225875,34.6272775025382,0.,             347P   1071
6.28318530717959;                                                    347P   1072
126,1,1,0,0,1,0,-0.21897708609544,-0.21897708609544,                 349P   1073
-0.1843498085929,-0.1843498085929,1.,1.,-61.828079732628,            349P   1074
-25.38546522225875,34.62727750253819,-61.828079732628,               349P   1075
-25.38546522225875,0.,-0.21897708609544,-0.1843498085929;            349P   1076
102,4,343,345,347,349;                                               351P   1077
142,1,323,341,351,2;                                                 353P   1078
144,323,1,0,353;                                                     355P   1079
314,80.0000011920929,76.03306174278259,0.,10HMixedColor;             357P   1080
128,6,1,3,1,1,0,0,1,0,-1.,-1.,-1.,-1.,-0.5,-0.5,-0.5,0.,0.,0.,       359P   1081
0.,0.,0.,1.,1.,1.,0.33333333333333,0.33333333333333,1.,              359P   1082
0.33333333333333,0.33333333333333,1.,1.,0.33333333333333,            359P   1083
0.33333333333333,1.,0.33333333333333,0.33333333333333,1.,            359P   1084
67.82609181293141,-34.20315464585675,0.,67.82609181293141,           359P   1085
-44.20315464585675,0.,57.82609181293141,-44.20315464585675,0.,       359P   1086
57.82609181293141,-34.20315464585675,0.,57.82609181293141,           359P   1087
-24.20315464585675,0.,67.82609181293141,-24.20315464585675,0.,       359P   1088
67.82609181293141,-34.20315464585675,0.,67.82609181293141,           359P   1089
-34.20315464585675,34.62727750253819,67.82609181293141,              359P   1090
-44.20315464585675,34.62727750253819,57.82609181293141,              359P   1091
-44.20315464585675,34.62727750253819,57.82609181293141,              359P   1092
-34.20315464585675,34.62727750253819,57.82609181293141,              359P   1093
-24.20315464585675,34.62727750253819,67.82609181293141,              359P   1094
-24.20315464585675,34.62727750253819,67.82609181293141,              359P   1095
-34.20315464585675,34.62727750253819,-1.,0.,0.,1.;                   359P   1096
126,1,1,1,0,1,0,3.14159265358979,3.14159265358979,                   361P   1097
9.42477796076938,9.42477796076938,1.,1.,-1.,0.,0.,0.,0.,0.,          361P   1098
3.14159265358979,9.42477796076938,0.,0.,1.;                          361P   1099
126,1,1,1,0,1,0,0.,0.,1.,1.,1.,1.,0.,0.,0.,-1.,0.21897708609544,     363P   1100
0.,0.,1.,0.,0.,1.;                                                   363P   1101
126,1,1,1,0,1,0,0.1843498085929,0.1843498085929,                     365P   1102
0.21897708609544,0.21897708609544,1.,1.,-1.,0.21897708609544,0.,     365P   1103
-1.,0.1843498085929,0.,0.1843498085929,0.21897708609544,0.,0.,       365P   1104
1.;                                                                  365P   1105
126,1,1,1,0,1,0,0.,0.,1.,1.,1.,1.,-1.,0.1843498085929,0.,0.,1.,      367P   1106
0.,0.,1.,0.,0.,1.;                                                   367P   1107
126,1,1,1,0,1,0,0.,0.,6.28318530717959,6.28318530717959,1.,1.,       369P   1108
0.,1.,0.,-1.,1.,0.,0.,6.28318530717959,0.,0.,1.;                     369P   1109
126,1,1,1,0,1,0,0.,0.,1.,1.,1.,1.,-1.,1.,0.,0.,1.,0.,0.,1.,0.,       371P   1110
0.,1.;                                                               371P   1111
126,1,1,1,0,1,0,-0.21897708609544,-0.21897708609544,                 373P   1112
-0.1843498085929,-0.1843498085929,1.,1.,0.,1.,0.,0.,0.,0.,           373P   1113
-0.21897708609544,-0.1843498085929,0.,0.,1.;                         373P   1114
126,1,1,1,0,1,0,0.,0.,1.,1.,1.,1.,0.,0.,0.,-1.,0.,0.,0.,1.,0.,       375P   1115
0.,1.;                                                               375P   1116
102,8,361,363,365,367,369,371,373,375;                               377P   1117
126,6,3,0,1,0,1,3.14159265358979,3.14159265358979,                   379P   1118
3.14159265358979,3.14159265358979,6.28318530717959,                  379P   1119
6.28318530717959,6.28318530717959,9.42477796076938,                  379P   1120
9.42477796076938,9.42477796076938,9.42477796076938,1.,               379P   1121
0.33333333333333,0.33333333333333,1.,0.33333333333333,               379P   1122
0.33333333333333,1.,67.82609181293141,-34.20315464585675,0.,         379P   1123
67.82609181293141,-44.20315464585675,0.,57.82609181293141,           379P   1124
-44.20315464585675,0.,57.82609181293141,-34.20315464585675,0.,       379P   1125
57.82609181293141,-24.20315464585675,0.,67.82609181293141,           379P   1126
-24.20315464585675,0.,67.82609181293141,-34.20315464585675,0.,       379P   1127
3.14159265358979,9.42477796076938;                                   379P   1128
126,1,1,0,0,1,0,0.1843498085929,0.1843498085929,                     381P   1129
0.21897708609544,0.21897708609544,1.,1.,67.82609181293141,           381P   1130
-34.20315464585675,0.,67.82609181293141,-34.20315464585675,          381P   1131
34.62727750253819,0.1843498085929,0.21897708609544;                  381P   1132
126,6,3,0,1,0,1,0.,0.,0.,0.,3.14159265358979,3.14159265358979,       383P   1133
3.14159265358979,6.28318530717959,6.28318530717959,                  383P   1134
6.28318530717959,6.28318530717959,1.,0.33333333333333,               383P   1135
0.33333333333333,1.,0.33333333333333,0.33333333333333,1.,            383P   1136
67.82609181293141,-34.20315464585675,34.6272775025382,               383P   1137
67.82609181293141,-24.20315464585675,34.6272775025382,               383P   1138
57.82609181293141,-24.20315464585675,34.6272775025382,               383P   1139
57.82609181293141,-34.20315464585675,34.6272775025382,               383P   1140
57.82609181293141,-44.20315464585675,34.6272775025382,               383P   1141
67.82609181293141,-44.20315464585675,34.6272775025382,               383P   1142
67.82609181293141,-34.20315464585675,34.6272775025382,0.,            383P   1143
6.28318530717959;                                                    383P   1144
126,1,1,0,0,1,0,-0.21897708609544,-0.21897708609544,                 385P   1145
-0.1843498085929,-0.1843498085929,1.,1.,67.82609181293141,           385P   1146
-34.20315464585675,34.62727750253819,67.82609181293141,              385P   1147
-34.20315464585675,0.,-0.21897708609544,-0.1843498085929;            385P   1148
102,4,379,381,383,385;                                               387P   1149
142,1,359,377,387,2;                                                 389P   1150
144,359,1,0,389;                                                     391P   1151
308,0,7HDEFAULT,10,27,55,83,111,179,247,283,319,355,391;             393P   1152
408,393,0.,0.,0.,1.;                                                 395P   1153
124,1.,0.,0.,-65.42049238967559,0.,1.,0.,18.3821856228165,0.,0.,     397P   1154
1.,93.8091613323754;                                                 397P   1155
314,68.9706027507782,0.,69.9999988079071,10HMixedColor;              399P   1156
128,1,1,1,1,0,0,1,0,0,-1.,-1.,0.,0.,0.,0.,1.,1.,1.,1.,1.,1.,         401P   1157
-89.48759617337809,-62.9041719883625,34.6272775025382,               401P   1158
84.5520468077203,-62.9041719883625,34.6272775025382,                 401P   1159
-89.48759617337809,65.400615757933,34.6272775025382,                 401P   1160
84.5520468077203,65.400615757933,34.6272775025382,-1.,0.,0.,1.;      401P   1161
126,1,1,1,0,1,0,-0.1283047877463,-0.1283047877463,0.,0.,1.,1.,       403P   1162
-1.,1.,0.,-1.,0.,0.,-0.1283047877463,0.,0.,0.,1.;                    403P   1163
126,1,1,1,0,1,0,-0.1740396429811,-0.1740396429811,0.,0.,1.,1.,       405P   1164
-1.,0.,0.,0.,0.,0.,-0.1740396429811,0.,0.,0.,1.;                     405P   1165
126,1,1,1,0,1,0,-0.1283047877463,-0.1283047877463,0.,0.,1.,1.,       407P   1166
0.,0.,0.,0.,1.,0.,-0.1283047877463,0.,0.,0.,1.;                      407P   1167
126,1,1,1,0,1,0,-0.1740396429811,-0.1740396429811,0.,0.,1.,1.,       409P   1168
0.,1.,0.,-1.,1.,0.,-0.1740396429811,0.,0.,0.,1.;                     409P   1169
102,4,403,405,407,409;                                               411P   1170
126,1,1,0,0,1,0,-0.1283047877463,-0.1283047877463,0.,0.,1.,1.,       413P   1171
-89.48759617337809,65.400615757933,34.6272775025382,                 413P   1172
-89.48759617337809,-62.9041719883625,34.6272775025382,               413P   1173
-0.1283047877463,0.;                                                 413P   1174
126,1,1,0,0,1,0,-0.1740396429811,-0.1740396429811,0.,0.,1.,1.,       415P   1175
-89.48759617337809,-62.9041719883625,34.6272775025382,               415P   1176
84.5520468077203,-62.9041719883625,34.6272775025382,                 415P   1177
-0.1740396429811,0.;                                                 415P   1178
126,1,1,0,0,1,0,-0.1283047877463,-0.1283047877463,0.,0.,1.,1.,       417P   1179
84.5520468077203,-62.9041719883625,34.6272775025382,                 417P   1180
84.5520468077203,65.400615757933,34.6272775025382,                   417P   1181
-0.1283047877463,0.;                                                 417P   1182
126,1,1,0,0,1,0,-0.1740396429811,-0.1740396429811,0.,0.,1.,1.,       419P   1183
84.5520468077203,65.400615757933,34.6272775025382,                   419P   1184
-89.48759617337809,65.400615757933,34.6272775025382,                 419P   1185
-0.1740396429811,0.;                                                 419P   1186
102,4,413,415,417,419;                                               421P   1187
142,1,401,411,421,2;                                                 423P   1188
126,64,2,1,1,1,1,-6.28318530717959,-6.28318530717959,                425P   1189
-6.28318530717959,-6.08683576633022,-6.08683576633022,               425P   1190
-5.89048622548086,-5.89048622548086,-5.6941366846315,                425P   1191
-5.6941366846315,-5.49778714378214,-5.49778714378214,                425P   1192
-5.30143760293278,-5.30143760293278,-5.10508806208341,               425P   1193
-5.10508806208341,-4.90873852123405,-4.90873852123405,               425P   1194
-4.71238898038469,-4.71238898038469,-4.51603943953533,               425P   1195
-4.51603943953533,-4.31968989868597,-4.31968989868597,               425P   1196
-4.1233403578366,-4.1233403578366,-3.92699081698724,                 425P   1197
-3.92699081698724,-3.73064127613788,-3.73064127613788,               425P   1198
-3.53429173528852,-3.53429173528852,-3.33794219443916,               425P   1199
-3.33794219443916,-3.14159265358979,-3.14159265358979,               425P   1200
-2.94524311274043,-2.94524311274043,-2.74889357189107,               425P   1201
-2.74889357189107,-2.55254403104171,-2.55254403104171,               425P   1202
-2.35619449019234,-2.35619449019234,-2.15984494934298,               425P   1203
-2.15984494934298,-1.96349540849362,-1.96349540849362,               425P   1204
-1.76714586764426,-1.76714586764426,-1.5707963267949,                425P   1205
-1.5707963267949,-1.37444678594553,-1.37444678594553,                425P   1206
-1.17809724509617,-1.17809724509617,-0.98174770424681,               425P   1207
-0.98174770424681,-0.78539816339745,-0.78539816339745,               425P   1208
-0.58904862254809,-0.58904862254809,-0.39269908169872,               425P   1209
-0.39269908169872,-0.19634954084936,-0.19634954084936,0.,0.,0.,      425P   1210
1.,1.,1.,1.,1.,1.,1.,1.,1.,1.,1.,1.,1.,1.,1.,1.,1.,1.,1.,1.,1.,      425P   1211
1.,1.,1.,1.,1.,1.,1.,1.,1.,1.,1.,1.,1.,1.,1.,1.,1.,1.,1.,1.,1.,      425P   1212
1.,1.,1.,1.,1.,1.,1.,1.,1.,1.,1.,1.,1.,1.,1.,1.,1.,1.,1.,1.,1.,      425P   1213
1.,1.,-0.84791836280315,0.78162631380452,0.,-0.84791836280315,       425P   1214
0.77778813266229,0.,-0.8484703841492,0.77402370109447,0.,            425P   1215
-0.84902240549525,0.77025926952665,0.,-0.85010523431659,             425P   1216
0.76671325252727,0.,-0.85118806313793,0.76316723552789,0.,           425P   1217
-0.85276008693022,0.75997590454162,0.,-0.85433211072251,             425P   1218
0.75678457355534,0.,-0.85633291749301,0.75407056964224,0.,           425P   1219
-0.85833372426351,0.75135656572915,0.,-0.8606864241301,              425P   1220
0.74922418653759,0.,-0.86303912399668,0.74709180734603,0.,           425P   1221
-0.86565330402289,0.74562299901248,0.,-0.8682674840491,              425P   1222
0.74415419067893,0.,-0.87104268276258,0.74340539868394,0.,           425P   1223
-0.87381788147605,0.74265660668894,0.,-0.87664744954659,             425P   1224
0.74265660668894,0.,-0.87947701761712,0.74265660668894,0.,           425P   1225
-0.88225221633059,0.74340539868394,0.,-0.88502741504407,             425P   1226
0.74415419067893,0.,-0.88764159507028,0.74562299901248,0.,           425P   1227
-0.89025577509649,0.74709180734603,0.,-0.89260847496307,             425P   1228
0.74922418653759,0.,-0.89496117482966,0.75135656572915,0.,           425P   1229
-0.89696198160016,0.75407056964224,0.,-0.89896278837066,             425P   1230
0.75678457355534,0.,-0.90053481216295,0.75997590454162,0.,           425P   1231
-0.90210683595524,0.76316723552789,0.,-0.90318966477658,             425P   1232
0.76671325252727,0.,-0.90427249359793,0.77025926952665,0.,           425P   1233
-0.90482451494397,0.77402370109447,0.,-0.90537653629002,             425P   1234
0.77778813266229,0.,-0.90537653629002,0.78162631380452,0.,           425P   1235
-0.90537653629002,0.78546449494676,0.,-0.90482451494397,             425P   1236
0.78922892651458,0.,-0.90427249359793,0.7929933580824,0.,            425P   1237
-0.90318966477658,0.79653937508178,0.,-0.90210683595524,             425P   1238
0.80008539208116,0.,-0.90053481216295,0.80327672306743,0.,           425P   1239
-0.89896278837066,0.80646805405371,0.,-0.89696198160016,             425P   1240
0.80918205796681,0.,-0.89496117482966,0.8118960618799,0.,            425P   1241
-0.89260847496307,0.81402844107146,0.,-0.89025577509649,             425P   1242
0.81616082026302,0.,-0.88764159507028,0.81762962859657,0.,           425P   1243
-0.88502741504407,0.81909843693012,0.,-0.88225221633059,             425P   1244
0.81984722892511,0.,-0.87947701761712,0.82059602092011,0.,           425P   1245
-0.87664744954659,0.82059602092011,0.,-0.87381788147605,             425P   1246
0.82059602092011,0.,-0.87104268276258,0.81984722892511,0.,           425P   1247
-0.8682674840491,0.81909843693012,0.,-0.86565330402289,              425P   1248
0.81762962859657,0.,-0.86303912399668,0.81616082026302,0.,           425P   1249
-0.8606864241301,0.81402844107146,0.,-0.85833372426351,              425P   1250
0.8118960618799,0.,-0.85633291749301,0.80918205796681,0.,            425P   1251
-0.85433211072251,0.80646805405371,0.,-0.85276008693022,             425P   1252
0.80327672306743,0.,-0.85118806313793,0.80008539208116,0.,           425P   1253
-0.85010523431659,0.79653937508178,0.,-0.84902240549525,             425P   1254
0.7929933580824,0.,-0.8484703841492,0.78922892651458,0.,             425P   1255
-0.84791836280315,0.78546449494676,0.,-0.84791836280315,             425P   1256
0.78162631380452,0.,-6.28318530717959,0.,0.,0.,1.;                   425P   1257
102,1,425;                                                           427P   1258
126,6,3,0,1,0,1,-6.28318530717959,-6.28318530717959,                 429P   1259
-6.28318530717959,-6.28318530717959,-3.14159265358979,               429P   1260
-3.14159265358979,-3.14159265358979,0.,0.,0.,0.,1.,                  429P   1261
0.33333333333333,0.33333333333333,1.,0.33333333333333,               429P   1262
0.33333333333333,1.,-63.01936233165789,37.38222630124636,            429P   1263
34.6272775025382,-63.01936233165789,27.38222630124635,               429P   1264
34.6272775025382,-73.0193623316579,27.38222630124635,                429P   1265
34.6272775025382,-73.0193623316579,37.38222630124636,                429P   1266
34.6272775025382,-73.0193623316579,47.38222630124635,                429P   1267
34.6272775025382,-63.01936233165789,47.38222630124635,               429P   1268
34.6272775025382,-63.01936233165789,37.38222630124636,               429P   1269
34.6272775025382,-6.28318530717959,0.;                               429P   1270
102,1,429;                                                           431P   1271
142,1,401,427,431,2;                                                 433P   1272
126,64,2,1,1,1,1,-6.28318530717959,-6.28318530717959,                435P   1273
-6.28318530717959,-6.08683576633022,-6.08683576633022,               435P   1274
-5.89048622548086,-5.89048622548086,-5.6941366846315,                435P   1275
-5.6941366846315,-5.49778714378214,-5.49778714378214,                435P   1276
-5.30143760293278,-5.30143760293278,-5.10508806208341,               435P   1277
-5.10508806208341,-4.90873852123405,-4.90873852123405,               435P   1278
-4.71238898038469,-4.71238898038469,-4.51603943953533,               435P   1279
-4.51603943953533,-4.31968989868597,-4.31968989868597,               435P   1280
-4.1233403578366,-4.1233403578366,-3.92699081698724,                 435P   1281
-3.92699081698724,-3.73064127613788,-3.73064127613788,               435P   1282
-3.53429173528852,-3.53429173528852,-3.33794219443916,               435P   1283
-3.33794219443916,-3.14159265358979,-3.14159265358979,               435P   1284
-2.94524311274043,-2.94524311274043,-2.74889357189107,               435P   1285
-2.74889357189107,-2.55254403104171,-2.55254403104171,               435P   1286
-2.35619449019234,-2.35619449019234,-2.15984494934298,               435P   1287
-2.15984494934298,-1.96349540849362,-1.96349540849362,               435P   1288
-1.76714586764426,-1.76714586764426,-1.5707963267949,                435P   1289
-1.5707963267949,-1.37444678594553,-1.37444678594553,                435P   1290
-1.17809724509617,-1.17809724509617,-0.98174770424681,               435P   1291
-0.98174770424681,-0.78539816339745,-0.78539816339745,               435P   1292
-0.58904862254809,-0.58904862254809,-0.39269908169872,               435P   1293
-0.39269908169872,-0.19634954084936,-0.19634954084936,0.,0.,0.,      435P   1294
1.,1.,1.,1.,1.,1.,1.,1.,1.,1.,1.,1.,1.,1.,1.,1.,1.,1.,1.,1.,1.,      435P   1295
1.,1.,1.,1.,1.,1.,1.,1.,1.,1.,1.,1.,1.,1.,1.,1.,1.,1.,1.,1.,1.,      435P   1296
1.,1.,1.,1.,1.,1.,1.,1.,1.,1.,1.,1.,1.,1.,1.,1.,1.,1.,1.,1.,1.,      435P   1297
1.,1.,-0.19508371707107,0.75916344847094,0.,-0.19508371707107,       435P   1298
0.75532526732871,0.,-0.19563573841712,0.75156083576089,0.,           435P   1299
-0.19618775976317,0.74779640419307,0.,-0.19727058858451,             435P   1300
0.74425038719369,0.,-0.19835341740585,0.74070437019431,0.,           435P   1301
-0.19992544119814,0.73751303920803,0.,-0.20149746499043,             435P   1302
0.73432170822176,0.,-0.20349827176093,0.73160770430866,0.,           435P   1303
-0.20549907853143,0.72889370039557,0.,-0.20785177839802,             435P   1304
0.72676132120401,0.,-0.2102044782646,0.72462894201245,0.,            435P   1305
-0.21281865829081,0.7231601336789,0.,-0.21543283831702,              435P   1306
0.72169132534535,0.,-0.2182080370305,0.72094253335036,0.,            435P   1307
-0.22098323574397,0.72019374135536,0.,-0.22381280381451,             435P   1308
0.72019374135536,0.,-0.22664237188504,0.72019374135536,0.,           435P   1309
-0.22941757059851,0.72094253335036,0.,-0.23219276931199,             435P   1310
0.72169132534535,0.,-0.2348069493382,0.7231601336789,0.,             435P   1311
-0.23742112936441,0.72462894201245,0.,-0.23977382923099,             435P   1312
0.72676132120401,0.,-0.24212652909758,0.72889370039557,0.,           435P   1313
-0.24412733586808,0.73160770430866,0.,-0.24612814263858,             435P   1314
0.73432170822176,0.,-0.24770016643087,0.73751303920803,0.,           435P   1315
-0.24927219022316,0.74070437019431,0.,-0.2503550190445,              435P   1316
0.74425038719369,0.,-0.25143784786585,0.74779640419307,0.,           435P   1317
-0.25198986921189,0.75156083576089,0.,-0.25254189055794,             435P   1318
0.75532526732871,0.,-0.25254189055794,0.75916344847094,0.,           435P   1319
-0.25254189055794,0.76300162961317,0.,-0.25198986921189,             435P   1320
0.766766061181,0.,-0.25143784786585,0.77053049274882,0.,             435P   1321
-0.2503550190445,0.7740765097482,0.,-0.24927219022316,               435P   1322
0.77762252674757,0.,-0.24770016643087,0.78081385773385,0.,           435P   1323
-0.24612814263858,0.78400518872013,0.,-0.24412733586808,             435P   1324
0.78671919263322,0.,-0.24212652909758,0.78943319654632,0.,           435P   1325
-0.23977382923099,0.79156557573788,0.,-0.23742112936441,             435P   1326
0.79369795492944,0.,-0.2348069493382,0.79516676326299,0.,            435P   1327
-0.23219276931199,0.79663557159654,0.,-0.22941757059851,             435P   1328
0.79738436359153,0.,-0.22664237188504,0.79813315558652,0.,           435P   1329
-0.22381280381451,0.79813315558652,0.,-0.22098323574397,             435P   1330
0.79813315558652,0.,-0.2182080370305,0.79738436359153,0.,            435P   1331
-0.21543283831702,0.79663557159654,0.,-0.21281865829081,             435P   1332
0.79516676326299,0.,-0.2102044782646,0.79369795492944,0.,            435P   1333
-0.20785177839802,0.79156557573788,0.,-0.20549907853143,             435P   1334
0.78943319654632,0.,-0.20349827176093,0.78671919263322,0.,           435P   1335
-0.20149746499043,0.78400518872013,0.,-0.19992544119814,             435P   1336
0.78081385773385,0.,-0.19835341740585,0.77762252674757,0.,           435P   1337
-0.19727058858451,0.7740765097482,0.,-0.19618775976317,              435P   1338
0.77053049274882,0.,-0.19563573841712,0.766766061181,0.,             435P   1339
-0.19508371707107,0.76300162961317,0.,-0.19508371707107,             435P   1340
0.75916344847094,0.,-6.28318530717959,0.,0.,0.,1.;                   435P   1341
102,1,435;                                                           437P   1342
126,6,3,0,1,0,1,-6.28318530717959,-6.28318530717959,                 439P   1343
-6.28318530717959,-6.28318530717959,-3.14159265358979,               439P   1344
-3.14159265358979,-3.14159265358979,0.,0.,0.,0.,1.,                  439P   1345
0.33333333333333,0.33333333333333,1.,0.33333333333333,               439P   1346
0.33333333333333,1.,50.5997463372452,34.50013313244755,              439P   1347
34.6272775025382,50.5997463372452,24.50013313244755,                 439P   1348
34.6272775025382,40.5997463372452,24.50013313244755,                 439P   1349
34.6272775025382,40.5997463372452,34.50013313244755,                 439P   1350
34.6272775025382,40.5997463372452,44.50013313244755,                 439P   1351
34.6272775025382,50.5997463372452,44.50013313244755,                 439P   1352
34.6272775025382,50.5997463372452,34.50013313244755,                 439P   1353
34.6272775025382,-6.28318530717959,0.;                               439P   1354
102,1,439;                                                           441P   1355
142,1,401,437,441,2;                                                 443P   1356
126,64,2,1,1,1,1,-6.28318530717959,-6.28318530717959,                445P   1357
-6.28318530717959,-6.08683576633022,-6.08683576633022,               445P   1358
-5.89048622548086,-5.89048622548086,-5.6941366846315,                445P   1359
-5.6941366846315,-5.49778714378214,-5.49778714378214,                445P   1360
-5.30143760293278,-5.30143760293278,-5.10508806208341,               445P   1361
-5.10508806208341,-4.90873852123405,-4.90873852123405,               445P   1362
-4.71238898038469,-4.71238898038469,-4.51603943953533,               445P   1363
-4.51603943953533,-4.31968989868597,-4.31968989868597,               445P   1364
-4.1233403578366,-4.1233403578366,-3.92699081698724,                 445P   1365
-3.92699081698724,-3.73064127613788,-3.73064127613788,               445P   1366
-3.53429173528852,-3.53429173528852,-3.33794219443916,               445P   1367
-3.33794219443916,-3.14159265358979,-3.14159265358979,               445P   1368
-2.94524311274043,-2.94524311274043,-2.74889357189107,               445P   1369
-2.74889357189107,-2.55254403104171,-2.55254403104171,               445P   1370
-2.35619449019234,-2.35619449019234,-2.15984494934298,               445P   1371
-2.15984494934298,-1.96349540849362,-1.96349540849362,               445P   1372
-1.76714586764426,-1.76714586764426,-1.5707963267949,                445P   1373
-1.5707963267949,-1.37444678594553,-1.37444678594553,                445P   1374
-1.17809724509617,-1.17809724509617,-0.98174770424681,               445P   1375
-0.98174770424681,-0.78539816339745,-0.78539816339745,               445P   1376
-0.58904862254809,-0.58904862254809,-0.39269908169872,               445P   1377
-0.39269908169872,-0.19634954084936,-0.19634954084936,0.,0.,0.,      445P   1378
1.,1.,1.,1.,1.,1.,1.,1.,1.,1.,1.,1.,1.,1.,1.,1.,1.,1.,1.,1.,1.,      445P   1379
1.,1.,1.,1.,1.,1.,1.,1.,1.,1.,1.,1.,1.,1.,1.,1.,1.,1.,1.,1.,1.,      445P   1380
1.,1.,1.,1.,1.,1.,1.,1.,1.,1.,1.,1.,1.,1.,1.,1.,1.,1.,1.,1.,1.,      445P   1381
1.,1.,-0.84107347057846,0.29241860280609,0.,-0.84107347057846,       445P   1382
0.28858042166386,0.,-0.8416254919245,0.28481599009604,0.,            445P   1383
-0.84217751327055,0.28105155852822,0.,-0.84326034209189,             445P   1384
0.27750554152884,0.,-0.84434317091323,0.27395952452946,0.,           445P   1385
-0.84591519470552,0.27076819354318,0.,-0.84748721849781,             445P   1386
0.2675768625569,0.,-0.84948802526831,0.26486285864381,0.,            445P   1387
-0.85148883203881,0.26214885473072,0.,-0.8538415319054,              445P   1388
0.26001647553915,0.,-0.85619423177199,0.25788409634759,0.,           445P   1389
-0.8588084117982,0.25641528801405,0.,-0.86142259182441,              445P   1390
0.2549464796805,0.,-0.86419779053789,0.2541976876855,0.,             445P   1391
-0.86697298925136,0.25344889569051,0.,-0.86980255732189,             445P   1392
0.25344889569051,0.,-0.87263212539242,0.25344889569051,0.,           445P   1393
-0.8754073241059,0.2541976876855,0.,-0.87818252281937,               445P   1394
0.2549464796805,0.,-0.88079670284558,0.25641528801405,0.,            445P   1395
-0.88341088287179,0.25788409634759,0.,-0.88576358273838,             445P   1396
0.26001647553915,0.,-0.88811628260497,0.26214885473071,0.,           445P   1397
-0.89011708937547,0.26486285864381,0.,-0.89211789614597,             445P   1398
0.2675768625569,0.,-0.89368991993826,0.27076819354318,0.,            445P   1399
-0.89526194373055,0.27395952452946,0.,-0.89634477255189,             445P   1400
0.27750554152884,0.,-0.89742760137323,0.28105155852822,0.,           445P   1401
-0.89797962271928,0.28481599009604,0.,-0.89853164406532,             445P   1402
0.28858042166386,0.,-0.89853164406532,0.29241860280609,0.,           445P   1403
-0.89853164406532,0.29625678394832,0.,-0.89797962271928,             445P   1404
0.30002121551614,0.,-0.89742760137323,0.30378564708397,0.,           445P   1405
-0.89634477255189,0.30733166408334,0.,-0.89526194373055,             445P   1406
0.31087768108272,0.,-0.89368991993826,0.314069012069,0.,             445P   1407
-0.89211789614597,0.31726034305528,0.,-0.89011708937547,             445P   1408
0.31997434696837,0.,-0.88811628260497,0.32268835088147,0.,           445P   1409
-0.88576358273838,0.32482073007303,0.,-0.88341088287179,             445P   1410
0.32695310926459,0.,-0.88079670284558,0.32842191759814,0.,           445P   1411
-0.87818252281937,0.32989072593168,0.,-0.8754073241059,              445P   1412
0.33063951792668,0.,-0.87263212539242,0.33138830992167,0.,           445P   1413
-0.86980255732189,0.33138830992167,0.,-0.86697298925136,             445P   1414
0.33138830992167,0.,-0.86419779053789,0.33063951792668,0.,           445P   1415
-0.86142259182441,0.32989072593168,0.,-0.8588084117982,              445P   1416
0.32842191759814,0.,-0.85619423177199,0.32695310926459,0.,           445P   1417
-0.8538415319054,0.32482073007303,0.,-0.85148883203881,              445P   1418
0.32268835088147,0.,-0.84948802526831,0.31997434696837,0.,           445P   1419
-0.84748721849781,0.31726034305528,0.,-0.84591519470552,             445P   1420
0.314069012069,0.,-0.84434317091323,0.31087768108272,0.,             445P   1421
-0.84326034209189,0.30733166408334,0.,-0.84217751327055,             445P   1422
0.30378564708397,0.,-0.8416254919245,0.30002121551614,0.,            445P   1423
-0.84107347057846,0.29625678394832,0.,-0.84107347057846,             445P   1424
0.29241860280609,0.,-6.28318530717959,0.,0.,0.,1.;                   445P   1425
102,1,445;                                                           447P   1426
126,6,3,0,1,0,1,-6.28318530717959,-6.28318530717959,                 449P   1427
-6.28318530717959,-6.28318530717959,-3.14159265358979,               449P   1428
-3.14159265358979,-3.14159265358979,0.,0.,0.,0.,1.,                  449P   1429
0.33333333333333,0.33333333333333,1.,0.33333333333333,               449P   1430
0.33333333333333,1.,-61.828079732628,-25.38546522225875,             449P   1431
34.6272775025382,-61.82807973262801,-35.38546522225874,              449P   1432
34.6272775025382,-71.828079732628,-35.38546522225874,                449P   1433
34.6272775025382,-71.828079732628,-25.38546522225875,                449P   1434
34.6272775025382,-71.828079732628,-15.38546522225875,                449P   1435
34.6272775025382,-61.82807973262801,-15.38546522225875,              449P   1436
34.6272775025382,-61.828079732628,-25.38546522225875,                449P   1437
34.6272775025382,-6.28318530717959,0.;                               449P   1438
102,1,449;                                                           451P   1439
142,1,401,447,451,2;                                                 453P   1440
126,64,2,1,1,1,1,-6.28318530717959,-6.28318530717959,                455P   1441
-6.28318530717959,-6.08683576633022,-6.08683576633022,               455P   1442
-5.89048622548086,-5.89048622548086,-5.6941366846315,                455P   1443
-5.6941366846315,-5.49778714378214,-5.49778714378214,                455P   1444
-5.30143760293278,-5.30143760293278,-5.10508806208341,               455P   1445
-5.10508806208341,-4.90873852123405,-4.90873852123405,               455P   1446
-4.71238898038469,-4.71238898038469,-4.51603943953533,               455P   1447
-4.51603943953533,-4.31968989868597,-4.31968989868597,               455P   1448
-4.1233403578366,-4.1233403578366,-3.92699081698724,                 455P   1449
-3.92699081698724,-3.73064127613788,-3.73064127613788,               455P   1450
-3.53429173528852,-3.53429173528852,-3.33794219443916,               455P   1451
-3.33794219443916,-3.14159265358979,-3.14159265358979,               455P   1452
-2.94524311274043,-2.94524311274043,-2.74889357189107,               455P   1453
-2.74889357189107,-2.55254403104171,-2.55254403104171,               455P   1454
-2.35619449019234,-2.35619449019234,-2.15984494934298,               455P   1455
-2.15984494934298,-1.96349540849362,-1.96349540849362,               455P   1456
-1.76714586764426,-1.76714586764426,-1.5707963267949,                455P   1457
-1.5707963267949,-1.37444678594553,-1.37444678594553,                455P   1458
-1.17809724509617,-1.17809724509617,-0.98174770424681,               455P   1459
-0.98174770424681,-0.78539816339745,-0.78539816339745,               455P   1460
-0.58904862254809,-0.58904862254809,-0.39269908169872,               455P   1461
-0.39269908169872,-0.19634954084936,-0.19634954084936,0.,0.,0.,      455P   1462
1.,1.,1.,1.,1.,1.,1.,1.,1.,1.,1.,1.,1.,1.,1.,1.,1.,1.,1.,1.,1.,      455P   1463
1.,1.,1.,1.,1.,1.,1.,1.,1.,1.,1.,1.,1.,1.,1.,1.,1.,1.,1.,1.,1.,      455P   1464
1.,1.,1.,1.,1.,1.,1.,1.,1.,1.,1.,1.,1.,1.,1.,1.,1.,1.,1.,1.,1.,      455P   1465
1.,1.,-0.09610428238241,0.22369404795134,0.,-0.09610428238241,       455P   1466
0.2198558668091,0.,-0.09665630372845,0.21609143524128,0.,            455P   1467
-0.0972083250745,0.21232700367346,0.,-0.09829115389584,              455P   1468
0.20878098667408,0.,-0.09937398271718,0.2052349696747,0.,            455P   1469
-0.10094600650947,0.20204363868843,0.,-0.10251803030176,             455P   1470
0.19885230770215,0.,-0.10451883707226,0.19613830378905,0.,           455P   1471
-0.10651964384276,0.19342429987596,0.,-0.10887234370935,             455P   1472
0.1912919206844,0.,-0.11122504357594,0.18915954149284,0.,            455P   1473
-0.11383922360215,0.18769073315929,0.,-0.11645340362836,             455P   1474
0.18622192482574,0.,-0.11922860234183,0.18547313283075,0.,           455P   1475
-0.12200380105531,0.18472434083575,0.,-0.12483336912584,             455P   1476
0.18472434083575,0.,-0.12766293719637,0.18472434083575,0.,           455P   1477
-0.13043813590985,0.18547313283075,0.,-0.13321333462332,             455P   1478
0.18622192482574,0.,-0.13582751464953,0.18769073315929,0.,           455P   1479
-0.13844169467574,0.18915954149284,0.,-0.14079439454233,             455P   1480
0.1912919206844,0.,-0.14314709440892,0.19342429987596,0.,            455P   1481
-0.14514790117942,0.19613830378905,0.,-0.14714870794992,             455P   1482
0.19885230770215,0.,-0.14872073174221,0.20204363868843,0.,           455P   1483
-0.1502927555345,0.2052349696747,0.,-0.15137558435584,               455P   1484
0.20878098667408,0.,-0.15245841317718,0.21232700367346,0.,           455P   1485
-0.15301043452323,0.21609143524128,0.,-0.15356245586927,             455P   1486
0.2198558668091,0.,-0.15356245586927,0.22369404795134,0.,            455P   1487
-0.15356245586927,0.22753222909357,0.,-0.15301043452323,             455P   1488
0.23129666066139,0.,-0.15245841317718,0.23506109222921,0.,           455P   1489
-0.15137558435584,0.23860710922859,0.,-0.1502927555345,              455P   1490
0.24215312622797,0.,-0.14872073174221,0.24534445721424,0.,           455P   1491
-0.14714870794992,0.24853578820052,0.,-0.14514790117942,             455P   1492
0.25124979211362,0.,-0.14314709440892,0.25396379602671,0.,           455P   1493
-0.14079439454233,0.25609617521827,0.,-0.13844169467574,             455P   1494
0.25822855440983,0.,-0.13582751464953,0.25969736274338,0.,           455P   1495
-0.13321333462332,0.26116617107693,0.,-0.13043813590985,             455P   1496
0.26191496307192,0.,-0.12766293719637,0.26266375506692,0.,           455P   1497
-0.12483336912584,0.26266375506692,0.,-0.12200380105531,             455P   1498
0.26266375506692,0.,-0.11922860234183,0.26191496307192,0.,           455P   1499
-0.11645340362836,0.26116617107693,0.,-0.11383922360215,             455P   1500
0.25969736274338,0.,-0.11122504357594,0.25822855440983,0.,           455P   1501
-0.10887234370935,0.25609617521827,0.,-0.10651964384276,             455P   1502
0.25396379602671,0.,-0.10451883707226,0.25124979211362,0.,           455P   1503
-0.10251803030176,0.24853578820052,0.,-0.10094600650947,             455P   1504
0.24534445721424,0.,-0.09937398271718,0.24215312622797,0.,           455P   1505
-0.09829115389584,0.23860710922859,0.,-0.0972083250745,              455P   1506
0.23506109222921,0.,-0.09665630372845,0.23129666066139,0.,           455P   1507
-0.09610428238241,0.22753222909357,0.,-0.09610428238241,             455P   1508
0.22369404795134,0.,-6.28318530717959,0.,0.,0.,1.;                   455P   1509
102,1,455;                                                           457P   1510
126,6,3,0,1,0,1,-6.28318530717959,-6.28318530717959,                 459P   1511
-6.28318530717959,-6.28318530717959,-3.14159265358979,               459P   1512
-3.14159265358979,-3.14159265358979,0.,0.,0.,0.,1.,                  459P   1513
0.33333333333333,0.33333333333333,1.,0.33333333333333,               459P   1514
0.33333333333333,1.,67.82609181293141,-34.20315464585675,            459P   1515
34.6272775025382,67.82609181293141,-44.20315464585675,               459P   1516
34.6272775025382,57.82609181293141,-44.20315464585675,               459P   1517
34.6272775025382,57.82609181293141,-34.20315464585675,               459P   1518
34.6272775025382,57.82609181293141,-24.20315464585675,               459P   1519
34.6272775025382,67.82609181293141,-24.20315464585675,               459P   1520
34.6272775025382,67.82609181293141,-34.20315464585675,               459P   1521
34.6272775025382,-6.28318530717959,0.;                               459P   1522
102,1,459;                                                           461P   1523
142,1,401,457,461,2;                                                 463P   1524
126,1,1,1,0,1,0,-0.08860960206609,-0.08860960206609,0.,0.,1.,1.,     465P   1525
-0.68090673266687,0.16828445289384,0.,-0.68090673266687,             465P   1526
0.85890250092263,0.,-0.08860960206609,0.,0.,0.,1.;                   465P   1527
126,1,1,1,0,1,0,-0.03261267892052,-0.03261267892052,0.,0.,1.,1.,     467P   1528
-0.68090673266687,0.85890250092263,0.,-0.49352023633821,             467P   1529
0.85890250092263,0.,-0.03261267892052,0.,0.,0.,1.;                   467P   1530
126,1,1,1,0,1,0,-0.08860960206609,-0.08860960206609,0.,0.,1.,1.,     469P   1531
-0.49352023633821,0.85890250092263,0.,-0.49352023633821,             469P   1532
0.16828445289384,0.,-0.08860960206609,0.,0.,0.,1.;                   469P   1533
126,1,1,1,0,1,0,-0.03261267892052,-0.03261267892052,0.,0.,1.,1.,     471P   1534
-0.49352023633821,0.16828445289384,0.,-0.68090673266687,             471P   1535
0.16828445289384,0.,-0.03261267892052,0.,0.,0.,1.;                   471P   1536
102,4,465,467,469,471;                                               473P   1537
126,1,1,0,0,1,0,-0.08860960206609,-0.08860960206609,0.,0.,1.,1.,     475P   1538
-33.9527178490486,-41.31247097881645,34.6272775025382,               475P   1539
-33.9527178490486,47.2971310872775,34.6272775025382,                 475P   1540
-0.08860960206609,0.;                                                475P   1541
126,1,1,0,0,1,0,-0.03261267892052,-0.03261267892052,0.,0.,1.,1.,     477P   1542
-33.9527178490486,47.2971310872775,34.6272775025382,                 477P   1543
-1.34003892852924,47.2971310872775,34.6272775025382,                 477P   1544
-0.03261267892052,0.;                                                477P   1545
126,1,1,0,0,1,0,-0.08860960206609,-0.08860960206609,0.,0.,1.,1.,     479P   1546
-1.34003892852924,47.29713108727749,34.6272775025382,                479P   1547
-1.34003892852924,-41.31247097881646,34.6272775025382,               479P   1548
-0.08860960206609,0.;                                                479P   1549
126,1,1,0,0,1,0,-0.03261267892052,-0.03261267892052,0.,0.,1.,1.,     481P   1550
-1.34003892852924,-41.31247097881646,34.6272775025382,               481P   1551
-33.9527178490486,-41.31247097881646,34.6272775025382,               481P   1552
-0.03261267892052,0.;                                                481P   1553
102,4,475,477,479,481;                                               483P   1554
142,1,401,473,483,2;                                                 485P   1555
144,401,1,5,423,433,443,453,463,485;                                 487P   1556
314,68.9706027507782,0.,69.9999988079071,10HMixedColor;              489P   1557
128,1,1,1,1,0,0,1,0,0,0.,0.,1.,1.,0.,0.,1.,1.,1.,1.,1.,1.,           491P   1558
-89.48759617337809,-62.9041719883625,0.,-89.48759617337809,          491P   1559
-62.9041719883625,34.6272775025382,-89.48759617337809,               491P   1560
65.400615757933,0.,-89.48759617337809,65.400615757933,               491P   1561
34.6272775025382,0.,1.,0.,1.;                                        491P   1562
126,1,1,1,0,1,0,-0.1283047877463,-0.1283047877463,0.,0.,1.,1.,       493P   1563
0.,1.,0.,0.,0.,0.,-0.1283047877463,0.,0.,0.,1.;                      493P   1564
126,1,1,1,0,1,0,-0.03462727750254,-0.03462727750254,0.,0.,1.,1.,     495P   1565
0.,0.,0.,1.,0.,0.,-0.03462727750254,0.,0.,0.,1.;                     495P   1566
126,1,1,1,0,1,0,0.,0.,0.1283047877463,0.1283047877463,1.,1.,1.,      497P   1567
0.,0.,1.,1.,0.,0.,0.1283047877463,0.,0.,1.;                          497P   1568
126,1,1,1,0,1,0,0.,0.,0.03462727750254,0.03462727750254,1.,1.,       499P   1569
1.,1.,0.,0.,1.,0.,0.,0.03462727750254,0.,0.,1.;                      499P   1570
102,4,493,495,497,499;                                               501P   1571
126,1,1,0,0,1,0,-0.1283047877463,-0.1283047877463,0.,0.,1.,1.,       503P   1572
-89.48759617337809,65.400615757933,0.,-89.48759617337809,            503P   1573
-62.9041719883625,0.,-0.1283047877463,0.;                            503P   1574
126,1,1,0,0,1,0,-0.03462727750254,-0.03462727750254,0.,0.,1.,1.,     505P   1575
-89.48759617337809,-62.9041719883625,0.,-89.48759617337809,          505P   1576
-62.9041719883625,34.6272775025382,-0.03462727750254,0.;             505P   1577
126,1,1,0,0,1,0,0.,0.,0.1283047877463,0.1283047877463,1.,1.,         507P   1578
-89.48759617337809,-62.9041719883625,34.6272775025382,               507P   1579
-89.48759617337809,65.400615757933,34.6272775025382,0.,              507P   1580
0.1283047877463;                                                     507P   1581
126,1,1,0,0,1,0,0.,0.,0.03462727750254,0.03462727750254,1.,1.,       509P   1582
-89.48759617337809,65.400615757933,34.6272775025382,                 509P   1583
-89.48759617337809,65.400615757933,0.,0.,0.03462727750254;           509P   1584
102,4,503,505,507,509;                                               511P   1585
142,1,491,501,511,2;                                                 513P   1586
144,491,1,0,513;                                                     515P   1587
314,68.9706027507782,0.,69.9999988079071,10HMixedColor;              517P   1588
128,1,1,1,1,0,0,1,0,0,0.,0.,1.,1.,0.,0.,1.,1.,1.,1.,1.,1.,           519P   1589
-89.48759617337809,65.400615757933,0.,-89.48759617337809,            519P   1590
65.400615757933,34.6272775025382,84.5520468077203,                   519P   1591
65.400615757933,0.,84.5520468077203,65.400615757933,                 519P   1592
34.6272775025382,0.,1.,0.,1.;                                        519P   1593
126,1,1,1,0,1,0,-0.1740396429811,-0.1740396429811,0.,0.,1.,1.,       521P   1594
0.,1.,0.,0.,0.,0.,-0.1740396429811,0.,0.,0.,1.;                      521P   1595
126,1,1,1,0,1,0,-0.03462727750254,-0.03462727750254,0.,0.,1.,1.,     523P   1596
0.,0.,0.,1.,0.,0.,-0.03462727750254,0.,0.,0.,1.;                     523P   1597
126,1,1,1,0,1,0,0.,0.,0.1740396429811,0.1740396429811,1.,1.,1.,      525P   1598
0.,0.,1.,1.,0.,0.,0.1740396429811,0.,0.,1.;                          525P   1599
126,1,1,1,0,1,0,0.,0.,0.03462727750254,0.03462727750254,1.,1.,       527P   1600
1.,1.,0.,0.,1.,0.,0.,0.03462727750254,0.,0.,1.;                      527P   1601
102,4,521,523,525,527;                                               529P   1602
126,1,1,0,0,1,0,-0.1740396429811,-0.1740396429811,0.,0.,1.,1.,       531P   1603
84.5520468077203,65.400615757933,0.,-89.48759617337809,              531P   1604
65.400615757933,0.,-0.1740396429811,0.;                              531P   1605
126,1,1,0,0,1,0,-0.03462727750254,-0.03462727750254,0.,0.,1.,1.,     533P   1606
-89.48759617337809,65.400615757933,0.,-89.48759617337809,            533P   1607
65.400615757933,34.6272775025382,-0.03462727750254,0.;               533P   1608
126,1,1,0,0,1,0,0.,0.,0.1740396429811,0.1740396429811,1.,1.,         535P   1609
-89.48759617337809,65.400615757933,34.6272775025382,                 535P   1610
84.5520468077203,65.400615757933,34.6272775025382,0.,                535P   1611
0.1740396429811;                                                     535P   1612
126,1,1,0,0,1,0,0.,0.,0.03462727750254,0.03462727750254,1.,1.,       537P   1613
84.5520468077203,65.400615757933,34.6272775025382,                   537P   1614
84.5520468077203,65.400615757933,0.,0.,0.03462727750254;             537P   1615
102,4,531,533,535,537;                                               539P   1616
142,1,519,529,539,2;                                                 541P   1617
144,519,1,0,541;                                                     543P   1618
314,68.9706027507782,0.,69.9999988079071,10HMixedColor;              545P   1619
128,1,1,1,1,0,0,1,0,0,0.,0.,1.,1.,0.,0.,1.,1.,1.,1.,1.,1.,           547P   1620
84.5520468077203,-62.9041719883625,34.6272775025382,                 547P   1621
84.5520468077203,-62.9041719883625,0.,84.5520468077203,              547P   1622
65.400615757933,34.6272775025382,84.5520468077203,                   547P   1623
65.400615757933,0.,0.,1.,0.,1.;                                      547P   1624
126,1,1,1,0,1,0,-0.1283047877463,-0.1283047877463,0.,0.,1.,1.,       549P   1625
1.,0.,0.,1.,1.,0.,-0.1283047877463,0.,0.,0.,1.;                      549P   1626
126,1,1,1,0,1,0,-0.03462727750254,-0.03462727750254,0.,0.,1.,1.,     551P   1627
1.,1.,0.,0.,1.,0.,-0.03462727750254,0.,0.,0.,1.;                     551P   1628
126,1,1,1,0,1,0,0.,0.,0.1283047877463,0.1283047877463,1.,1.,0.,      553P   1629
1.,0.,0.,0.,0.,0.,0.1283047877463,0.,0.,1.;                          553P   1630
126,1,1,1,0,1,0,0.,0.,0.03462727750254,0.03462727750254,1.,1.,       555P   1631
0.,0.,0.,1.,0.,0.,0.,0.03462727750254,0.,0.,1.;                      555P   1632
102,4,549,551,553,555;                                               557P   1633
126,1,1,0,0,1,0,-0.1283047877463,-0.1283047877463,0.,0.,1.,1.,       559P   1634
84.5520468077203,-62.9041719883625,0.,84.5520468077203,              559P   1635
65.400615757933,0.,-0.1283047877463,0.;                              559P   1636
126,1,1,0,0,1,0,-0.03462727750254,-0.03462727750254,0.,0.,1.,1.,     561P   1637
84.5520468077203,65.400615757933,0.,84.5520468077203,                561P   1638
65.400615757933,34.6272775025382,-0.03462727750254,0.;               561P   1639
126,1,1,0,0,1,0,0.,0.,0.1283047877463,0.1283047877463,1.,1.,         563P   1640
84.5520468077203,65.400615757933,34.6272775025382,                   563P   1641
84.5520468077203,-62.9041719883625,34.6272775025382,0.,              563P   1642
0.1283047877463;                                                     563P   1643
126,1,1,0,0,1,0,0.,0.,0.03462727750254,0.03462727750254,1.,1.,       565P   1644
84.5520468077203,-62.9041719883625,34.6272775025382,                 565P   1645
84.5520468077203,-62.9041719883625,0.,0.,0.03462727750254;           565P   1646
102,4,559,561,563,565;                                               567P   1647
142,1,547,557,567,2;                                                 569P   1648
144,547,1,0,569;                                                     571P   1649
314,68.9706027507782,0.,69.9999988079071,10HMixedColor;              573P   1650
128,1,1,1,1,0,0,1,0,0,0.,0.,1.,1.,0.,0.,1.,1.,1.,1.,1.,1.,           575P   1651
-89.48759617337809,-62.9041719883625,34.6272775025382,               575P   1652
-89.48759617337809,-62.9041719883625,0.,84.5520468077203,            575P   1653
-62.9041719883625,34.6272775025382,84.5520468077203,                 575P   1654
-62.9041719883625,0.,0.,1.,0.,1.;                                    575P   1655
126,1,1,1,0,1,0,-0.1740396429811,-0.1740396429811,0.,0.,1.,1.,       577P   1656
1.,0.,0.,1.,1.,0.,-0.1740396429811,0.,0.,0.,1.;                      577P   1657
126,1,1,1,0,1,0,-0.03462727750254,-0.03462727750254,0.,0.,1.,1.,     579P   1658
1.,1.,0.,0.,1.,0.,-0.03462727750254,0.,0.,0.,1.;                     579P   1659
126,1,1,1,0,1,0,0.,0.,0.1740396429811,0.1740396429811,1.,1.,0.,      581P   1660
1.,0.,0.,0.,0.,0.,0.1740396429811,0.,0.,1.;                          581P   1661
126,1,1,1,0,1,0,0.,0.,0.03462727750254,0.03462727750254,1.,1.,       583P   1662
0.,0.,0.,1.,0.,0.,0.,0.03462727750254,0.,0.,1.;                      583P   1663
102,4,577,579,581,583;                                               585P   1664
126,1,1,0,0,1,0,-0.1740396429811,-0.1740396429811,0.,0.,1.,1.,       587P   1665
-89.48759617337809,-62.9041719883625,0.,84.5520468077203,            587P   1666
-62.9041719883625,0.,-0.1740396429811,0.;                            587P   1667
126,1,1,0,0,1,0,-0.03462727750254,-0.03462727750254,0.,0.,1.,1.,     589P   1668
84.5520468077203,-62.9041719883625,0.,84.5520468077203,              589P   1669
-62.9041719883625,34.6272775025382,-0.03462727750254,0.;             589P   1670
126,1,1,0,0,1,0,0.,0.,0.1740396429811,0.1740396429811,1.,1.,         591P   1671
84.5520468077203,-62.9041719883625,34.6272775025382,                 591P   1672
-89.48759617337809,-62.9041719883625,34.6272775025382,0.,            591P   1673
0.1740396429811;                                                     591P   1674
126,1,1,0,0,1,0,0.,0.,0.03462727750254,0.03462727750254,1.,1.,       593P   1675
-89.48759617337809,-62.9041719883625,34.6272775025382,               593P   1676
-89.48759617337809,-62.9041719883625,0.,0.,0.03462727750254;         593P   1677
102,4,587,589,591,593;                                               595P   1678
142,1,575,585,595,2;                                                 597P   1679
144,575,1,0,597;                                                     599P   1680
314,68.9706027507782,0.,69.9999988079071,10HMixedColor;              601P   1681
128,1,1,1,1,0,0,1,0,0,0.,0.,1.,1.,0.,0.,1.,1.,1.,1.,1.,1.,           603P   1682
84.5520468077203,-62.9041719883625,0.,-89.48759617337809,            603P   1683
-62.9041719883625,0.,84.5520468077203,65.400615757933,0.,            603P   1684
-89.48759617337809,65.400615757933,0.,0.,1.,0.,1.;                   603P   1685
126,1,1,1,0,1,0,0.,0.,0.1283047877463,0.1283047877463,1.,1.,1.,      605P   1686
0.,0.,1.,1.,0.,0.,0.1283047877463,0.,0.,1.;                          605P   1687
126,1,1,1,0,1,0,0.,0.,0.1740396429811,0.1740396429811,1.,1.,1.,      607P   1688
1.,0.,0.,1.,0.,0.,0.1740396429811,0.,0.,1.;                          607P   1689
126,1,1,1,0,1,0,0.,0.,0.1283047877463,0.1283047877463,1.,1.,0.,      609P   1690
1.,0.,0.,0.,0.,0.,0.1283047877463,0.,0.,1.;                          609P   1691
126,1,1,1,0,1,0,0.,0.,0.1740396429811,0.1740396429811,1.,1.,0.,      611P   1692
0.,0.,1.,0.,0.,0.,0.1740396429811,0.,0.,1.;                          611P   1693
102,4,605,607,609,611;                                               613P   1694
126,1,1,0,0,1,0,0.,0.,0.1283047877463,0.1283047877463,1.,1.,         615P   1695
-89.48759617337809,-62.9041719883625,0.,-89.48759617337809,          615P   1696
65.400615757933,0.,0.,0.1283047877463;                               615P   1697
126,1,1,0,0,1,0,0.,0.,0.1740396429811,0.1740396429811,1.,1.,         617P   1698
-89.48759617337809,65.400615757933,0.,84.5520468077203,              617P   1699
65.400615757933,0.,0.,0.1740396429811;                               617P   1700
126,1,1,0,0,1,0,0.,0.,0.1283047877463,0.1283047877463,1.,1.,         619P   1701
84.5520468077203,65.400615757933,0.,84.5520468077203,                619P   1702
-62.9041719883625,0.,0.,0.1283047877463;                             619P   1703
126,1,1,0,0,1,0,0.,0.,0.1740396429811,0.1740396429811,1.,1.,         621P   1704
84.5520468077203,-62.9041719883625,0.,-89.48759617337809,            621P   1705
-62.9041719883625,0.,0.,0.1740396429811;                             621P   1706
102,4,615,617,619,621;                                               623P   1707
142,1,603,613,623,2;                                                 625P   1708
126,64,2,1,1,1,1,-9.42477796076938,-9.42477796076938,                627P   1709
-9.42477796076938,-9.22842841992002,-9.22842841992002,               627P   1710
-9.03207887907065,-9.03207887907065,-8.83572933822129,               627P   1711
-8.83572933822129,-8.63937979737193,-8.63937979737193,               627P   1712
-8.44303025652257,-8.44303025652257,-8.24668071567321,               627P   1713
-8.24668071567321,-8.05033117482384,-8.05033117482384,               627P   1714
-7.85398163397448,-7.85398163397448,-7.65763209312512,               627P   1715
-7.65763209312512,-7.46128255227576,-7.46128255227576,               627P   1716
-7.2649330114264,-7.2649330114264,-7.06858347057703,                 627P   1717
-7.06858347057703,-6.87223392972767,-6.87223392972767,               627P   1718
-6.67588438887831,-6.67588438887831,-6.47953484802895,               627P   1719
-6.47953484802895,-6.28318530717959,-6.28318530717959,               627P   1720
-6.08683576633022,-6.08683576633022,-5.89048622548086,               627P   1721
-5.89048622548086,-5.6941366846315,-5.6941366846315,                 627P   1722
-5.49778714378214,-5.49778714378214,-5.30143760293278,               627P   1723
-5.30143760293278,-5.10508806208341,-5.10508806208341,               627P   1724
-4.90873852123405,-4.90873852123405,-4.71238898038469,               627P   1725
-4.71238898038469,-4.51603943953533,-4.51603943953533,               627P   1726
-4.31968989868597,-4.31968989868597,-4.1233403578366,                627P   1727
-4.1233403578366,-3.92699081698724,-3.92699081698724,                627P   1728
-3.73064127613788,-3.73064127613788,-3.53429173528852,               627P   1729
-3.53429173528852,-3.33794219443916,-3.33794219443916,               627P   1730
-3.14159265358979,-3.14159265358979,-3.14159265358979,1.,1.,1.,      627P   1731
1.,1.,1.,1.,1.,1.,1.,1.,1.,1.,1.,1.,1.,1.,1.,1.,1.,1.,1.,1.,1.,      627P   1732
1.,1.,1.,1.,1.,1.,1.,1.,1.,1.,1.,1.,1.,1.,1.,1.,1.,1.,1.,1.,1.,      627P   1733
1.,1.,1.,1.,1.,1.,1.,1.,1.,1.,1.,1.,1.,1.,1.,1.,1.,1.,1.,1.,         627P   1734
0.09610428238241,0.22369404795134,0.,0.09610428238241,               627P   1735
0.22753222909357,0.,0.09665630372845,0.23129666066139,0.,            627P   1736
0.0972083250745,0.23506109222921,0.,0.09829115389584,                627P   1737
0.23860710922859,0.,0.09937398271718,0.24215312622797,0.,            627P   1738
0.10094600650947,0.24534445721424,0.,0.10251803030176,               627P   1739
0.24853578820052,0.,0.10451883707226,0.25124979211362,0.,            627P   1740
0.10651964384276,0.25396379602671,0.,0.10887234370935,               627P   1741
0.25609617521827,0.,0.11122504357594,0.25822855440983,0.,            627P   1742
0.11383922360215,0.25969736274338,0.,0.11645340362836,               627P   1743
0.26116617107693,0.,0.11922860234183,0.26191496307192,0.,            627P   1744
0.12200380105531,0.26266375506692,0.,0.12483336912584,               627P   1745
0.26266375506692,0.,0.12766293719637,0.26266375506692,0.,            627P   1746
0.13043813590985,0.26191496307192,0.,0.13321333462332,               627P   1747
0.26116617107693,0.,0.13582751464953,0.25969736274338,0.,            627P   1748
0.13844169467574,0.25822855440983,0.,0.14079439454233,               627P   1749
0.25609617521827,0.,0.14314709440892,0.25396379602671,0.,            627P   1750
0.14514790117942,0.25124979211362,0.,0.14714870794992,               627P   1751
0.24853578820052,0.,0.14872073174221,0.24534445721424,0.,            627P   1752
0.1502927555345,0.24215312622797,0.,0.15137558435584,                627P   1753
0.23860710922859,0.,0.15245841317718,0.23506109222921,0.,            627P   1754
0.15301043452323,0.23129666066139,0.,0.15356245586927,               627P   1755
0.22753222909357,0.,0.15356245586927,0.22369404795134,0.,            627P   1756
0.15356245586927,0.2198558668091,0.,0.15301043452323,                627P   1757
0.21609143524128,0.,0.15245841317718,0.21232700367346,0.,            627P   1758
0.15137558435584,0.20878098667408,0.,0.1502927555345,                627P   1759
0.2052349696747,0.,0.14872073174221,0.20204363868843,0.,             627P   1760
0.14714870794992,0.19885230770215,0.,0.14514790117942,               627P   1761
0.19613830378905,0.,0.14314709440892,0.19342429987596,0.,            627P   1762
0.14079439454233,0.1912919206844,0.,0.13844169467574,                627P   1763
0.18915954149284,0.,0.13582751464953,0.18769073315929,0.,            627P   1764
0.13321333462332,0.18622192482574,0.,0.13043813590985,               627P   1765
0.18547313283075,0.,0.12766293719637,0.18472434083575,0.,            627P   1766
0.12483336912584,0.18472434083575,0.,0.12200380105531,               627P   1767
0.18472434083575,0.,0.11922860234183,0.18547313283075,0.,            627P   1768
0.11645340362836,0.18622192482574,0.,0.11383922360215,               627P   1769
0.18769073315929,0.,0.11122504357594,0.18915954149284,0.,            627P   1770
0.10887234370935,0.1912919206844,0.,0.10651964384276,                627P   1771
0.19342429987596,0.,0.10451883707226,0.19613830378905,0.,            627P   1772
0.10251803030176,0.19885230770215,0.,0.10094600650947,               627P   1773
0.20204363868843,0.,0.09937398271718,0.2052349696747,0.,             627P   1774
0.09829115389584,0.20878098667408,0.,0.0972083250745,                627P   1775
0.21232700367346,0.,0.09665630372845,0.21609143524128,0.,            627P   1776
0.09610428238241,0.2198558668091,0.,0.09610428238241,                627P   1777
0.22369404795134,0.,-9.42477796076938,-3.14159265358979,0.,0.,       627P   1778
1.;                                                                  627P   1779
102,1,627;                                                           629P   1780
126,6,3,0,1,0,1,-9.42477796076938,-9.42477796076938,                 631P   1781
-9.42477796076938,-9.42477796076938,-6.28318530717959,               631P   1782
-6.28318530717959,-6.28318530717959,-3.14159265358979,               631P   1783
-3.14159265358979,-3.14159265358979,-3.14159265358979,1.,            631P   1784
0.33333333333333,0.33333333333333,1.,0.33333333333333,               631P   1785
0.33333333333333,1.,67.82609181293141,-34.20315464585675,0.,         631P   1786
67.82609181293141,-24.20315464585675,0.,57.82609181293141,           631P   1787
-24.20315464585675,0.,57.82609181293141,-34.20315464585675,0.,       631P   1788
57.82609181293141,-44.20315464585675,0.,67.82609181293141,           631P   1789
-44.20315464585675,0.,67.82609181293141,-34.20315464585675,0.,       631P   1790
-9.42477796076938,-3.14159265358979;                                 631P   1791
102,1,631;                                                           633P   1792
142,1,603,629,633,2;                                                 635P   1793
126,64,2,1,1,1,1,-9.42477796076938,-9.42477796076938,                637P   1794
-9.42477796076938,-9.22842841992002,-9.22842841992002,               637P   1795
-9.03207887907065,-9.03207887907065,-8.83572933822129,               637P   1796
-8.83572933822129,-8.63937979737193,-8.63937979737193,               637P   1797
-8.44303025652257,-8.44303025652257,-8.24668071567321,               637P   1798
-8.24668071567321,-8.05033117482384,-8.05033117482384,               637P   1799
-7.85398163397448,-7.85398163397448,-7.65763209312512,               637P   1800
-7.65763209312512,-7.46128255227576,-7.46128255227576,               637P   1801
-7.2649330114264,-7.2649330114264,-7.06858347057703,                 637P   1802
-7.06858347057703,-6.87223392972767,-6.87223392972767,               637P   1803
-6.67588438887831,-6.67588438887831,-6.47953484802895,               637P   1804
-6.47953484802895,-6.28318530717959,-6.28318530717959,               637P   1805
-6.08683576633022,-6.08683576633022,-5.89048622548086,               637P   1806
-5.89048622548086,-5.6941366846315,-5.6941366846315,                 637P   1807
-5.49778714378214,-5.49778714378214,-5.30143760293278,               637P   1808
-5.30143760293278,-5.10508806208341,-5.10508806208341,               637P   1809
-4.90873852123405,-4.90873852123405,-4.71238898038469,               637P   1810
-4.71238898038469,-4.51603943953533,-4.51603943953533,               637P   1811
-4.31968989868597,-4.31968989868597,-4.1233403578366,                637P   1812
-4.1233403578366,-3.92699081698724,-3.92699081698724,                637P   1813
-3.73064127613788,-3.73064127613788,-3.53429173528852,               637P   1814
-3.53429173528852,-3.33794219443916,-3.33794219443916,               637P   1815
-3.14159265358979,-3.14159265358979,-3.14159265358979,1.,1.,1.,      637P   1816
1.,1.,1.,1.,1.,1.,1.,1.,1.,1.,1.,1.,1.,1.,1.,1.,1.,1.,1.,1.,1.,      637P   1817
1.,1.,1.,1.,1.,1.,1.,1.,1.,1.,1.,1.,1.,1.,1.,1.,1.,1.,1.,1.,1.,      637P   1818
1.,1.,1.,1.,1.,1.,1.,1.,1.,1.,1.,1.,1.,1.,1.,1.,1.,1.,1.,1.,         637P   1819
0.84107347057846,0.29241860280609,0.,0.84107347057846,               637P   1820
0.29625678394832,0.,0.8416254919245,0.30002121551614,0.,             637P   1821
0.84217751327055,0.30378564708397,0.,0.84326034209189,               637P   1822
0.30733166408334,0.,0.84434317091323,0.31087768108272,0.,            637P   1823
0.84591519470552,0.314069012069,0.,0.84748721849781,                 637P   1824
0.31726034305528,0.,0.84948802526831,0.31997434696837,0.,            637P   1825
0.85148883203881,0.32268835088147,0.,0.8538415319054,                637P   1826
0.32482073007303,0.,0.85619423177199,0.32695310926459,0.,            637P   1827
0.8588084117982,0.32842191759814,0.,0.86142259182441,                637P   1828
0.32989072593168,0.,0.86419779053789,0.33063951792668,0.,            637P   1829
0.86697298925136,0.33138830992167,0.,0.86980255732189,               637P   1830
0.33138830992167,0.,0.87263212539242,0.33138830992167,0.,            637P   1831
0.8754073241059,0.33063951792668,0.,0.87818252281937,                637P   1832
0.32989072593168,0.,0.88079670284558,0.32842191759814,0.,            637P   1833
0.88341088287179,0.32695310926459,0.,0.88576358273838,               637P   1834
0.32482073007303,0.,0.88811628260497,0.32268835088147,0.,            637P   1835
0.89011708937547,0.31997434696837,0.,0.89211789614597,               637P   1836
0.31726034305528,0.,0.89368991993826,0.314069012069,0.,              637P   1837
0.89526194373055,0.31087768108272,0.,0.89634477255189,               637P   1838
0.30733166408334,0.,0.89742760137323,0.30378564708397,0.,            637P   1839
0.89797962271928,0.30002121551614,0.,0.89853164406532,               637P   1840
0.29625678394832,0.,0.89853164406532,0.29241860280609,0.,            637P   1841
0.89853164406532,0.28858042166386,0.,0.89797962271928,               637P   1842
0.28481599009604,0.,0.89742760137323,0.28105155852822,0.,            637P   1843
0.89634477255189,0.27750554152884,0.,0.89526194373055,               637P   1844
0.27395952452946,0.,0.89368991993826,0.27076819354318,0.,            637P   1845
0.89211789614597,0.2675768625569,0.,0.89011708937547,                637P   1846
0.26486285864381,0.,0.88811628260497,0.26214885473072,0.,            637P   1847
0.88576358273838,0.26001647553915,0.,0.88341088287179,               637P   1848
0.25788409634759,0.,0.88079670284558,0.25641528801405,0.,            637P   1849
0.87818252281937,0.2549464796805,0.,0.8754073241059,                 637P   1850
0.2541976876855,0.,0.87263212539242,0.25344889569051,0.,             637P   1851
0.86980255732189,0.25344889569051,0.,0.86697298925136,               637P   1852
0.25344889569051,0.,0.86419779053789,0.2541976876855,0.,             637P   1853
0.86142259182441,0.2549464796805,0.,0.8588084117982,                 637P   1854
0.25641528801405,0.,0.85619423177199,0.25788409634759,0.,            637P   1855
0.8538415319054,0.26001647553915,0.,0.85148883203881,                637P   1856
0.26214885473071,0.,0.84948802526831,0.26486285864381,0.,            637P   1857
0.84748721849781,0.2675768625569,0.,0.84591519470552,                637P   1858
0.27076819354318,0.,0.84434317091323,0.27395952452946,0.,            637P   1859
0.84326034209189,0.27750554152884,0.,0.84217751327055,               637P   1860
0.28105155852822,0.,0.8416254919245,0.28481599009604,0.,             637P   1861
0.84107347057846,0.28858042166386,0.,0.84107347057846,               637P   1862
0.29241860280609,0.,-9.42477796076938,-3.14159265358979,0.,0.,       637P   1863
1.;                                                                  637P   1864
102,1,637;                                                           639P   1865
126,6,3,0,1,0,1,-9.42477796076938,-9.42477796076938,                 641P   1866
-9.42477796076938,-9.42477796076938,-6.28318530717959,               641P   1867
-6.28318530717959,-6.28318530717959,-3.14159265358979,               641P   1868
-3.14159265358979,-3.14159265358979,-3.14159265358979,1.,            641P   1869
0.33333333333333,0.33333333333333,1.,0.33333333333333,               641P   1870
0.33333333333333,1.,-61.828079732628,-25.38546522225875,0.,          641P   1871
-61.82807973262801,-15.38546522225875,0.,-71.828079732628,           641P   1872
-15.38546522225875,0.,-71.828079732628,-25.38546522225875,0.,        641P   1873
-71.828079732628,-35.38546522225874,0.,-61.82807973262801,           641P   1874
-35.38546522225874,0.,-61.828079732628,-25.38546522225875,0.,        641P   1875
-9.42477796076938,-3.14159265358979;                                 641P   1876
102,1,641;                                                           643P   1877
142,1,603,639,643,2;                                                 645P   1878
126,64,2,1,1,1,1,-9.42477796076938,-9.42477796076938,                647P   1879
-9.42477796076938,-9.22842841992002,-9.22842841992002,               647P   1880
-9.03207887907065,-9.03207887907065,-8.83572933822129,               647P   1881
-8.83572933822129,-8.63937979737193,-8.63937979737193,               647P   1882
-8.44303025652257,-8.44303025652257,-8.24668071567321,               647P   1883
-8.24668071567321,-8.05033117482384,-8.05033117482384,               647P   1884
-7.85398163397448,-7.85398163397448,-7.65763209312512,               647P   1885
-7.65763209312512,-7.46128255227576,-7.46128255227576,               647P   1886
-7.2649330114264,-7.2649330114264,-7.06858347057703,                 647P   1887
-7.06858347057703,-6.87223392972767,-6.87223392972767,               647P   1888
-6.67588438887831,-6.67588438887831,-6.47953484802895,               647P   1889
-6.47953484802895,-6.28318530717959,-6.28318530717959,               647P   1890
-6.08683576633022,-6.08683576633022,-5.89048622548086,               647P   1891
-5.89048622548086,-5.6941366846315,-5.6941366846315,                 647P   1892
-5.49778714378214,-5.49778714378214,-5.30143760293278,               647P   1893
-5.30143760293278,-5.10508806208341,-5.10508806208341,               647P   1894
-4.90873852123405,-4.90873852123405,-4.71238898038469,               647P   1895
-4.71238898038469,-4.51603943953533,-4.51603943953533,               647P   1896
-4.31968989868597,-4.31968989868597,-4.1233403578366,                647P   1897
-4.1233403578366,-3.92699081698724,-3.92699081698724,                647P   1898
-3.73064127613788,-3.73064127613788,-3.53429173528852,               647P   1899
-3.53429173528852,-3.33794219443916,-3.33794219443916,               647P   1900
-3.14159265358979,-3.14159265358979,-3.14159265358979,1.,1.,1.,      647P   1901
1.,1.,1.,1.,1.,1.,1.,1.,1.,1.,1.,1.,1.,1.,1.,1.,1.,1.,1.,1.,1.,      647P   1902
1.,1.,1.,1.,1.,1.,1.,1.,1.,1.,1.,1.,1.,1.,1.,1.,1.,1.,1.,1.,1.,      647P   1903
1.,1.,1.,1.,1.,1.,1.,1.,1.,1.,1.,1.,1.,1.,1.,1.,1.,1.,1.,1.,         647P   1904
0.19508371707107,0.75916344847094,0.,0.19508371707107,               647P   1905
0.76300162961317,0.,0.19563573841712,0.766766061181,0.,              647P   1906
0.19618775976317,0.77053049274882,0.,0.19727058858451,               647P   1907
0.7740765097482,0.,0.19835341740585,0.77762252674757,0.,             647P   1908
0.19992544119814,0.78081385773385,0.,0.20149746499043,               647P   1909
0.78400518872013,0.,0.20349827176093,0.78671919263322,0.,            647P   1910
0.20549907853143,0.78943319654632,0.,0.20785177839802,               647P   1911
0.79156557573788,0.,0.2102044782646,0.79369795492944,0.,             647P   1912
0.21281865829081,0.79516676326299,0.,0.21543283831702,               647P   1913
0.79663557159654,0.,0.2182080370305,0.79738436359153,0.,             647P   1914
0.22098323574397,0.79813315558652,0.,0.22381280381451,               647P   1915
0.79813315558652,0.,0.22664237188504,0.79813315558652,0.,            647P   1916
0.22941757059851,0.79738436359153,0.,0.23219276931199,               647P   1917
0.79663557159654,0.,0.2348069493382,0.79516676326299,0.,             647P   1918
0.23742112936441,0.79369795492944,0.,0.23977382923099,               647P   1919
0.79156557573788,0.,0.24212652909758,0.78943319654632,0.,            647P   1920
0.24412733586808,0.78671919263322,0.,0.24612814263858,               647P   1921
0.78400518872013,0.,0.24770016643087,0.78081385773385,0.,            647P   1922
0.24927219022316,0.77762252674757,0.,0.2503550190445,                647P   1923
0.7740765097482,0.,0.25143784786585,0.77053049274882,0.,             647P   1924
0.25198986921189,0.766766061181,0.,0.25254189055794,                 647P   1925
0.76300162961317,0.,0.25254189055794,0.75916344847094,0.,            647P   1926
0.25254189055794,0.75532526732871,0.,0.25198986921189,               647P   1927
0.75156083576089,0.,0.25143784786585,0.74779640419307,0.,            647P   1928
0.2503550190445,0.74425038719369,0.,0.24927219022316,                647P   1929
0.74070437019431,0.,0.24770016643087,0.73751303920803,0.,            647P   1930
0.24612814263858,0.73432170822176,0.,0.24412733586808,               647P   1931
0.73160770430866,0.,0.24212652909758,0.72889370039557,0.,            647P   1932
0.23977382923099,0.72676132120401,0.,0.23742112936441,               647P   1933
0.72462894201245,0.,0.2348069493382,0.7231601336789,0.,              647P   1934
0.23219276931199,0.72169132534535,0.,0.22941757059851,               647P   1935
0.72094253335036,0.,0.22664237188504,0.72019374135536,0.,            647P   1936
0.22381280381451,0.72019374135536,0.,0.22098323574397,               647P   1937
0.72019374135536,0.,0.2182080370305,0.72094253335036,0.,             647P   1938
0.21543283831702,0.72169132534535,0.,0.21281865829081,               647P   1939
0.7231601336789,0.,0.2102044782646,0.72462894201245,0.,              647P   1940
0.20785177839802,0.72676132120401,0.,0.20549907853143,               647P   1941
0.72889370039557,0.,0.20349827176093,0.73160770430866,0.,            647P   1942
0.20149746499043,0.73432170822176,0.,0.19992544119814,               647P   1943
0.73751303920803,0.,0.19835341740585,0.74070437019431,0.,            647P   1944
0.19727058858451,0.74425038719369,0.,0.19618775976317,               647P   1945
0.74779640419307,0.,0.19563573841712,0.75156083576089,0.,            647P   1946
0.19508371707107,0.75532526732871,0.,0.19508371707107,               647P   1947
0.75916344847094,0.,-9.42477796076938,-3.14159265358979,0.,0.,       647P   1948
1.;                                                                  647P   1949
102,1,647;                                                           649P   1950
126,6,3,0,1,0,1,-9.42477796076938,-9.42477796076938,                 651P   1951
-9.42477796076938,-9.42477796076938,-6.28318530717959,               651P   1952
-6.28318530717959,-6.28318530717959,-3.14159265358979,               651P   1953
-3.14159265358979,-3.14159265358979,-3.14159265358979,1.,            651P   1954
0.33333333333333,0.33333333333333,1.,0.33333333333333,               651P   1955
0.33333333333333,1.,50.5997463372452,34.50013313244755,0.,           651P   1956
50.5997463372452,44.50013313244755,0.,40.5997463372452,              651P   1957
44.50013313244755,0.,40.5997463372452,34.50013313244755,0.,          651P   1958
40.5997463372452,24.50013313244755,0.,50.5997463372452,              651P   1959
24.50013313244755,0.,50.5997463372452,34.50013313244755,0.,          651P   1960
-9.42477796076938,-3.14159265358979;                                 651P   1961
102,1,651;                                                           653P   1962
142,1,603,649,653,2;                                                 655P   1963
126,64,2,1,1,1,1,-9.42477796076938,-9.42477796076938,                657P   1964
-9.42477796076938,-9.22842841992002,-9.22842841992002,               657P   1965
-9.03207887907065,-9.03207887907065,-8.83572933822129,               657P   1966
-8.83572933822129,-8.63937979737193,-8.63937979737193,               657P   1967
-8.44303025652257,-8.44303025652257,-8.24668071567321,               657P   1968
-8.24668071567321,-8.05033117482384,-8.05033117482384,               657P   1969
-7.85398163397448,-7.85398163397448,-7.65763209312512,               657P   1970
-7.65763209312512,-7.46128255227576,-7.46128255227576,               657P   1971
-7.2649330114264,-7.2649330114264,-7.06858347057703,                 657P   1972
-7.06858347057703,-6.87223392972767,-6.87223392972767,               657P   1973
-6.67588438887831,-6.67588438887831,-6.47953484802895,               657P   1974
-6.47953484802895,-6.28318530717959,-6.28318530717959,               657P   1975
-6.08683576633022,-6.08683576633022,-5.89048622548086,               657P   1976
-5.89048622548086,-5.6941366846315,-5.6941366846315,                 657P   1977
-5.49778714378214,-5.49778714378214,-5.30143760293278,               657P   1978
-5.30143760293278,-5.10508806208341,-5.10508806208341,               657P   1979
-4.90873852123405,-4.90873852123405,-4.71238898038469,               657P   1980
-4.71238898038469,-4.51603943953533,-4.51603943953533,               657P   1981
-4.31968989868597,-4.31968989868597,-4.1233403578366,                657P   1982
-4.1233403578366,-3.92699081698724,-3.92699081698724,                657P   1983
-3.73064127613788,-3.73064127613788,-3.53429173528852,               657P   1984
-3.53429173528852,-3.33794219443916,-3.33794219443916,               657P   1985
-3.14159265358979,-3.14159265358979,-3.14159265358979,1.,1.,1.,      657P   1986
1.,1.,1.,1.,1.,1.,1.,1.,1.,1.,1.,1.,1.,1.,1.,1.,1.,1.,1.,1.,1.,      657P   1987
1.,1.,1.,1.,1.,1.,1.,1.,1.,1.,1.,1.,1.,1.,1.,1.,1.,1.,1.,1.,1.,      657P   1988
1.,1.,1.,1.,1.,1.,1.,1.,1.,1.,1.,1.,1.,1.,1.,1.,1.,1.,1.,1.,         657P   1989
0.84791836280315,0.78162631380452,0.,0.84791836280315,               657P   1990
0.78546449494676,0.,0.8484703841492,0.78922892651458,0.,             657P   1991
0.84902240549525,0.7929933580824,0.,0.85010523431659,                657P   1992
0.79653937508178,0.,0.85118806313793,0.80008539208116,0.,            657P   1993
0.85276008693022,0.80327672306743,0.,0.85433211072251,               657P   1994
0.80646805405371,0.,0.85633291749301,0.80918205796681,0.,            657P   1995
0.85833372426351,0.8118960618799,0.,0.8606864241301,                 657P   1996
0.81402844107146,0.,0.86303912399668,0.81616082026302,0.,            657P   1997
0.86565330402289,0.81762962859657,0.,0.8682674840491,                657P   1998
0.81909843693012,0.,0.87104268276258,0.81984722892511,0.,            657P   1999
0.87381788147605,0.82059602092011,0.,0.87664744954659,               657P   2000
0.82059602092011,0.,0.87947701761712,0.82059602092011,0.,            657P   2001
0.88225221633059,0.81984722892511,0.,0.88502741504407,               657P   2002
0.81909843693012,0.,0.88764159507028,0.81762962859657,0.,            657P   2003
0.89025577509649,0.81616082026302,0.,0.89260847496307,               657P   2004
0.81402844107146,0.,0.89496117482966,0.8118960618799,0.,             657P   2005
0.89696198160016,0.80918205796681,0.,0.89896278837066,               657P   2006
0.80646805405371,0.,0.90053481216295,0.80327672306743,0.,            657P   2007
0.90210683595524,0.80008539208116,0.,0.90318966477658,               657P   2008
0.79653937508178,0.,0.90427249359793,0.7929933580824,0.,             657P   2009
0.90482451494397,0.78922892651458,0.,0.90537653629002,               657P   2010
0.78546449494676,0.,0.90537653629002,0.78162631380452,0.,            657P   2011
0.90537653629002,0.77778813266229,0.,0.90482451494397,               657P   2012
0.77402370109447,0.,0.90427249359793,0.77025926952665,0.,            657P   2013
0.90318966477658,0.76671325252727,0.,0.90210683595524,               657P   2014
0.76316723552789,0.,0.90053481216295,0.75997590454162,0.,            657P   2015
0.89896278837066,0.75678457355534,0.,0.89696198160016,               657P   2016
0.75407056964224,0.,0.89496117482966,0.75135656572915,0.,            657P   2017
0.89260847496307,0.74922418653759,0.,0.89025577509649,               657P   2018
0.74709180734603,0.,0.88764159507028,0.74562299901248,0.,            657P   2019
0.88502741504407,0.74415419067893,0.,0.88225221633059,               657P   2020
0.74340539868394,0.,0.87947701761712,0.74265660668894,0.,            657P   2021
0.87664744954659,0.74265660668894,0.,0.87381788147605,               657P   2022
0.74265660668894,0.,0.87104268276258,0.74340539868394,0.,            657P   2023
0.8682674840491,0.74415419067893,0.,0.86565330402289,                657P   2024
0.74562299901248,0.,0.86303912399668,0.74709180734603,0.,            657P   2025
0.8606864241301,0.74922418653759,0.,0.85833372426351,                657P   2026
0.75135656572915,0.,0.85633291749301,0.75407056964224,0.,            657P   2027
0.85433211072251,0.75678457355534,0.,0.85276008693022,               657P   2028
0.75997590454162,0.,0.85118806313793,0.76316723552789,0.,            657P   2029
0.85010523431659,0.76671325252727,0.,0.84902240549525,               657P   2030
0.77025926952665,0.,0.8484703841492,0.77402370109447,0.,             657P   2031
0.84791836280315,0.77778813266229,0.,0.84791836280315,               657P   2032
0.78162631380452,0.,-9.42477796076938,-3.14159265358979,0.,0.,       657P   2033
1.;                                                                  657P   2034
102,1,657;                                                           659P   2035
126,6,3,0,1,0,1,-9.42477796076938,-9.42477796076938,                 661P   2036
-9.42477796076938,-9.42477796076938,-6.28318530717959,               661P   2037
-6.28318530717959,-6.28318530717959,-3.14159265358979,               661P   2038
-3.14159265358979,-3.14159265358979,-3.14159265358979,1.,            661P   2039
0.33333333333333,0.33333333333333,1.,0.33333333333333,               661P   2040
0.33333333333333,1.,-63.01936233165789,37.38222630124636,0.,         661P   2041
-63.01936233165789,47.38222630124635,0.,-73.0193623316579,           661P   2042
47.38222630124635,0.,-73.0193623316579,37.38222630124636,0.,         661P   2043
-73.0193623316579,27.38222630124635,0.,-63.01936233165789,           661P   2044
27.38222630124635,0.,-63.01936233165789,37.38222630124636,0.,        661P   2045
-9.42477796076938,-3.14159265358979;                                 661P   2046
102,1,661;                                                           663P   2047
142,1,603,659,663,2;                                                 665P   2048
144,603,1,4,625,635,645,655,665;                                     667P   2049
314,68.9706027507782,0.,69.9999988079071,10HMixedColor;              669P   2050
128,6,1,3,1,1,0,0,1,0,-1.,-1.,-1.,-1.,-0.5,-0.5,-0.5,0.,0.,0.,       671P   2051
0.,0.,0.,1.,1.,1.,0.33333333333333,0.33333333333333,1.,              671P   2052
0.33333333333333,0.33333333333333,1.,1.,0.33333333333333,            671P   2053
0.33333333333333,1.,0.33333333333333,0.33333333333333,1.,            671P   2054
-63.01936233165789,37.38222630124636,0.,-63.01936233165789,          671P   2055
27.38222630124635,0.,-73.0193623316579,27.38222630124635,0.,         671P   2056
-73.0193623316579,37.38222630124636,0.,-73.0193623316579,            671P   2057
47.38222630124635,0.,-63.01936233165789,47.38222630124635,0.,        671P   2058
-63.01936233165789,37.38222630124636,0.,-63.01936233165789,          671P   2059
37.38222630124636,34.62727750253819,-63.01936233165789,              671P   2060
27.38222630124635,34.62727750253819,-73.0193623316579,               671P   2061
27.38222630124635,34.62727750253819,-73.0193623316579,               671P   2062
37.38222630124636,34.62727750253819,-73.0193623316579,               671P   2063
47.38222630124635,34.62727750253819,-63.01936233165789,              671P   2064
47.38222630124635,34.62727750253819,-63.01936233165789,              671P   2065
37.38222630124636,34.62727750253819,-1.,0.,0.,1.;                    671P   2066
126,1,1,1,0,1,0,3.14159265358979,3.14159265358979,                   673P   2067
9.42477796076938,9.42477796076938,1.,1.,-1.,0.,0.,0.,0.,0.,          673P   2068
3.14159265358979,9.42477796076938,0.,0.,1.;                          673P   2069
126,1,1,1,0,1,0,0.,0.,1.,1.,1.,1.,0.,0.,0.,-1.,0.21897708609544,     675P   2070
0.,0.,1.,0.,0.,1.;                                                   675P   2071
126,1,1,1,0,1,0,0.1843498085929,0.1843498085929,                     677P   2072
0.21897708609544,0.21897708609544,1.,1.,-1.,0.21897708609544,0.,     677P   2073
-1.,0.1843498085929,0.,0.1843498085929,0.21897708609544,0.,0.,       677P   2074
1.;                                                                  677P   2075
126,1,1,1,0,1,0,0.,0.,1.,1.,1.,1.,-1.,0.1843498085929,0.,0.,1.,      679P   2076
0.,0.,1.,0.,0.,1.;                                                   679P   2077
126,1,1,1,0,1,0,0.,0.,6.28318530717959,6.28318530717959,1.,1.,       681P   2078
0.,1.,0.,-1.,1.,0.,0.,6.28318530717959,0.,0.,1.;                     681P   2079
126,1,1,1,0,1,0,0.,0.,1.,1.,1.,1.,-1.,1.,0.,0.,1.,0.,0.,1.,0.,       683P   2080
0.,1.;                                                               683P   2081
126,1,1,1,0,1,0,-0.21897708609544,-0.21897708609544,                 685P   2082
-0.1843498085929,-0.1843498085929,1.,1.,0.,1.,0.,0.,0.,0.,           685P   2083
-0.21897708609544,-0.1843498085929,0.,0.,1.;                         685P   2084
126,1,1,1,0,1,0,0.,0.,1.,1.,1.,1.,0.,0.,0.,-1.,0.,0.,0.,1.,0.,       687P   2085
0.,1.;                                                               687P   2086
102,8,673,675,677,679,681,683,685,687;                               689P   2087
126,6,3,0,1,0,1,3.14159265358979,3.14159265358979,                   691P   2088
3.14159265358979,3.14159265358979,6.28318530717959,                  691P   2089
6.28318530717959,6.28318530717959,9.42477796076938,                  691P   2090
9.42477796076938,9.42477796076938,9.42477796076938,1.,               691P   2091
0.33333333333333,0.33333333333333,1.,0.33333333333333,               691P   2092
0.33333333333333,1.,-63.01936233165789,37.38222630124636,0.,         691P   2093
-63.01936233165789,27.38222630124635,0.,-73.0193623316579,           691P   2094
27.38222630124635,0.,-73.0193623316579,37.38222630124636,0.,         691P   2095
-73.0193623316579,47.38222630124635,0.,-63.01936233165789,           691P   2096
47.38222630124635,0.,-63.01936233165789,37.38222630124636,0.,        691P   2097
3.14159265358979,9.42477796076938;                                   691P   2098
126,1,1,0,0,1,0,0.1843498085929,0.1843498085929,                     693P   2099
0.21897708609544,0.21897708609544,1.,1.,-63.01936233165789,          693P   2100
37.38222630124636,0.,-63.01936233165789,37.38222630124636,           693P   2101
34.62727750253819,0.1843498085929,0.21897708609544;                  693P   2102
126,6,3,0,1,0,1,0.,0.,0.,0.,3.14159265358979,3.14159265358979,       695P   2103
3.14159265358979,6.28318530717959,6.28318530717959,                  695P   2104
6.28318530717959,6.28318530717959,1.,0.33333333333333,               695P   2105
0.33333333333333,1.,0.33333333333333,0.33333333333333,1.,            695P   2106
-63.01936233165789,37.38222630124636,34.6272775025382,               695P   2107
-63.01936233165789,47.38222630124635,34.6272775025382,               695P   2108
-73.0193623316579,47.38222630124635,34.6272775025382,                695P   2109
-73.0193623316579,37.38222630124636,34.6272775025382,                695P   2110
-73.0193623316579,27.38222630124635,34.6272775025382,                695P   2111
-63.01936233165789,27.38222630124635,34.6272775025382,               695P   2112
-63.01936233165789,37.38222630124636,34.6272775025382,0.,            695P   2113
6.28318530717959;                                                    695P   2114
126,1,1,0,0,1,0,-0.21897708609544,-0.21897708609544,                 697P   2115
-0.1843498085929,-0.1843498085929,1.,1.,-63.01936233165789,          697P   2116
37.38222630124636,34.62727750253819,-63.01936233165789,              697P   2117
37.38222630124636,0.,-0.21897708609544,-0.1843498085929;             697P   2118
102,4,691,693,695,697;                                               699P   2119
142,1,671,689,699,2;                                                 701P   2120
144,671,1,0,701;                                                     703P   2121
314,68.9706027507782,0.,69.9999988079071,10HMixedColor;              705P   2122
128,6,1,3,1,1,0,0,1,0,-1.,-1.,-1.,-1.,-0.5,-0.5,-0.5,0.,0.,0.,       707P   2123
0.,0.,0.,1.,1.,1.,0.33333333333333,0.33333333333333,1.,              707P   2124
0.33333333333333,0.33333333333333,1.,1.,0.33333333333333,            707P   2125
0.33333333333333,1.,0.33333333333333,0.33333333333333,1.,            707P   2126
50.5997463372452,34.50013313244755,0.,50.5997463372452,              707P   2127
24.50013313244755,0.,40.5997463372452,24.50013313244755,0.,          707P   2128
40.5997463372452,34.50013313244755,0.,40.5997463372452,              707P   2129
44.50013313244755,0.,50.5997463372452,44.50013313244755,0.,          707P   2130
50.5997463372452,34.50013313244755,0.,50.5997463372452,              707P   2131
34.50013313244755,34.62727750253819,50.5997463372452,                707P   2132
24.50013313244755,34.62727750253819,40.5997463372452,                707P   2133
24.50013313244755,34.62727750253819,40.5997463372452,                707P   2134
34.50013313244755,34.62727750253819,40.5997463372452,                707P   2135
44.50013313244755,34.62727750253819,50.5997463372452,                707P   2136
44.50013313244755,34.62727750253819,50.5997463372452,                707P   2137
34.50013313244755,34.62727750253819,-1.,0.,0.,1.;                    707P   2138
126,1,1,1,0,1,0,3.14159265358979,3.14159265358979,                   709P   2139
9.42477796076938,9.42477796076938,1.,1.,-1.,0.,0.,0.,0.,0.,          709P   2140
3.14159265358979,9.42477796076938,0.,0.,1.;                          709P   2141
126,1,1,1,0,1,0,0.,0.,1.,1.,1.,1.,0.,0.,0.,-1.,0.21897708609544,     711P   2142
0.,0.,1.,0.,0.,1.;                                                   711P   2143
126,1,1,1,0,1,0,0.1843498085929,0.1843498085929,                     713P   2144
0.21897708609544,0.21897708609544,1.,1.,-1.,0.21897708609544,0.,     713P   2145
-1.,0.1843498085929,0.,0.1843498085929,0.21897708609544,0.,0.,       713P   2146
1.;                                                                  713P   2147
126,1,1,1,0,1,0,0.,0.,1.,1.,1.,1.,-1.,0.1843498085929,0.,0.,1.,      715P   2148
0.,0.,1.,0.,0.,1.;                                                   715P   2149
126,1,1,1,0,1,0,0.,0.,6.28318530717959,6.28318530717959,1.,1.,       717P   2150
0.,1.,0.,-1.,1.,0.,0.,6.28318530717959,0.,0.,1.;                     717P   2151
126,1,1,1,0,1,0,0.,0.,1.,1.,1.,1.,-1.,1.,0.,0.,1.,0.,0.,1.,0.,       719P   2152
0.,1.;                                                               719P   2153
126,1,1,1,0,1,0,-0.21897708609544,-0.21897708609544,                 721P   2154
-0.1843498085929,-0.1843498085929,1.,1.,0.,1.,0.,0.,0.,0.,           721P   2155
-0.21897708609544,-0.1843498085929,0.,0.,1.;                         721P   2156
126,1,1,1,0,1,0,0.,0.,1.,1.,1.,1.,0.,0.,0.,-1.,0.,0.,0.,1.,0.,       723P   2157
0.,1.;                                                               723P   2158
102,8,709,711,713,715,717,719,721,723;                               725P   2159
126,6,3,0,1,0,1,3.14159265358979,3.14159265358979,                   727P   2160
3.14159265358979,3.14159265358979,6.28318530717959,                  727P   2161
6.28318530717959,6.28318530717959,9.42477796076938,                  727P   2162
9.42477796076938,9.42477796076938,9.42477796076938,1.,               727P   2163
0.33333333333333,0.33333333333333,1.,0.33333333333333,               727P   2164
0.33333333333333,1.,50.5997463372452,34.50013313244755,0.,           727P   2165
50.5997463372452,24.50013313244755,0.,40.5997463372452,              727P   2166
24.50013313244755,0.,40.5997463372452,34.50013313244755,0.,          727P   2167
40.5997463372452,44.50013313244755,0.,50.5997463372452,              727P   2168
44.50013313244755,0.,50.5997463372452,34.50013313244755,0.,          727P   2169
3.14159265358979,9.42477796076938;                                   727P   2170
126,1,1,0,0,1,0,0.1843498085929,0.1843498085929,                     729P   2171
0.21897708609544,0.21897708609544,1.,1.,50.5997463372452,            729P   2172
34.50013313244755,0.,50.5997463372452,34.50013313244755,             729P   2173
34.62727750253819,0.1843498085929,0.21897708609544;                  729P   2174
126,6,3,0,1,0,1,0.,0.,0.,0.,3.14159265358979,3.14159265358979,       731P   2175
3.14159265358979,6.28318530717959,6.28318530717959,                  731P   2176
6.28318530717959,6.28318530717959,1.,0.33333333333333,               731P   2177
0.33333333333333,1.,0.33333333333333,0.33333333333333,1.,            731P   2178
50.5997463372452,34.50013313244755,34.6272775025382,                 731P   2179
50.5997463372452,44.50013313244755,34.6272775025382,                 731P   2180
40.5997463372452,44.50013313244755,34.6272775025382,                 731P   2181
40.5997463372452,34.50013313244755,34.6272775025382,                 731P   2182
40.5997463372452,24.50013313244755,34.6272775025382,                 731P   2183
50.5997463372452,24.50013313244755,34.6272775025382,                 731P   2184
50.5997463372452,34.50013313244755,34.6272775025382,0.,              731P   2185
6.28318530717959;                                                    731P   2186
126,1,1,0,0,1,0,-0.21897708609544,-0.21897708609544,                 733P   2187
-0.1843498085929,-0.1843498085929,1.,1.,50.5997463372452,            733P   2188
34.50013313244755,34.62727750253819,50.5997463372452,                733P   2189
34.50013313244755,0.,-0.21897708609544,-0.1843498085929;             733P   2190
102,4,727,729,731,733;                                               735P   2191
142,1,707,725,735,2;                                                 737P   2192
144,707,1,0,737;                                                     739P   2193
314,68.9706027507782,0.,69.9999988079071,10HMixedColor;              741P   2194
128,6,1,3,1,1,0,0,1,0,-1.,-1.,-1.,-1.,-0.5,-0.5,-0.5,0.,0.,0.,       743P   2195
0.,0.,0.,1.,1.,1.,0.33333333333333,0.33333333333333,1.,              743P   2196
0.33333333333333,0.33333333333333,1.,1.,0.33333333333333,            743P   2197
0.33333333333333,1.,0.33333333333333,0.33333333333333,1.,            743P   2198
-61.828079732628,-25.38546522225875,0.,-61.82807973262801,           743P   2199
-35.38546522225874,0.,-71.828079732628,-35.38546522225874,0.,        743P   2200
-71.828079732628,-25.38546522225875,0.,-71.828079732628,             743P   2201
-15.38546522225875,0.,-61.82807973262801,-15.38546522225875,0.,      743P   2202
-61.828079732628,-25.38546522225875,0.,-61.828079732628,             743P   2203
-25.38546522225875,34.62727750253819,-61.82807973262801,             743P   2204
-35.38546522225874,34.62727750253819,-71.828079732628,               743P   2205
-35.38546522225874,34.62727750253819,-71.828079732628,               743P   2206
-25.38546522225875,34.62727750253819,-71.828079732628,               743P   2207
-15.38546522225875,34.62727750253819,-61.82807973262801,             743P   2208
-15.38546522225875,34.62727750253819,-61.828079732628,               743P   2209
-25.38546522225875,34.62727750253819,-1.,0.,0.,1.;                   743P   2210
126,1,1,1,0,1,0,3.14159265358979,3.14159265358979,                   745P   2211
9.42477796076938,9.42477796076938,1.,1.,-1.,0.,0.,0.,0.,0.,          745P   2212
3.14159265358979,9.42477796076938,0.,0.,1.;                          745P   2213
126,1,1,1,0,1,0,0.,0.,1.,1.,1.,1.,0.,0.,0.,-1.,0.21897708609544,     747P   2214
0.,0.,1.,0.,0.,1.;                                                   747P   2215
126,1,1,1,0,1,0,0.1843498085929,0.1843498085929,                     749P   2216
0.21897708609544,0.21897708609544,1.,1.,-1.,0.21897708609544,0.,     749P   2217
-1.,0.1843498085929,0.,0.1843498085929,0.21897708609544,0.,0.,       749P   2218
1.;                                                                  749P   2219
126,1,1,1,0,1,0,0.,0.,1.,1.,1.,1.,-1.,0.1843498085929,0.,0.,1.,      751P   2220
0.,0.,1.,0.,0.,1.;                                                   751P   2221
126,1,1,1,0,1,0,0.,0.,6.28318530717959,6.28318530717959,1.,1.,       753P   2222
0.,1.,0.,-1.,1.,0.,0.,6.28318530717959,0.,0.,1.;                     753P   2223
126,1,1,1,0,1,0,0.,0.,1.,1.,1.,1.,-1.,1.,0.,0.,1.,0.,0.,1.,0.,       755P   2224
0.,1.;                                                               755P   2225
126,1,1,1,0,1,0,-0.21897708609544,-0.21897708609544,                 757P   2226
-0.1843498085929,-0.1843498085929,1.,1.,0.,1.,0.,0.,0.,0.,           757P   2227
-0.21897708609544,-0.1843498085929,0.,0.,1.;                         757P   2228
126,1,1,1,0,1,0,0.,0.,1.,1.,1.,1.,0.,0.,0.,-1.,0.,0.,0.,1.,0.,       759P   2229
0.,1.;                                                               759P   2230
102,8,745,747,749,751,753,755,757,759;                               761P   2231
126,6,3,0,1,0,1,3.14159265358979,3.14159265358979,                   763P   2232
3.14159265358979,3.14159265358979,6.28318530717959,                  763P   2233
6.28318530717959,6.28318530717959,9.42477796076938,                  763P   2234
9.42477796076938,9.42477796076938,9.42477796076938,1.,               763P   2235
0.33333333333333,0.33333333333333,1.,0.33333333333333,               763P   2236
0.33333333333333,1.,-61.828079732628,-25.38546522225875,0.,          763P   2237
-61.82807973262801,-35.38546522225874,0.,-71.828079732628,           763P   2238
-35.38546522225874,0.,-71.828079732628,-25.38546522225875,0.,        763P   2239
-71.828079732628,-15.38546522225875,0.,-61.82807973262801,           763P   2240
-15.38546522225875,0.,-61.828079732628,-25.38546522225875,0.,        763P   2241
3.14159265358979,9.42477796076938;                                   763P   2242
126,1,1,0,0,1,0,0.1843498085929,0.1843498085929,                     765P   2243
0.21897708609544,0.21897708609544,1.,1.,-61.828079732628,            765P   2244
-25.38546522225875,0.,-61.828079732628,-25.38546522225875,           765P   2245
34.62727750253819,0.1843498085929,0.21897708609544;                  765P   2246
126,6,3,0,1,0,1,0.,0.,0.,0.,3.14159265358979,3.14159265358979,       767P   2247
3.14159265358979,6.28318530717959,6.28318530717959,                  767P   2248
6.28318530717959,6.28318530717959,1.,0.33333333333333,               767P   2249
0.33333333333333,1.,0.33333333333333,0.33333333333333,1.,            767P   2250
-61.828079732628,-25.38546522225875,34.6272775025382,                767P   2251
-61.82807973262801,-15.38546522225875,34.6272775025382,              767P   2252
-71.828079732628,-15.38546522225875,34.6272775025382,                767P   2253
-71.828079732628,-25.38546522225875,34.6272775025382,                767P   2254
-71.828079732628,-35.38546522225874,34.6272775025382,                767P   2255
-61.82807973262801,-35.38546522225874,34.6272775025382,              767P   2256
-61.828079732628,-25.38546522225875,34.6272775025382,0.,             767P   2257
6.28318530717959;                                                    767P   2258
126,1,1,0,0,1,0,-0.21897708609544,-0.21897708609544,                 769P   2259
-0.1843498085929,-0.1843498085929,1.,1.,-61.828079732628,            769P   2260
-25.38546522225875,34.62727750253819,-61.828079732628,               769P   2261
-25.38546522225875,0.,-0.21897708609544,-0.1843498085929;            769P   2262
102,4,763,765,767,769;                                               771P   2263
142,1,743,761,771,2;                                                 773P   2264
144,743,1,0,773;                                                     775P   2265
314,68.9706027507782,0.,69.9999988079071,10HMixedColor;              777P   2266
128,6,1,3,1,1,0,0,1,0,-1.,-1.,-1.,-1.,-0.5,-0.5,-0.5,0.,0.,0.,       779P   2267
0.,0.,0.,1.,1.,1.,0.33333333333333,0.33333333333333,1.,              779P   2268
0.33333333333333,0.33333333333333,1.,1.,0.33333333333333,            779P   2269
0.33333333333333,1.,0.33333333333333,0.33333333333333,1.,            779P   2270
67.82609181293141,-34.20315464585675,0.,67.82609181293141,           779P   2271
-44.20315464585675,0.,57.82609181293141,-44.20315464585675,0.,       779P   2272
57.82609181293141,-34.20315464585675,0.,57.82609181293141,           779P   2273
-24.20315464585675,0.,67.82609181293141,-24.20315464585675,0.,       779P   2274
67.82609181293141,-34.20315464585675,0.,67.82609181293141,           779P   2275
-34.20315464585675,34.62727750253819,67.82609181293141,              779P   2276
-44.20315464585675,34.62727750253819,57.82609181293141,              779P   2277
-44.20315464585675,34.62727750253819,57.82609181293141,              779P   2278
-34.20315464585675,34.62727750253819,57.82609181293141,              779P   2279
-24.20315464585675,34.62727750253819,67.82609181293141,              779P   2280
-24.20315464585675,34.62727750253819,67.82609181293141,              779P   2281
-34.20315464585675,34.62727750253819,-1.,0.,0.,1.;                   779P   2282
126,1,1,1,0,1,0,3.14159265358979,3.14159265358979,                   781P   2283
9.42477796076938,9.42477796076938,1.,1.,-1.,0.,0.,0.,0.,0.,          781P   2284
3.14159265358979,9.42477796076938,0.,0.,1.;                          781P   2285
126,1,1,1,0,1,0,0.,0.,1.,1.,1.,1.,0.,0.,0.,-1.,0.21897708609544,     783P   2286
0.,0.,1.,0.,0.,1.;                                                   783P   2287
126,1,1,1,0,1,0,0.1843498085929,0.1843498085929,                     785P   2288
0.21897708609544,0.21897708609544,1.,1.,-1.,0.21897708609544,0.,     785P   2289
-1.,0.1843498085929,0.,0.1843498085929,0.21897708609544,0.,0.,       785P   2290
1.;                                                                  785P   2291
126,1,1,1,0,1,0,0.,0.,1.,1.,1.,1.,-1.,0.1843498085929,0.,0.,1.,      787P   2292
0.,0.,1.,0.,0.,1.;                                                   787P   2293
126,1,1,1,0,1,0,0.,0.,6.28318530717959,6.28318530717959,1.,1.,       789P   2294
0.,1.,0.,-1.,1.,0.,0.,6.28318530717959,0.,0.,1.;                     789P   2295
126,1,1,1,0,1,0,0.,0.,1.,1.,1.,1.,-1.,1.,0.,0.,1.,0.,0.,1.,0.,       791P   2296
0.,1.;                                                               791P   2297
126,1,1,1,0,1,0,-0.21897708609544,-0.21897708609544,                 793P   2298
-0.1843498085929,-0.1843498085929,1.,1.,0.,1.,0.,0.,0.,0.,           793P   2299
-0.21897708609544,-0.1843498085929,0.,0.,1.;                         793P   2300
126,1,1,1,0,1,0,0.,0.,1.,1.,1.,1.,0.,0.,0.,-1.,0.,0.,0.,1.,0.,       795P   2301
0.,1.;                                                               795P   2302
102,8,781,783,785,787,789,791,793,795;                               797P   2303
126,6,3,0,1,0,1,3.14159265358979,3.14159265358979,                   799P   2304
3.14159265358979,3.14159265358979,6.28318530717959,                  799P   2305
6.28318530717959,6.28318530717959,9.42477796076938,                  799P   2306
9.42477796076938,9.42477796076938,9.42477796076938,1.,               799P   2307
0.33333333333333,0.33333333333333,1.,0.33333333333333,               799P   2308
0.33333333333333,1.,67.82609181293141,-34.20315464585675,0.,         799P   2309
67.82609181293141,-44.20315464585675,0.,57.82609181293141,           799P   2310
-44.20315464585675,0.,57.82609181293141,-34.20315464585675,0.,       799P   2311
57.82609181293141,-24.20315464585675,0.,67.82609181293141,           799P   2312
-24.20315464585675,0.,67.82609181293141,-34.20315464585675,0.,       799P   2313
3.14159265358979,9.42477796076938;                                   799P   2314
126,1,1,0,0,1,0,0.1843498085929,0.1843498085929,                     801P   2315
0.21897708609544,0.21897708609544,1.,1.,67.82609181293141,           801P   2316
-34.20315464585675,0.,67.82609181293141,-34.20315464585675,          801P   2317
34.62727750253819,0.1843498085929,0.21897708609544;                  801P   2318
126,6,3,0,1,0,1,0.,0.,0.,0.,3.14159265358979,3.14159265358979,       803P   2319
3.14159265358979,6.28318530717959,6.28318530717959,                  803P   2320
6.28318530717959,6.28318530717959,1.,0.33333333333333,               803P   2321
0.33333333333333,1.,0.33333333333333,0.33333333333333,1.,            803P   2322
67.82609181293141,-34.20315464585675,34.6272775025382,               803P   2323
67.82609181293141,-24.20315464585675,34.6272775025382,               803P   2324
57.82609181293141,-24.20315464585675,34.6272775025382,               803P   2325
57.82609181293141,-34.20315464585675,34.6272775025382,               803P   2326
57.82609181293141,-44.20315464585675,34.6272775025382,               803P   2327
67.82609181293141,-44.20315464585675,34.6272775025382,               803P   2328
67.82609181293141,-34.20315464585675,34.6272775025382,0.,            803P   2329
6.28318530717959;                                                    803P   2330
126,1,1,0,0,1,0,-0.21897708609544,-0.21897708609544,                 805P   2331
-0.1843498085929,-0.1843498085929,1.,1.,67.82609181293141,           805P   2332
-34.20315464585675,34.62727750253819,67.82609181293141,              805P   2333
-34.20315464585675,0.,-0.21897708609544,-0.1843498085929;            805P   2334
102,4,799,801,803,805;                                               807P   2335
142,1,779,797,807,2;                                                 809P   2336
144,779,1,0,809;                                                     811P   2337
314,68.9706027507782,0.,69.9999988079071,10HMixedColor;              813P   2338
128,1,1,1,1,0,0,1,0,0,-1.,-1.,0.,0.,0.,0.,1.,1.,1.,1.,1.,1.,         815P   2339
-33.9527178490486,-41.31247097881645,34.62727750253821,              815P   2340
-33.9527178490486,-41.31247097881645,97.8900200672928,               815P   2341
-33.9527178490486,47.2971310872775,34.62727750253821,                815P   2342
-33.9527178490486,47.2971310872775,97.8900200672928,-1.,0.,0.,       815P   2343
1.;                                                                  815P   2344
126,1,1,1,0,1,0,0.,0.,0.08860960206609,0.08860960206609,1.,1.,       817P   2345
-1.,1.,0.,-1.,0.,0.,0.,0.08860960206609,0.,0.,1.;                    817P   2346
126,1,1,1,0,1,0,-0.06326274256475,-0.06326274256475,0.,0.,1.,1.,     819P   2347
-1.,0.,0.,0.,0.,0.,-0.06326274256475,0.,0.,0.,1.;                    819P   2348
126,1,1,1,0,1,0,-0.08860960206609,-0.08860960206609,0.,0.,1.,1.,     821P   2349
0.,0.,0.,0.,1.,0.,-0.08860960206609,0.,0.,0.,1.;                     821P   2350
126,1,1,1,0,1,0,0.,0.,0.06326274256475,0.06326274256475,1.,1.,       823P   2351
0.,1.,0.,-1.,1.,0.,0.,0.06326274256475,0.,0.,1.;                     823P   2352
102,4,817,819,821,823;                                               825P   2353
126,1,1,0,0,1,0,0.,0.,0.08860960206609,0.08860960206609,1.,1.,       827P   2354
-33.9527178490486,47.2971310872775,34.6272775025382,                 827P   2355
-33.9527178490486,-41.31247097881645,34.6272775025382,0.,            827P   2356
0.08860960206609;                                                    827P   2357
126,1,1,0,0,1,0,-0.06326274256475,-0.06326274256475,0.,0.,1.,1.,     829P   2358
-33.9527178490486,-41.31247097881646,34.62727750253821,              829P   2359
-33.9527178490486,-41.31247097881646,97.8900200672928,               829P   2360
-0.06326274256475,0.;                                                829P   2361
126,1,1,0,0,1,0,-0.08860960206609,-0.08860960206609,0.,0.,1.,1.,     831P   2362
-33.9527178490486,-41.31247097881645,97.8900200672928,               831P   2363
-33.9527178490486,47.2971310872775,97.8900200672928,                 831P   2364
-0.08860960206609,0.;                                                831P   2365
126,1,1,0,0,1,0,0.,0.,0.06326274256475,0.06326274256475,1.,1.,       833P   2366
-33.9527178490486,47.2971310872775,97.8900200672928,                 833P   2367
-33.9527178490486,47.2971310872775,34.62727750253821,0.,             833P   2368
0.06326274256475;                                                    833P   2369
102,4,827,829,831,833;                                               835P   2370
142,1,815,825,835,2;                                                 837P   2371
144,815,1,0,837;                                                     839P   2372
314,68.9706027507782,0.,69.9999988079071,10HMixedColor;              841P   2373
128,1,1,1,1,0,0,1,0,0,-1.,-1.,0.,0.,0.,0.,1.,1.,1.,1.,1.,1.,         843P   2374
-33.9527178490486,-41.31247097881646,97.8900200672928,               843P   2375
-33.9527178490486,-41.31247097881646,34.62727750253821,              843P   2376
-1.34003892852924,-41.31247097881646,97.8900200672928,               843P   2377
-1.34003892852924,-41.31247097881646,34.62727750253821,-1.,0.,       843P   2378
0.,1.;                                                               843P   2379
126,1,1,1,0,1,0,0.,0.,0.03261267892052,0.03261267892052,1.,1.,       845P   2380
0.,0.,0.,0.,1.,0.,0.,0.03261267892052,0.,0.,1.;                      845P   2381
126,1,1,1,0,1,0,-0.06326274256475,-0.06326274256475,0.,0.,1.,1.,     847P   2382
0.,1.,0.,-1.,1.,0.,-0.06326274256475,0.,0.,0.,1.;                    847P   2383
126,1,1,1,0,1,0,-0.03261267892052,-0.03261267892052,0.,0.,1.,1.,     849P   2384
-1.,1.,0.,-1.,0.,0.,-0.03261267892052,0.,0.,0.,1.;                   849P   2385
126,1,1,1,0,1,0,0.,0.,0.06326274256475,0.06326274256475,1.,1.,       851P   2386
-1.,0.,0.,0.,0.,0.,0.,0.06326274256475,0.,0.,1.;                     851P   2387
102,4,845,847,849,851;                                               853P   2388
126,1,1,0,0,1,0,0.,0.,0.03261267892052,0.03261267892052,1.,1.,       855P   2389
-33.9527178490486,-41.31247097881646,34.6272775025382,               855P   2390
-1.34003892852924,-41.31247097881646,34.6272775025382,0.,            855P   2391
0.03261267892052;                                                    855P   2392
126,1,1,0,0,1,0,-0.06326274256475,-0.06326274256475,0.,0.,1.,1.,     857P   2393
-1.34003892852924,-41.31247097881646,34.62727750253821,              857P   2394
-1.34003892852924,-41.31247097881646,97.8900200672928,               857P   2395
-0.06326274256475,0.;                                                857P   2396
126,1,1,0,0,1,0,-0.03261267892052,-0.03261267892052,0.,0.,1.,1.,     859P   2397
-1.34003892852924,-41.31247097881646,97.8900200672928,               859P   2398
-33.9527178490486,-41.31247097881646,97.8900200672928,               859P   2399
-0.03261267892052,0.;                                                859P   2400
126,1,1,0,0,1,0,0.,0.,0.06326274256475,0.06326274256475,1.,1.,       861P   2401
-33.9527178490486,-41.31247097881646,97.8900200672928,               861P   2402
-33.9527178490486,-41.31247097881646,34.62727750253821,0.,           861P   2403
0.06326274256475;                                                    861P   2404
102,4,855,857,859,861;                                               863P   2405
142,1,843,853,863,2;                                                 865P   2406
144,843,1,0,865;                                                     867P   2407
314,68.9706027507782,0.,69.9999988079071,10HMixedColor;              869P   2408
128,1,1,1,1,0,0,1,0,0,-1.,-1.,0.,0.,0.,0.,1.,1.,1.,1.,1.,1.,         871P   2409
-1.34003892852924,-41.31247097881646,97.8900200672928,               871P   2410
-1.34003892852924,-41.31247097881646,34.62727750253821,              871P   2411
-1.34003892852924,47.29713108727749,97.8900200672928,                871P   2412
-1.34003892852924,47.29713108727749,34.62727750253821,-1.,0.,0.,     871P   2413
1.;                                                                  871P   2414
126,1,1,1,0,1,0,0.,0.,0.08860960206609,0.08860960206609,1.,1.,       873P   2415
0.,0.,0.,0.,1.,0.,0.,0.08860960206609,0.,0.,1.;                      873P   2416
126,1,1,1,0,1,0,-0.06326274256475,-0.06326274256475,0.,0.,1.,1.,     875P   2417
0.,1.,0.,-1.,1.,0.,-0.06326274256475,0.,0.,0.,1.;                    875P   2418
126,1,1,1,0,1,0,-0.08860960206609,-0.08860960206609,0.,0.,1.,1.,     877P   2419
-1.,1.,0.,-1.,0.,0.,-0.08860960206609,0.,0.,0.,1.;                   877P   2420
126,1,1,1,0,1,0,0.,0.,0.06326274256475,0.06326274256475,1.,1.,       879P   2421
-1.,0.,0.,0.,0.,0.,0.,0.06326274256475,0.,0.,1.;                     879P   2422
102,4,873,875,877,879;                                               881P   2423
126,1,1,0,0,1,0,0.,0.,0.08860960206609,0.08860960206609,1.,1.,       883P   2424
-1.34003892852924,-41.31247097881646,34.6272775025382,               883P   2425
-1.34003892852924,47.29713108727749,34.6272775025382,0.,             883P   2426
0.08860960206609;                                                    883P   2427
126,1,1,0,0,1,0,-0.06326274256475,-0.06326274256475,0.,0.,1.,1.,     885P   2428
-1.34003892852924,47.2971310872775,34.62727750253821,                885P   2429
-1.34003892852924,47.2971310872775,97.8900200672928,                 885P   2430
-0.06326274256475,0.;                                                885P   2431
126,1,1,0,0,1,0,-0.08860960206609,-0.08860960206609,0.,0.,1.,1.,     887P   2432
-1.34003892852924,47.29713108727749,97.8900200672928,                887P   2433
-1.34003892852924,-41.31247097881646,97.8900200672928,               887P   2434
-0.08860960206609,0.;                                                887P   2435
126,1,1,0,0,1,0,0.,0.,0.06326274256475,0.06326274256475,1.,1.,       889P   2436
-1.34003892852924,-41.31247097881646,97.8900200672928,               889P   2437
-1.34003892852924,-41.31247097881646,34.62727750253821,0.,           889P   2438
0.06326274256475;                                                    889P   2439
102,4,883,885,887,889;                                               891P   2440
142,1,871,881,891,2;                                                 893P   2441
144,871,1,0,893;                                                     895P   2442
314,68.9706027507782,0.,69.9999988079071,10HMixedColor;              897P   2443
128,1,1,1,1,0,0,1,0,0,-1.,-1.,0.,0.,0.,0.,1.,1.,1.,1.,1.,1.,         899P   2444
-33.9527178490486,47.2971310872775,34.62727750253821,                899P   2445
-33.9527178490486,47.2971310872775,97.8900200672928,                 899P   2446
-1.34003892852924,47.2971310872775,34.62727750253821,                899P   2447
-1.34003892852924,47.2971310872775,97.8900200672928,-1.,0.,0.,       899P   2448
1.;                                                                  899P   2449
126,1,1,1,0,1,0,0.,0.,0.03261267892052,0.03261267892052,1.,1.,       901P   2450
-1.,1.,0.,-1.,0.,0.,0.,0.03261267892052,0.,0.,1.;                    901P   2451
126,1,1,1,0,1,0,-0.06326274256475,-0.06326274256475,0.,0.,1.,1.,     903P   2452
-1.,0.,0.,0.,0.,0.,-0.06326274256475,0.,0.,0.,1.;                    903P   2453
126,1,1,1,0,1,0,-0.03261267892052,-0.03261267892052,0.,0.,1.,1.,     905P   2454
0.,0.,0.,0.,1.,0.,-0.03261267892052,0.,0.,0.,1.;                     905P   2455
126,1,1,1,0,1,0,0.,0.,0.06326274256475,0.06326274256475,1.,1.,       907P   2456
0.,1.,0.,-1.,1.,0.,0.,0.06326274256475,0.,0.,1.;                     907P   2457
102,4,901,903,905,907;                                               909P   2458
126,1,1,0,0,1,0,0.,0.,0.03261267892052,0.03261267892052,1.,1.,       911P   2459
-1.34003892852924,47.2971310872775,34.6272775025382,                 911P   2460
-33.9527178490486,47.2971310872775,34.6272775025382,0.,              911P   2461
0.03261267892052;                                                    911P   2462
126,1,1,0,0,1,0,-0.06326274256475,-0.06326274256475,0.,0.,1.,1.,     913P   2463
-33.9527178490486,47.2971310872775,34.62727750253821,                913P   2464
-33.9527178490486,47.2971310872775,97.8900200672928,                 913P   2465
-0.06326274256475,0.;                                                913P   2466
126,1,1,0,0,1,0,-0.03261267892052,-0.03261267892052,0.,0.,1.,1.,     915P   2467
-33.9527178490486,47.2971310872775,97.8900200672928,                 915P   2468
-1.34003892852924,47.2971310872775,97.8900200672928,                 915P   2469
-0.03261267892052,0.;                                                915P   2470
126,1,1,0,0,1,0,0.,0.,0.06326274256475,0.06326274256475,1.,1.,       917P   2471
-1.34003892852924,47.2971310872775,97.8900200672928,                 917P   2472
-1.34003892852924,47.2971310872775,34.62727750253821,0.,             917P   2473
0.06326274256475;                                                    917P   2474
102,4,911,913,915,917;                                               919P   2475
142,1,899,909,919,2;                                                 921P   2476
144,899,1,0,921;                                                     923P   2477
314,68.9706027507782,0.,69.9999988079071,10HMixedColor;              925P   2478
128,1,1,1,1,0,0,1,0,0,0.,0.,1.,1.,0.,0.,1.,1.,1.,1.,1.,1.,           927P   2479
-33.9527178490486,-41.31247097881646,97.8900200672928,               927P   2480
-1.34003892852924,-41.31247097881646,97.8900200672928,               927P   2481
-33.9527178490486,47.29713108727749,97.8900200672928,                927P   2482
-1.34003892852924,47.29713108727749,97.8900200672928,0.,1.,0.,       927P   2483
1.;                                                                  927P   2484
126,1,1,1,0,1,0,0.,0.,0.08860960206609,0.08860960206609,1.,1.,       929P   2485
0.,1.,0.,0.,0.,0.,0.,0.08860960206609,0.,0.,1.;                      929P   2486
126,1,1,1,0,1,0,0.,0.,0.03261267892052,0.03261267892052,1.,1.,       931P   2487
0.,0.,0.,1.,0.,0.,0.,0.03261267892052,0.,0.,1.;                      931P   2488
126,1,1,1,0,1,0,0.,0.,0.08860960206609,0.08860960206609,1.,1.,       933P   2489
1.,0.,0.,1.,1.,0.,0.,0.08860960206609,0.,0.,1.;                      933P   2490
126,1,1,1,0,1,0,0.,0.,0.03261267892052,0.03261267892052,1.,1.,       935P   2491
1.,1.,0.,0.,1.,0.,0.,0.03261267892052,0.,0.,1.;                      935P   2492
102,4,929,931,933,935;                                               937P   2493
126,1,1,0,0,1,0,0.,0.,0.08860960206609,0.08860960206609,1.,1.,       939P   2494
-33.9527178490486,47.2971310872775,97.8900200672928,                 939P   2495
-33.9527178490486,-41.31247097881645,97.8900200672928,0.,            939P   2496
0.08860960206609;                                                    939P   2497
126,1,1,0,0,1,0,0.,0.,0.03261267892052,0.03261267892052,1.,1.,       941P   2498
-33.9527178490486,-41.31247097881646,97.8900200672928,               941P   2499
-1.34003892852924,-41.31247097881646,97.8900200672928,0.,            941P   2500
0.03261267892052;                                                    941P   2501
126,1,1,0,0,1,0,0.,0.,0.08860960206609,0.08860960206609,1.,1.,       943P   2502
-1.34003892852924,-41.31247097881646,97.8900200672928,               943P   2503
-1.34003892852924,47.29713108727749,97.8900200672928,0.,             943P   2504
0.08860960206609;                                                    943P   2505
126,1,1,0,0,1,0,0.,0.,0.03261267892052,0.03261267892052,1.,1.,       945P   2506
-1.34003892852924,47.2971310872775,97.8900200672928,                 945P   2507
-33.9527178490486,47.2971310872775,97.8900200672928,0.,              945P   2508
0.03261267892052;                                                    945P   2509
102,4,939,941,943,945;                                               947P   2510
142,1,927,937,947,2;                                                 949P   2511
144,927,1,0,949;                                                     951P   2512
308,0,7HDEFAULT,15,487,515,543,571,599,667,703,739,775,811,839,      953P   2513
867,895,923,951;                                                     953P   2514
408,953,0.,0.,0.,1.;                                                 955P   2515
308,1,7HDEFAULT,2,395,955;                                           957P   2516
408,957,0.,0.,0.,1.;                                                 959P   2517
S      1G      4D    960P   2517                                        T      1
